As At,Year,Month number,Offence category,Offence type ,Alcohol involvement,DV involvement,Reporting Region,Statistical Area 2,Number of offences
4/08/2026,2023,12,01 Homicide,0132 Driving causing death,-,-,Darwin,,1
4/08/2026,2023,12,02 Assault,021 Serious Assault,No,No,Darwin,,46
4/08/2026,2023,12,02 Assault,021 Serious Assault,No,No,Palmerston,,16
4/08/2026,2023,12,02 Assault,021 Serious Assault,No,No,Alice Springs,,28
4/08/2026,2023,12,02 Assault,021 Serious Assault,No,No,Katherine,,14
4/08/2026,2023,12,02 Assault,021 Serious Assault,No,No,Tennant Creek,,5
4/08/2026,2023,12,02 Assault,021 Serious Assault,No,No,Nhulunbuy,,2
4/08/2026,2023,12,02 Assault,021 Serious Assault,No,No,NT Balance,East Arnhem,5
4/08/2026,2023,12,02 Assault,021 Serious Assault,No,No,NT Balance,Elsey,1
4/08/2026,2023,12,02 Assault,021 Serious Assault,No,No,NT Balance,Gulf,7
4/08/2026,2023,12,02 Assault,021 Serious Assault,No,No,NT Balance,Howard Springs,3
4/08/2026,2023,12,02 Assault,021 Serious Assault,No,No,NT Balance,Humpty Doo,2
4/08/2026,2023,12,02 Assault,021 Serious Assault,No,No,NT Balance,Petermann - Simpson,1
4/08/2026,2023,12,02 Assault,021 Serious Assault,No,No,NT Balance,Tanami,1
4/08/2026,2023,12,02 Assault,021 Serious Assault,No,No,NT Balance,Thamarrurr,4
4/08/2026,2023,12,02 Assault,021 Serious Assault,No,No,NT Balance,Tiwi Islands,2
4/08/2026,2023,12,02 Assault,021 Serious Assault,No,No,NT Balance,Virginia,1
4/08/2026,2023,12,02 Assault,021 Serious Assault,No,No,NT Balance,Unknown ,1
4/08/2026,2023,12,02 Assault,021 Serious Assault,No,Yes,Darwin,,23
4/08/2026,2023,12,02 Assault,021 Serious Assault,No,Yes,Palmerston,,12
4/08/2026,2023,12,02 Assault,021 Serious Assault,No,Yes,Alice Springs,,60
4/08/2026,2023,12,02 Assault,021 Serious Assault,No,Yes,Katherine,,22
4/08/2026,2023,12,02 Assault,021 Serious Assault,No,Yes,Tennant Creek,,4
4/08/2026,2023,12,02 Assault,021 Serious Assault,No,Yes,NT Balance,Alligator,1
4/08/2026,2023,12,02 Assault,021 Serious Assault,No,Yes,NT Balance,Anindilyakwa,1
4/08/2026,2023,12,02 Assault,021 Serious Assault,No,Yes,NT Balance,Barkly,2
4/08/2026,2023,12,02 Assault,021 Serious Assault,No,Yes,NT Balance,Daly,1
4/08/2026,2023,12,02 Assault,021 Serious Assault,No,Yes,NT Balance,East Arnhem,17
4/08/2026,2023,12,02 Assault,021 Serious Assault,No,Yes,NT Balance,Elsey,1
4/08/2026,2023,12,02 Assault,021 Serious Assault,No,Yes,NT Balance,Gulf,9
4/08/2026,2023,12,02 Assault,021 Serious Assault,No,Yes,NT Balance,Petermann - Simpson,2
4/08/2026,2023,12,02 Assault,021 Serious Assault,No,Yes,NT Balance,Sandover - Plenty,3
4/08/2026,2023,12,02 Assault,021 Serious Assault,No,Yes,NT Balance,Tanami,11
4/08/2026,2023,12,02 Assault,021 Serious Assault,No,Yes,NT Balance,Thamarrurr,10
4/08/2026,2023,12,02 Assault,021 Serious Assault,No,Yes,NT Balance,Tiwi Islands,3
4/08/2026,2023,12,02 Assault,021 Serious Assault,No,Yes,NT Balance,Victoria River,8
4/08/2026,2023,12,02 Assault,021 Serious Assault,No,Yes,NT Balance,Weddell,2
4/08/2026,2023,12,02 Assault,021 Serious Assault,No,Yes,NT Balance,West Arnhem,13
4/08/2026,2023,12,02 Assault,021 Serious Assault,No,Yes,NT Balance,Yuendumu - Anmatjere,13
4/08/2026,2023,12,02 Assault,021 Serious Assault,No,Yes,NT Balance,Unknown ,2
4/08/2026,2023,12,02 Assault,021 Serious Assault,Yes,No,Darwin,,47
4/08/2026,2023,12,02 Assault,021 Serious Assault,Yes,No,Palmerston,,7
4/08/2026,2023,12,02 Assault,021 Serious Assault,Yes,No,Alice Springs,,19
4/08/2026,2023,12,02 Assault,021 Serious Assault,Yes,No,Katherine,,10
4/08/2026,2023,12,02 Assault,021 Serious Assault,Yes,No,Tennant Creek,,7
4/08/2026,2023,12,02 Assault,021 Serious Assault,Yes,No,Nhulunbuy,,1
4/08/2026,2023,12,02 Assault,021 Serious Assault,Yes,No,NT Balance,Daly,1
4/08/2026,2023,12,02 Assault,021 Serious Assault,Yes,No,NT Balance,East Arnhem,1
4/08/2026,2023,12,02 Assault,021 Serious Assault,Yes,No,NT Balance,Petermann - Simpson,1
4/08/2026,2023,12,02 Assault,021 Serious Assault,Yes,No,NT Balance,Sandover - Plenty,1
4/08/2026,2023,12,02 Assault,021 Serious Assault,Yes,No,NT Balance,Thamarrurr,2
4/08/2026,2023,12,02 Assault,021 Serious Assault,Yes,No,NT Balance,Victoria River,3
4/08/2026,2023,12,02 Assault,021 Serious Assault,Yes,No,NT Balance,Unknown ,1
4/08/2026,2023,12,02 Assault,021 Serious Assault,Yes,Yes,Darwin,,44
4/08/2026,2023,12,02 Assault,021 Serious Assault,Yes,Yes,Palmerston,,30
4/08/2026,2023,12,02 Assault,021 Serious Assault,Yes,Yes,Alice Springs,,45
4/08/2026,2023,12,02 Assault,021 Serious Assault,Yes,Yes,Katherine,,29
4/08/2026,2023,12,02 Assault,021 Serious Assault,Yes,Yes,Tennant Creek,,15
4/08/2026,2023,12,02 Assault,021 Serious Assault,Yes,Yes,Nhulunbuy,,2
4/08/2026,2023,12,02 Assault,021 Serious Assault,Yes,Yes,NT Balance,Alligator,4
4/08/2026,2023,12,02 Assault,021 Serious Assault,Yes,Yes,NT Balance,Anindilyakwa,2
4/08/2026,2023,12,02 Assault,021 Serious Assault,Yes,Yes,NT Balance,Barkly,1
4/08/2026,2023,12,02 Assault,021 Serious Assault,Yes,Yes,NT Balance,Daly,2
4/08/2026,2023,12,02 Assault,021 Serious Assault,Yes,Yes,NT Balance,East Arnhem,4
4/08/2026,2023,12,02 Assault,021 Serious Assault,Yes,Yes,NT Balance,Elsey,9
4/08/2026,2023,12,02 Assault,021 Serious Assault,Yes,Yes,NT Balance,Gulf,9
4/08/2026,2023,12,02 Assault,021 Serious Assault,Yes,Yes,NT Balance,Humpty Doo,2
4/08/2026,2023,12,02 Assault,021 Serious Assault,Yes,Yes,NT Balance,Petermann - Simpson,4
4/08/2026,2023,12,02 Assault,021 Serious Assault,Yes,Yes,NT Balance,Sandover - Plenty,3
4/08/2026,2023,12,02 Assault,021 Serious Assault,Yes,Yes,NT Balance,Tanami,6
4/08/2026,2023,12,02 Assault,021 Serious Assault,Yes,Yes,NT Balance,Thamarrurr,9
4/08/2026,2023,12,02 Assault,021 Serious Assault,Yes,Yes,NT Balance,Tiwi Islands,5
4/08/2026,2023,12,02 Assault,021 Serious Assault,Yes,Yes,NT Balance,Victoria River,2
4/08/2026,2023,12,02 Assault,021 Serious Assault,Yes,Yes,NT Balance,Weddell,2
4/08/2026,2023,12,02 Assault,021 Serious Assault,Yes,Yes,NT Balance,West Arnhem,9
4/08/2026,2023,12,02 Assault,021 Serious Assault,Yes,Yes,NT Balance,Yuendumu - Anmatjere,1
4/08/2026,2023,12,02 Assault,021 Serious Assault,Yes,Yes,NT Balance,Unknown ,7
4/08/2026,2023,12,02 Assault,022 Assault of a prescribed officer,No,No,Darwin,,1
4/08/2026,2023,12,02 Assault,022 Assault of a prescribed officer,No,No,Palmerston,,1
4/08/2026,2023,12,02 Assault,022 Assault of a prescribed officer,No,No,Alice Springs,,2
4/08/2026,2023,12,02 Assault,022 Assault of a prescribed officer,No,No,NT Balance,Virginia,1
4/08/2026,2023,12,02 Assault,022 Assault of a prescribed officer,No,Yes,Darwin,,1
4/08/2026,2023,12,02 Assault,022 Assault of a prescribed officer,No,Yes,Alice Springs,,1
4/08/2026,2023,12,02 Assault,022 Assault of a prescribed officer,No,Yes,NT Balance,Gulf,1
4/08/2026,2023,12,02 Assault,022 Assault of a prescribed officer,No,Yes,NT Balance,Tanami,1
4/08/2026,2023,12,02 Assault,022 Assault of a prescribed officer,Yes,No,Darwin,,4
4/08/2026,2023,12,02 Assault,022 Assault of a prescribed officer,Yes,No,Alice Springs,,4
4/08/2026,2023,12,02 Assault,022 Assault of a prescribed officer,Yes,No,Katherine,,1
4/08/2026,2023,12,02 Assault,022 Assault of a prescribed officer,Yes,No,NT Balance,Daly,1
4/08/2026,2023,12,02 Assault,022 Assault of a prescribed officer,Yes,Yes,Darwin,,1
4/08/2026,2023,12,02 Assault,022 Assault of a prescribed officer,Yes,Yes,Alice Springs,,2
4/08/2026,2023,12,02 Assault,022 Assault of a prescribed officer,Yes,Yes,Tennant Creek,,2
4/08/2026,2023,12,02 Assault,023 Common Assault,No,No,Darwin,,25
4/08/2026,2023,12,02 Assault,023 Common Assault,No,No,Palmerston,,8
4/08/2026,2023,12,02 Assault,023 Common Assault,No,No,Alice Springs,,14
4/08/2026,2023,12,02 Assault,023 Common Assault,No,No,Katherine,,5
4/08/2026,2023,12,02 Assault,023 Common Assault,No,No,Tennant Creek,,1
4/08/2026,2023,12,02 Assault,023 Common Assault,No,No,Nhulunbuy,,1
4/08/2026,2023,12,02 Assault,023 Common Assault,No,No,NT Balance,Barkly,1
4/08/2026,2023,12,02 Assault,023 Common Assault,No,No,NT Balance,East Arnhem,5
4/08/2026,2023,12,02 Assault,023 Common Assault,No,No,NT Balance,Elsey,1
4/08/2026,2023,12,02 Assault,023 Common Assault,No,No,NT Balance,Howard Springs,6
4/08/2026,2023,12,02 Assault,023 Common Assault,No,No,NT Balance,Petermann - Simpson,2
4/08/2026,2023,12,02 Assault,023 Common Assault,No,No,NT Balance,Sandover - Plenty,1
4/08/2026,2023,12,02 Assault,023 Common Assault,No,No,NT Balance,Thamarrurr,3
4/08/2026,2023,12,02 Assault,023 Common Assault,No,No,NT Balance,Tiwi Islands,1
4/08/2026,2023,12,02 Assault,023 Common Assault,No,No,NT Balance,Yuendumu - Anmatjere,2
4/08/2026,2023,12,02 Assault,023 Common Assault,No,No,NT Balance,Unknown ,3
4/08/2026,2023,12,02 Assault,023 Common Assault,No,Yes,Darwin,,1
4/08/2026,2023,12,02 Assault,023 Common Assault,No,Yes,Palmerston,,7
4/08/2026,2023,12,02 Assault,023 Common Assault,No,Yes,Alice Springs,,8
4/08/2026,2023,12,02 Assault,023 Common Assault,No,Yes,Tennant Creek,,1
4/08/2026,2023,12,02 Assault,023 Common Assault,No,Yes,NT Balance,Barkly,1
4/08/2026,2023,12,02 Assault,023 Common Assault,No,Yes,NT Balance,East Arnhem,3
4/08/2026,2023,12,02 Assault,023 Common Assault,No,Yes,NT Balance,Howard Springs,1
4/08/2026,2023,12,02 Assault,023 Common Assault,No,Yes,NT Balance,Humpty Doo,1
4/08/2026,2023,12,02 Assault,023 Common Assault,No,Yes,NT Balance,Petermann - Simpson,3
4/08/2026,2023,12,02 Assault,023 Common Assault,No,Yes,NT Balance,Tanami,1
4/08/2026,2023,12,02 Assault,023 Common Assault,No,Yes,NT Balance,Thamarrurr,4
4/08/2026,2023,12,02 Assault,023 Common Assault,No,Yes,NT Balance,Yuendumu - Anmatjere,1
4/08/2026,2023,12,02 Assault,023 Common Assault,Yes,No,Darwin,,15
4/08/2026,2023,12,02 Assault,023 Common Assault,Yes,No,Palmerston,,2
4/08/2026,2023,12,02 Assault,023 Common Assault,Yes,No,Alice Springs,,9
4/08/2026,2023,12,02 Assault,023 Common Assault,Yes,No,Katherine,,5
4/08/2026,2023,12,02 Assault,023 Common Assault,Yes,No,Tennant Creek,,3
4/08/2026,2023,12,02 Assault,023 Common Assault,Yes,No,NT Balance,Weddell,1
4/08/2026,2023,12,02 Assault,023 Common Assault,Yes,No,NT Balance,West Arnhem,1
4/08/2026,2023,12,02 Assault,023 Common Assault,Yes,Yes,Darwin,,6
4/08/2026,2023,12,02 Assault,023 Common Assault,Yes,Yes,Palmerston,,2
4/08/2026,2023,12,02 Assault,023 Common Assault,Yes,Yes,Alice Springs,,12
4/08/2026,2023,12,02 Assault,023 Common Assault,Yes,Yes,Katherine,,7
4/08/2026,2023,12,02 Assault,023 Common Assault,Yes,Yes,Tennant Creek,,1
4/08/2026,2023,12,02 Assault,023 Common Assault,Yes,Yes,NT Balance,Alligator,2
4/08/2026,2023,12,02 Assault,023 Common Assault,Yes,Yes,NT Balance,Petermann - Simpson,2
4/08/2026,2023,12,02 Assault,023 Common Assault,Yes,Yes,NT Balance,Sandover - Plenty,1
4/08/2026,2023,12,02 Assault,023 Common Assault,Yes,Yes,NT Balance,Thamarrurr,2
4/08/2026,2023,12,02 Assault,023 Common Assault,Yes,Yes,NT Balance,Tiwi Islands,1
4/08/2026,2023,12,02 Assault,023 Common Assault,Yes,Yes,NT Balance,West Arnhem,1
4/08/2026,2023,12,02 Assault,023 Common Assault,Yes,Yes,NT Balance,Unknown ,2
4/08/2026,2023,12,03 Sexual offences,031 Sexual assault of an adult,-,-,Darwin,,19
4/08/2026,2023,12,03 Sexual offences,031 Sexual assault of an adult,-,-,Palmerston,,4
4/08/2026,2023,12,03 Sexual offences,031 Sexual assault of an adult,-,-,Alice Springs,,8
4/08/2026,2023,12,03 Sexual offences,031 Sexual assault of an adult,-,-,Tennant Creek,,1
4/08/2026,2023,12,03 Sexual offences,031 Sexual assault of an adult,-,-,Nhulunbuy,,1
4/08/2026,2023,12,03 Sexual offences,031 Sexual assault of an adult,-,-,NT Balance,Alligator,1
4/08/2026,2023,12,03 Sexual offences,031 Sexual assault of an adult,-,-,NT Balance,East Arnhem,1
4/08/2026,2023,12,03 Sexual offences,031 Sexual assault of an adult,-,-,NT Balance,Gulf,1
4/08/2026,2023,12,03 Sexual offences,031 Sexual assault of an adult,-,-,NT Balance,Howard Springs,2
4/08/2026,2023,12,03 Sexual offences,031 Sexual assault of an adult,-,-,NT Balance,Tiwi Islands,1
4/08/2026,2023,12,03 Sexual offences,031 Sexual assault of an adult,-,-,NT Balance,Victoria River,2
4/08/2026,2023,12,03 Sexual offences,031 Sexual assault of an adult,-,-,NT Balance,West Arnhem,1
4/08/2026,2023,12,03 Sexual offences,031 Sexual assault of an adult,-,-,NT Balance,Unknown ,1
4/08/2026,2023,12,03 Sexual offences,032 Sexual assault of a child,-,-,Palmerston,,1
4/08/2026,2023,12,03 Sexual offences,032 Sexual assault of a child,-,-,Katherine,,1
4/08/2026,2023,12,03 Sexual offences,032 Sexual assault of a child,-,-,NT Balance,Barkly,1
4/08/2026,2023,12,03 Sexual offences,032 Sexual assault of a child,-,-,NT Balance,Tanami,1
4/08/2026,2023,12,03 Sexual offences,"033, 034 Other child-related sexual offences",-,-,Darwin,,1
4/08/2026,2023,12,03 Sexual offences,"033, 034 Other child-related sexual offences",-,-,Palmerston,,4
4/08/2026,2023,12,03 Sexual offences,"033, 034 Other child-related sexual offences",-,-,Katherine,,2
4/08/2026,2023,12,03 Sexual offences,"035, 039 Other sexual offences",-,-,Darwin,,3
4/08/2026,2023,12,03 Sexual offences,"035, 039 Other sexual offences",-,-,Palmerston,,1
4/08/2026,2023,12,03 Sexual offences,"035, 039 Other sexual offences",-,-,NT Balance,Unknown ,1
4/08/2026,2023,12,04 Harm or endanger persons,"041, 042, 043 Human trafficking, abduction, deprivation of liberty",-,-,Darwin,,1
4/08/2026,2023,12,04 Harm or endanger persons,"041, 042, 043 Human trafficking, abduction, deprivation of liberty",-,-,NT Balance,Yuendumu - Anmatjere,1
4/08/2026,2023,12,04 Harm or endanger persons,"044 Acts that threaten, harass or control",-,-,Darwin,,12
4/08/2026,2023,12,04 Harm or endanger persons,"044 Acts that threaten, harass or control",-,-,Palmerston,,5
4/08/2026,2023,12,04 Harm or endanger persons,"044 Acts that threaten, harass or control",-,-,Alice Springs,,7
4/08/2026,2023,12,04 Harm or endanger persons,"044 Acts that threaten, harass or control",-,-,Katherine,,6
4/08/2026,2023,12,04 Harm or endanger persons,"044 Acts that threaten, harass or control",-,-,Nhulunbuy,,2
4/08/2026,2023,12,04 Harm or endanger persons,"044 Acts that threaten, harass or control",-,-,NT Balance,Anindilyakwa,1
4/08/2026,2023,12,04 Harm or endanger persons,"044 Acts that threaten, harass or control",-,-,NT Balance,Barkly,2
4/08/2026,2023,12,04 Harm or endanger persons,"044 Acts that threaten, harass or control",-,-,NT Balance,Howard Springs,1
4/08/2026,2023,12,04 Harm or endanger persons,"044 Acts that threaten, harass or control",-,-,NT Balance,Humpty Doo,1
4/08/2026,2023,12,04 Harm or endanger persons,"044 Acts that threaten, harass or control",-,-,NT Balance,Petermann - Simpson,1
4/08/2026,2023,12,04 Harm or endanger persons,"044 Acts that threaten, harass or control",-,-,NT Balance,Sandover - Plenty,4
4/08/2026,2023,12,04 Harm or endanger persons,"044 Acts that threaten, harass or control",-,-,NT Balance,Tanami,1
4/08/2026,2023,12,04 Harm or endanger persons,"044 Acts that threaten, harass or control",-,-,NT Balance,Thamarrurr,3
4/08/2026,2023,12,04 Harm or endanger persons,"044 Acts that threaten, harass or control",-,-,NT Balance,Tiwi Islands,1
4/08/2026,2023,12,04 Harm or endanger persons,"044 Acts that threaten, harass or control",-,-,NT Balance,Victoria River,2
4/08/2026,2023,12,04 Harm or endanger persons,"044 Acts that threaten, harass or control",-,-,NT Balance,Yuendumu - Anmatjere,1
4/08/2026,2023,12,04 Harm or endanger persons,045 Driving causing serious injury,-,-,Alice Springs,,1
4/08/2026,2023,12,04 Harm or endanger persons,045 Driving causing serious injury,-,-,Katherine,,1
4/08/2026,2023,12,04 Harm or endanger persons,049 Other acts that harm or endanger persons,-,-,Darwin,,4
4/08/2026,2023,12,04 Harm or endanger persons,049 Other acts that harm or endanger persons,-,-,Palmerston,,2
4/08/2026,2023,12,04 Harm or endanger persons,049 Other acts that harm or endanger persons,-,-,Alice Springs,,6
4/08/2026,2023,12,04 Harm or endanger persons,049 Other acts that harm or endanger persons,-,-,Katherine,,1
4/08/2026,2023,12,04 Harm or endanger persons,049 Other acts that harm or endanger persons,-,-,NT Balance,Thamarrurr,2
4/08/2026,2023,12,04 Harm or endanger persons,049 Other acts that harm or endanger persons,-,-,NT Balance,Weddell,3
4/08/2026,2023,12,"05 Robbery, blackmail, and extortion",051 Robbery,-,-,Darwin,,16
4/08/2026,2023,12,"05 Robbery, blackmail, and extortion",051 Robbery,-,-,Palmerston,,6
4/08/2026,2023,12,"05 Robbery, blackmail, and extortion",051 Robbery,-,-,Alice Springs,,3
4/08/2026,2023,12,"05 Robbery, blackmail, and extortion",051 Robbery,-,-,Katherine,,4
4/08/2026,2023,12,"05 Robbery, blackmail, and extortion",051 Robbery,-,-,Tennant Creek,,4
4/08/2026,2023,12,"05 Robbery, blackmail, and extortion",051 Robbery,-,-,NT Balance,Anindilyakwa,1
4/08/2026,2023,12,"05 Robbery, blackmail, and extortion",051 Robbery,-,-,NT Balance,Yuendumu - Anmatjere,1
4/08/2026,2023,12,"05 Robbery, blackmail, and extortion",051 Robbery,-,-,NT Balance,Unknown ,1
4/08/2026,2023,12,"05 Robbery, blackmail, and extortion",052 Blackmail or other extortion,-,-,Nhulunbuy,,1
4/08/2026,2023,12,061 Burglary - dwelling,"061 Burglary - dwelling (house break-ins), actual",-,-,Darwin,,34
4/08/2026,2023,12,061 Burglary - dwelling,"061 Burglary - dwelling (house break-ins), actual",-,-,Palmerston,,15
4/08/2026,2023,12,061 Burglary - dwelling,"061 Burglary - dwelling (house break-ins), actual",-,-,Alice Springs,,115
4/08/2026,2023,12,061 Burglary - dwelling,"061 Burglary - dwelling (house break-ins), actual",-,-,Katherine,,19
4/08/2026,2023,12,061 Burglary - dwelling,"061 Burglary - dwelling (house break-ins), actual",-,-,Tennant Creek,,39
4/08/2026,2023,12,061 Burglary - dwelling,"061 Burglary - dwelling (house break-ins), actual",-,-,Nhulunbuy,,1
4/08/2026,2023,12,061 Burglary - dwelling,"061 Burglary - dwelling (house break-ins), actual",-,-,NT Balance,Anindilyakwa,8
4/08/2026,2023,12,061 Burglary - dwelling,"061 Burglary - dwelling (house break-ins), actual",-,-,NT Balance,Barkly,3
4/08/2026,2023,12,061 Burglary - dwelling,"061 Burglary - dwelling (house break-ins), actual",-,-,NT Balance,East Arnhem,6
4/08/2026,2023,12,061 Burglary - dwelling,"061 Burglary - dwelling (house break-ins), actual",-,-,NT Balance,Howard Springs,1
4/08/2026,2023,12,061 Burglary - dwelling,"061 Burglary - dwelling (house break-ins), actual",-,-,NT Balance,Humpty Doo,2
4/08/2026,2023,12,061 Burglary - dwelling,"061 Burglary - dwelling (house break-ins), actual",-,-,NT Balance,Tanami,1
4/08/2026,2023,12,061 Burglary - dwelling,"061 Burglary - dwelling (house break-ins), actual",-,-,NT Balance,Thamarrurr,1
4/08/2026,2023,12,061 Burglary - dwelling,"061 Burglary - dwelling (house break-ins), actual",-,-,NT Balance,Tiwi Islands,2
4/08/2026,2023,12,061 Burglary - dwelling,"061 Burglary - dwelling (house break-ins), actual",-,-,NT Balance,Victoria River,6
4/08/2026,2023,12,061 Burglary - dwelling,"061 Burglary - dwelling (house break-ins), actual",-,-,NT Balance,Weddell,3
4/08/2026,2023,12,061 Burglary - dwelling,"061 Burglary - dwelling (house break-ins), actual",-,-,NT Balance,West Arnhem,5
4/08/2026,2023,12,061 Burglary - dwelling,"061 Burglary - dwelling (house break-ins), actual",-,-,NT Balance,Yuendumu - Anmatjere,2
4/08/2026,2023,12,061 Burglary - dwelling,"061 Burglary - dwelling (house break-ins), actual",-,-,NT Balance,Unknown ,3
4/08/2026,2023,12,061 Burglary - dwelling,"061 Burglary - dweling (house break-ins), attempted",-,-,Darwin,,4
4/08/2026,2023,12,061 Burglary - dwelling,"061 Burglary - dweling (house break-ins), attempted",-,-,Palmerston,,6
4/08/2026,2023,12,061 Burglary - dwelling,"061 Burglary - dweling (house break-ins), attempted",-,-,Alice Springs,,20
4/08/2026,2023,12,061 Burglary - dwelling,"061 Burglary - dweling (house break-ins), attempted",-,-,Katherine,,2
4/08/2026,2023,12,061 Burglary - dwelling,"061 Burglary - dweling (house break-ins), attempted",-,-,Tennant Creek,,5
4/08/2026,2023,12,061 Burglary - dwelling,"061 Burglary - dweling (house break-ins), attempted",-,-,NT Balance,Anindilyakwa,2
4/08/2026,2023,12,061 Burglary - dwelling,"061 Burglary - dweling (house break-ins), attempted",-,-,NT Balance,East Arnhem,1
4/08/2026,2023,12,061 Burglary - dwelling,"061 Burglary - dweling (house break-ins), attempted",-,-,NT Balance,Tiwi Islands,1
4/08/2026,2023,12,061 Burglary - dwelling,"061 Burglary - dweling (house break-ins), attempted",-,-,NT Balance,Unknown ,3
4/08/2026,2023,12,062 Burglary - non-residential,"062 Burglary - non-residential (commercial break-ins), actual",-,-,Darwin,,22
4/08/2026,2023,12,062 Burglary - non-residential,"062 Burglary - non-residential (commercial break-ins), actual",-,-,Palmerston,,9
4/08/2026,2023,12,062 Burglary - non-residential,"062 Burglary - non-residential (commercial break-ins), actual",-,-,Alice Springs,,52
4/08/2026,2023,12,062 Burglary - non-residential,"062 Burglary - non-residential (commercial break-ins), actual",-,-,Katherine,,13
4/08/2026,2023,12,062 Burglary - non-residential,"062 Burglary - non-residential (commercial break-ins), actual",-,-,Tennant Creek,,20
4/08/2026,2023,12,062 Burglary - non-residential,"062 Burglary - non-residential (commercial break-ins), actual",-,-,Nhulunbuy,,4
4/08/2026,2023,12,062 Burglary - non-residential,"062 Burglary - non-residential (commercial break-ins), actual",-,-,NT Balance,Alligator,1
4/08/2026,2023,12,062 Burglary - non-residential,"062 Burglary - non-residential (commercial break-ins), actual",-,-,NT Balance,Barkly,1
4/08/2026,2023,12,062 Burglary - non-residential,"062 Burglary - non-residential (commercial break-ins), actual",-,-,NT Balance,Daly,4
4/08/2026,2023,12,062 Burglary - non-residential,"062 Burglary - non-residential (commercial break-ins), actual",-,-,NT Balance,East Arnhem,8
4/08/2026,2023,12,062 Burglary - non-residential,"062 Burglary - non-residential (commercial break-ins), actual",-,-,NT Balance,Gulf,5
4/08/2026,2023,12,062 Burglary - non-residential,"062 Burglary - non-residential (commercial break-ins), actual",-,-,NT Balance,Howard Springs,3
4/08/2026,2023,12,062 Burglary - non-residential,"062 Burglary - non-residential (commercial break-ins), actual",-,-,NT Balance,Petermann - Simpson,2
4/08/2026,2023,12,062 Burglary - non-residential,"062 Burglary - non-residential (commercial break-ins), actual",-,-,NT Balance,Sandover - Plenty,4
4/08/2026,2023,12,062 Burglary - non-residential,"062 Burglary - non-residential (commercial break-ins), actual",-,-,NT Balance,Tanami,3
4/08/2026,2023,12,062 Burglary - non-residential,"062 Burglary - non-residential (commercial break-ins), actual",-,-,NT Balance,Thamarrurr,2
4/08/2026,2023,12,062 Burglary - non-residential,"062 Burglary - non-residential (commercial break-ins), actual",-,-,NT Balance,Victoria River,1
4/08/2026,2023,12,062 Burglary - non-residential,"062 Burglary - non-residential (commercial break-ins), actual",-,-,NT Balance,Virginia,3
4/08/2026,2023,12,062 Burglary - non-residential,"062 Burglary - non-residential (commercial break-ins), actual",-,-,NT Balance,Weddell,4
4/08/2026,2023,12,062 Burglary - non-residential,"062 Burglary - non-residential (commercial break-ins), actual",-,-,NT Balance,West Arnhem,6
4/08/2026,2023,12,062 Burglary - non-residential,"062 Burglary - non-residential (commercial break-ins), actual",-,-,NT Balance,Yuendumu - Anmatjere,2
4/08/2026,2023,12,062 Burglary - non-residential,"062 Burglary - non-residential (commercial break-ins), actual",-,-,NT Balance,Unknown ,2
4/08/2026,2023,12,062 Burglary - non-residential,"062 Burglary - non-residential (commercial break-ins), attempted",-,-,Darwin,,4
4/08/2026,2023,12,062 Burglary - non-residential,"062 Burglary - non-residential (commercial break-ins), attempted",-,-,Palmerston,,3
4/08/2026,2023,12,062 Burglary - non-residential,"062 Burglary - non-residential (commercial break-ins), attempted",-,-,Alice Springs,,6
4/08/2026,2023,12,062 Burglary - non-residential,"062 Burglary - non-residential (commercial break-ins), attempted",-,-,Katherine,,4
4/08/2026,2023,12,062 Burglary - non-residential,"062 Burglary - non-residential (commercial break-ins), attempted",-,-,Tennant Creek,,2
4/08/2026,2023,12,062 Burglary - non-residential,"062 Burglary - non-residential (commercial break-ins), attempted",-,-,NT Balance,Gulf,1
4/08/2026,2023,12,062 Burglary - non-residential,"062 Burglary - non-residential (commercial break-ins), attempted",-,-,NT Balance,Howard Springs,1
4/08/2026,2023,12,062 Burglary - non-residential,"062 Burglary - non-residential (commercial break-ins), attempted",-,-,NT Balance,Tiwi Islands,2
4/08/2026,2023,12,062 Burglary - non-residential,"062 Burglary - non-residential (commercial break-ins), attempted",-,-,NT Balance,Victoria River,1
4/08/2026,2023,12,07 Theft,071 Motor vehicle theft and related offences,-,-,Darwin,,15
4/08/2026,2023,12,07 Theft,071 Motor vehicle theft and related offences,-,-,Palmerston,,13
4/08/2026,2023,12,07 Theft,071 Motor vehicle theft and related offences,-,-,Alice Springs,,19
4/08/2026,2023,12,07 Theft,071 Motor vehicle theft and related offences,-,-,Katherine,,2
4/08/2026,2023,12,07 Theft,071 Motor vehicle theft and related offences,-,-,Tennant Creek,,2
4/08/2026,2023,12,07 Theft,071 Motor vehicle theft and related offences,-,-,Nhulunbuy,,2
4/08/2026,2023,12,07 Theft,071 Motor vehicle theft and related offences,-,-,NT Balance,Alligator,1
4/08/2026,2023,12,07 Theft,071 Motor vehicle theft and related offences,-,-,NT Balance,Howard Springs,2
4/08/2026,2023,12,07 Theft,071 Motor vehicle theft and related offences,-,-,NT Balance,Humpty Doo,2
4/08/2026,2023,12,07 Theft,071 Motor vehicle theft and related offences,-,-,NT Balance,Sandover - Plenty,1
4/08/2026,2023,12,07 Theft,071 Motor vehicle theft and related offences,-,-,NT Balance,Thamarrurr,2
4/08/2026,2023,12,07 Theft,071 Motor vehicle theft and related offences,-,-,NT Balance,Tiwi Islands,1
4/08/2026,2023,12,07 Theft,071 Motor vehicle theft and related offences,-,-,NT Balance,Victoria River,1
4/08/2026,2023,12,07 Theft,071 Motor vehicle theft and related offences,-,-,NT Balance,Weddell,1
4/08/2026,2023,12,07 Theft,071 Motor vehicle theft and related offences,-,-,NT Balance,West Arnhem,1
4/08/2026,2023,12,07 Theft,07* Other theft,-,-,Darwin,,291
4/08/2026,2023,12,07 Theft,07* Other theft,-,-,Palmerston,,93
4/08/2026,2023,12,07 Theft,07* Other theft,-,-,Alice Springs,,153
4/08/2026,2023,12,07 Theft,07* Other theft,-,-,Katherine,,31
4/08/2026,2023,12,07 Theft,07* Other theft,-,-,Tennant Creek,,21
4/08/2026,2023,12,07 Theft,07* Other theft,-,-,Nhulunbuy,,5
4/08/2026,2023,12,07 Theft,07* Other theft,-,-,NT Balance,Alligator,10
4/08/2026,2023,12,07 Theft,07* Other theft,-,-,NT Balance,Anindilyakwa,4
4/08/2026,2023,12,07 Theft,07* Other theft,-,-,NT Balance,Barkly,2
4/08/2026,2023,12,07 Theft,07* Other theft,-,-,NT Balance,Daly,4
4/08/2026,2023,12,07 Theft,07* Other theft,-,-,NT Balance,East Arnhem,5
4/08/2026,2023,12,07 Theft,07* Other theft,-,-,NT Balance,Elsey,1
4/08/2026,2023,12,07 Theft,07* Other theft,-,-,NT Balance,Gulf,4
4/08/2026,2023,12,07 Theft,07* Other theft,-,-,NT Balance,Howard Springs,6
4/08/2026,2023,12,07 Theft,07* Other theft,-,-,NT Balance,Humpty Doo,7
4/08/2026,2023,12,07 Theft,07* Other theft,-,-,NT Balance,Petermann - Simpson,5
4/08/2026,2023,12,07 Theft,07* Other theft,-,-,NT Balance,Sandover - Plenty,1
4/08/2026,2023,12,07 Theft,07* Other theft,-,-,NT Balance,Tanami,1
4/08/2026,2023,12,07 Theft,07* Other theft,-,-,NT Balance,Thamarrurr,2
4/08/2026,2023,12,07 Theft,07* Other theft,-,-,NT Balance,Tiwi Islands,10
4/08/2026,2023,12,07 Theft,07* Other theft,-,-,NT Balance,Victoria River,1
4/08/2026,2023,12,07 Theft,07* Other theft,-,-,NT Balance,Virginia,19
4/08/2026,2023,12,07 Theft,07* Other theft,-,-,NT Balance,Weddell,7
4/08/2026,2023,12,07 Theft,07* Other theft,-,-,NT Balance,West Arnhem,2
4/08/2026,2023,12,07 Theft,07* Other theft,-,-,NT Balance,Yuendumu - Anmatjere,3
4/08/2026,2023,12,07 Theft,07* Other theft,-,-,NT Balance,Unknown ,12
4/08/2026,2023,12,11 Property damage offences,11 Property damage offences,-,-,Darwin,,171
4/08/2026,2023,12,11 Property damage offences,11 Property damage offences,-,-,Palmerston,,78
4/08/2026,2023,12,11 Property damage offences,11 Property damage offences,-,-,Alice Springs,,274
4/08/2026,2023,12,11 Property damage offences,11 Property damage offences,-,-,Katherine,,52
4/08/2026,2023,12,11 Property damage offences,11 Property damage offences,-,-,Tennant Creek,,42
4/08/2026,2023,12,11 Property damage offences,11 Property damage offences,-,-,Nhulunbuy,,6
4/08/2026,2023,12,11 Property damage offences,11 Property damage offences,-,-,NT Balance,Alligator,3
4/08/2026,2023,12,11 Property damage offences,11 Property damage offences,-,-,NT Balance,Anindilyakwa,2
4/08/2026,2023,12,11 Property damage offences,11 Property damage offences,-,-,NT Balance,Barkly,4
4/08/2026,2023,12,11 Property damage offences,11 Property damage offences,-,-,NT Balance,Daly,1
4/08/2026,2023,12,11 Property damage offences,11 Property damage offences,-,-,NT Balance,East Arnhem,14
4/08/2026,2023,12,11 Property damage offences,11 Property damage offences,-,-,NT Balance,Elsey,4
4/08/2026,2023,12,11 Property damage offences,11 Property damage offences,-,-,NT Balance,Gulf,6
4/08/2026,2023,12,11 Property damage offences,11 Property damage offences,-,-,NT Balance,Howard Springs,4
4/08/2026,2023,12,11 Property damage offences,11 Property damage offences,-,-,NT Balance,Humpty Doo,3
4/08/2026,2023,12,11 Property damage offences,11 Property damage offences,-,-,NT Balance,Petermann - Simpson,1
4/08/2026,2023,12,11 Property damage offences,11 Property damage offences,-,-,NT Balance,Sandover - Plenty,3
4/08/2026,2023,12,11 Property damage offences,11 Property damage offences,-,-,NT Balance,Tanami,1
4/08/2026,2023,12,11 Property damage offences,11 Property damage offences,-,-,NT Balance,Thamarrurr,9
4/08/2026,2023,12,11 Property damage offences,11 Property damage offences,-,-,NT Balance,Tiwi Islands,4
4/08/2026,2023,12,11 Property damage offences,11 Property damage offences,-,-,NT Balance,Victoria River,2
4/08/2026,2023,12,11 Property damage offences,11 Property damage offences,-,-,NT Balance,Virginia,2
4/08/2026,2023,12,11 Property damage offences,11 Property damage offences,-,-,NT Balance,Weddell,7
4/08/2026,2023,12,11 Property damage offences,11 Property damage offences,-,-,NT Balance,West Arnhem,12
4/08/2026,2023,12,11 Property damage offences,11 Property damage offences,-,-,NT Balance,Yuendumu - Anmatjere,1
4/08/2026,2023,12,11 Property damage offences,11 Property damage offences,-,-,NT Balance,Unknown ,4
4/08/2026,2024,1,01 Homicide,0110 Murder,-,-,Alice Springs,,1
4/08/2026,2024,1,01 Homicide,0132 Driving causing death,-,-,Darwin,,1
4/08/2026,2024,1,01 Homicide,0132 Driving causing death,-,-,Alice Springs,,2
4/08/2026,2024,1,01 Homicide,0132 Driving causing death,-,-,NT Balance,Elsey,1
4/08/2026,2024,1,01 Homicide,0132 Driving causing death,-,-,NT Balance,Humpty Doo,1
4/08/2026,2024,1,02 Assault,021 Serious Assault,No,No,Darwin,,60
4/08/2026,2024,1,02 Assault,021 Serious Assault,No,No,Palmerston,,17
4/08/2026,2024,1,02 Assault,021 Serious Assault,No,No,Alice Springs,,25
4/08/2026,2024,1,02 Assault,021 Serious Assault,No,No,Katherine,,5
4/08/2026,2024,1,02 Assault,021 Serious Assault,No,No,Nhulunbuy,,1
4/08/2026,2024,1,02 Assault,021 Serious Assault,No,No,NT Balance,Anindilyakwa,1
4/08/2026,2024,1,02 Assault,021 Serious Assault,No,No,NT Balance,Barkly,1
4/08/2026,2024,1,02 Assault,021 Serious Assault,No,No,NT Balance,East Arnhem,6
4/08/2026,2024,1,02 Assault,021 Serious Assault,No,No,NT Balance,Gulf,1
4/08/2026,2024,1,02 Assault,021 Serious Assault,No,No,NT Balance,Howard Springs,5
4/08/2026,2024,1,02 Assault,021 Serious Assault,No,No,NT Balance,Humpty Doo,1
4/08/2026,2024,1,02 Assault,021 Serious Assault,No,No,NT Balance,Sandover - Plenty,1
4/08/2026,2024,1,02 Assault,021 Serious Assault,No,No,NT Balance,Tanami,3
4/08/2026,2024,1,02 Assault,021 Serious Assault,No,No,NT Balance,Thamarrurr,7
4/08/2026,2024,1,02 Assault,021 Serious Assault,No,No,NT Balance,Tiwi Islands,3
4/08/2026,2024,1,02 Assault,021 Serious Assault,No,No,NT Balance,Victoria River,1
4/08/2026,2024,1,02 Assault,021 Serious Assault,No,No,NT Balance,Virginia,1
4/08/2026,2024,1,02 Assault,021 Serious Assault,No,No,NT Balance,Yuendumu - Anmatjere,2
4/08/2026,2024,1,02 Assault,021 Serious Assault,No,No,NT Balance,Unknown ,6
4/08/2026,2024,1,02 Assault,021 Serious Assault,No,Yes,Darwin,,43
4/08/2026,2024,1,02 Assault,021 Serious Assault,No,Yes,Palmerston,,16
4/08/2026,2024,1,02 Assault,021 Serious Assault,No,Yes,Alice Springs,,52
4/08/2026,2024,1,02 Assault,021 Serious Assault,No,Yes,Katherine,,12
4/08/2026,2024,1,02 Assault,021 Serious Assault,No,Yes,Tennant Creek,,8
4/08/2026,2024,1,02 Assault,021 Serious Assault,No,Yes,NT Balance,Anindilyakwa,5
4/08/2026,2024,1,02 Assault,021 Serious Assault,No,Yes,NT Balance,Barkly,1
4/08/2026,2024,1,02 Assault,021 Serious Assault,No,Yes,NT Balance,Daly,1
4/08/2026,2024,1,02 Assault,021 Serious Assault,No,Yes,NT Balance,East Arnhem,23
4/08/2026,2024,1,02 Assault,021 Serious Assault,No,Yes,NT Balance,Elsey,4
4/08/2026,2024,1,02 Assault,021 Serious Assault,No,Yes,NT Balance,Gulf,12
4/08/2026,2024,1,02 Assault,021 Serious Assault,No,Yes,NT Balance,Petermann - Simpson,2
4/08/2026,2024,1,02 Assault,021 Serious Assault,No,Yes,NT Balance,Sandover - Plenty,3
4/08/2026,2024,1,02 Assault,021 Serious Assault,No,Yes,NT Balance,Tanami,13
4/08/2026,2024,1,02 Assault,021 Serious Assault,No,Yes,NT Balance,Thamarrurr,19
4/08/2026,2024,1,02 Assault,021 Serious Assault,No,Yes,NT Balance,Tiwi Islands,9
4/08/2026,2024,1,02 Assault,021 Serious Assault,No,Yes,NT Balance,Victoria River,1
4/08/2026,2024,1,02 Assault,021 Serious Assault,No,Yes,NT Balance,West Arnhem,15
4/08/2026,2024,1,02 Assault,021 Serious Assault,No,Yes,NT Balance,Yuendumu - Anmatjere,5
4/08/2026,2024,1,02 Assault,021 Serious Assault,No,Yes,NT Balance,Unknown ,2
4/08/2026,2024,1,02 Assault,021 Serious Assault,Yes,No,Darwin,,22
4/08/2026,2024,1,02 Assault,021 Serious Assault,Yes,No,Palmerston,,11
4/08/2026,2024,1,02 Assault,021 Serious Assault,Yes,No,Alice Springs,,21
4/08/2026,2024,1,02 Assault,021 Serious Assault,Yes,No,Katherine,,4
4/08/2026,2024,1,02 Assault,021 Serious Assault,Yes,No,Tennant Creek,,5
4/08/2026,2024,1,02 Assault,021 Serious Assault,Yes,No,Nhulunbuy,,2
4/08/2026,2024,1,02 Assault,021 Serious Assault,Yes,No,NT Balance,Elsey,1
4/08/2026,2024,1,02 Assault,021 Serious Assault,Yes,No,NT Balance,Gulf,1
4/08/2026,2024,1,02 Assault,021 Serious Assault,Yes,No,NT Balance,Howard Springs,1
4/08/2026,2024,1,02 Assault,021 Serious Assault,Yes,No,NT Balance,Humpty Doo,2
4/08/2026,2024,1,02 Assault,021 Serious Assault,Yes,No,NT Balance,Thamarrurr,1
4/08/2026,2024,1,02 Assault,021 Serious Assault,Yes,No,NT Balance,Tiwi Islands,1
4/08/2026,2024,1,02 Assault,021 Serious Assault,Yes,Yes,Darwin,,53
4/08/2026,2024,1,02 Assault,021 Serious Assault,Yes,Yes,Palmerston,,22
4/08/2026,2024,1,02 Assault,021 Serious Assault,Yes,Yes,Alice Springs,,50
4/08/2026,2024,1,02 Assault,021 Serious Assault,Yes,Yes,Katherine,,34
4/08/2026,2024,1,02 Assault,021 Serious Assault,Yes,Yes,Tennant Creek,,18
4/08/2026,2024,1,02 Assault,021 Serious Assault,Yes,Yes,Nhulunbuy,,2
4/08/2026,2024,1,02 Assault,021 Serious Assault,Yes,Yes,NT Balance,Alligator,1
4/08/2026,2024,1,02 Assault,021 Serious Assault,Yes,Yes,NT Balance,Anindilyakwa,2
4/08/2026,2024,1,02 Assault,021 Serious Assault,Yes,Yes,NT Balance,Barkly,3
4/08/2026,2024,1,02 Assault,021 Serious Assault,Yes,Yes,NT Balance,Daly,2
4/08/2026,2024,1,02 Assault,021 Serious Assault,Yes,Yes,NT Balance,East Arnhem,2
4/08/2026,2024,1,02 Assault,021 Serious Assault,Yes,Yes,NT Balance,Elsey,6
4/08/2026,2024,1,02 Assault,021 Serious Assault,Yes,Yes,NT Balance,Gulf,4
4/08/2026,2024,1,02 Assault,021 Serious Assault,Yes,Yes,NT Balance,Humpty Doo,1
4/08/2026,2024,1,02 Assault,021 Serious Assault,Yes,Yes,NT Balance,Petermann - Simpson,2
4/08/2026,2024,1,02 Assault,021 Serious Assault,Yes,Yes,NT Balance,Sandover - Plenty,1
4/08/2026,2024,1,02 Assault,021 Serious Assault,Yes,Yes,NT Balance,Tanami,6
4/08/2026,2024,1,02 Assault,021 Serious Assault,Yes,Yes,NT Balance,Thamarrurr,3
4/08/2026,2024,1,02 Assault,021 Serious Assault,Yes,Yes,NT Balance,Tiwi Islands,6
4/08/2026,2024,1,02 Assault,021 Serious Assault,Yes,Yes,NT Balance,Virginia,1
4/08/2026,2024,1,02 Assault,021 Serious Assault,Yes,Yes,NT Balance,Weddell,1
4/08/2026,2024,1,02 Assault,021 Serious Assault,Yes,Yes,NT Balance,Yuendumu - Anmatjere,3
4/08/2026,2024,1,02 Assault,021 Serious Assault,Yes,Yes,NT Balance,Unknown ,2
4/08/2026,2024,1,02 Assault,022 Assault of a prescribed officer,No,No,Darwin,,4
4/08/2026,2024,1,02 Assault,022 Assault of a prescribed officer,No,No,Palmerston,,1
4/08/2026,2024,1,02 Assault,022 Assault of a prescribed officer,No,No,Alice Springs,,4
4/08/2026,2024,1,02 Assault,022 Assault of a prescribed officer,No,No,Katherine,,1
4/08/2026,2024,1,02 Assault,022 Assault of a prescribed officer,No,No,NT Balance,East Arnhem,1
4/08/2026,2024,1,02 Assault,022 Assault of a prescribed officer,No,No,NT Balance,Petermann - Simpson,1
4/08/2026,2024,1,02 Assault,022 Assault of a prescribed officer,No,No,NT Balance,Thamarrurr,2
4/08/2026,2024,1,02 Assault,022 Assault of a prescribed officer,No,No,NT Balance,Tiwi Islands,1
4/08/2026,2024,1,02 Assault,022 Assault of a prescribed officer,No,Yes,NT Balance,East Arnhem,1
4/08/2026,2024,1,02 Assault,022 Assault of a prescribed officer,No,Yes,NT Balance,Tanami,1
4/08/2026,2024,1,02 Assault,022 Assault of a prescribed officer,Yes,No,Darwin,,1
4/08/2026,2024,1,02 Assault,022 Assault of a prescribed officer,Yes,No,Palmerston,,1
4/08/2026,2024,1,02 Assault,022 Assault of a prescribed officer,Yes,No,Alice Springs,,6
4/08/2026,2024,1,02 Assault,022 Assault of a prescribed officer,Yes,No,Katherine,,1
4/08/2026,2024,1,02 Assault,022 Assault of a prescribed officer,Yes,Yes,Darwin,,1
4/08/2026,2024,1,02 Assault,022 Assault of a prescribed officer,Yes,Yes,Katherine,,1
4/08/2026,2024,1,02 Assault,023 Common Assault,No,No,Darwin,,31
4/08/2026,2024,1,02 Assault,023 Common Assault,No,No,Palmerston,,7
4/08/2026,2024,1,02 Assault,023 Common Assault,No,No,Alice Springs,,18
4/08/2026,2024,1,02 Assault,023 Common Assault,No,No,Katherine,,2
4/08/2026,2024,1,02 Assault,023 Common Assault,No,No,NT Balance,Daly,1
4/08/2026,2024,1,02 Assault,023 Common Assault,No,No,NT Balance,East Arnhem,2
4/08/2026,2024,1,02 Assault,023 Common Assault,No,No,NT Balance,Elsey,3
4/08/2026,2024,1,02 Assault,023 Common Assault,No,No,NT Balance,Gulf,2
4/08/2026,2024,1,02 Assault,023 Common Assault,No,No,NT Balance,Howard Springs,3
4/08/2026,2024,1,02 Assault,023 Common Assault,No,No,NT Balance,Humpty Doo,2
4/08/2026,2024,1,02 Assault,023 Common Assault,No,No,NT Balance,Sandover - Plenty,1
4/08/2026,2024,1,02 Assault,023 Common Assault,No,No,NT Balance,Tanami,3
4/08/2026,2024,1,02 Assault,023 Common Assault,No,No,NT Balance,Thamarrurr,2
4/08/2026,2024,1,02 Assault,023 Common Assault,No,No,NT Balance,Tiwi Islands,2
4/08/2026,2024,1,02 Assault,023 Common Assault,No,Yes,Darwin,,3
4/08/2026,2024,1,02 Assault,023 Common Assault,No,Yes,Palmerston,,1
4/08/2026,2024,1,02 Assault,023 Common Assault,No,Yes,Alice Springs,,8
4/08/2026,2024,1,02 Assault,023 Common Assault,No,Yes,Katherine,,4
4/08/2026,2024,1,02 Assault,023 Common Assault,No,Yes,Tennant Creek,,1
4/08/2026,2024,1,02 Assault,023 Common Assault,No,Yes,NT Balance,Alligator,1
4/08/2026,2024,1,02 Assault,023 Common Assault,No,Yes,NT Balance,Anindilyakwa,2
4/08/2026,2024,1,02 Assault,023 Common Assault,No,Yes,NT Balance,East Arnhem,4
4/08/2026,2024,1,02 Assault,023 Common Assault,No,Yes,NT Balance,Gulf,7
4/08/2026,2024,1,02 Assault,023 Common Assault,No,Yes,NT Balance,Petermann - Simpson,2
4/08/2026,2024,1,02 Assault,023 Common Assault,No,Yes,NT Balance,Sandover - Plenty,1
4/08/2026,2024,1,02 Assault,023 Common Assault,No,Yes,NT Balance,Tiwi Islands,1
4/08/2026,2024,1,02 Assault,023 Common Assault,No,Yes,NT Balance,Victoria River,1
4/08/2026,2024,1,02 Assault,023 Common Assault,No,Yes,NT Balance,West Arnhem,1
4/08/2026,2024,1,02 Assault,023 Common Assault,Yes,No,Darwin,,12
4/08/2026,2024,1,02 Assault,023 Common Assault,Yes,No,Palmerston,,3
4/08/2026,2024,1,02 Assault,023 Common Assault,Yes,No,Alice Springs,,8
4/08/2026,2024,1,02 Assault,023 Common Assault,Yes,No,Katherine,,2
4/08/2026,2024,1,02 Assault,023 Common Assault,Yes,No,Tennant Creek,,3
4/08/2026,2024,1,02 Assault,023 Common Assault,Yes,No,Nhulunbuy,,1
4/08/2026,2024,1,02 Assault,023 Common Assault,Yes,Yes,Darwin,,6
4/08/2026,2024,1,02 Assault,023 Common Assault,Yes,Yes,Palmerston,,2
4/08/2026,2024,1,02 Assault,023 Common Assault,Yes,Yes,Alice Springs,,8
4/08/2026,2024,1,02 Assault,023 Common Assault,Yes,Yes,Katherine,,3
4/08/2026,2024,1,02 Assault,023 Common Assault,Yes,Yes,Tennant Creek,,4
4/08/2026,2024,1,02 Assault,023 Common Assault,Yes,Yes,Nhulunbuy,,1
4/08/2026,2024,1,02 Assault,023 Common Assault,Yes,Yes,NT Balance,Gulf,1
4/08/2026,2024,1,02 Assault,023 Common Assault,Yes,Yes,NT Balance,Victoria River,1
4/08/2026,2024,1,02 Assault,023 Common Assault,Yes,Yes,NT Balance,Weddell,1
4/08/2026,2024,1,03 Sexual offences,031 Sexual assault of an adult,-,-,Darwin,,10
4/08/2026,2024,1,03 Sexual offences,031 Sexual assault of an adult,-,-,Palmerston,,2
4/08/2026,2024,1,03 Sexual offences,031 Sexual assault of an adult,-,-,Alice Springs,,2
4/08/2026,2024,1,03 Sexual offences,031 Sexual assault of an adult,-,-,Katherine,,1
4/08/2026,2024,1,03 Sexual offences,031 Sexual assault of an adult,-,-,Tennant Creek,,1
4/08/2026,2024,1,03 Sexual offences,031 Sexual assault of an adult,-,-,NT Balance,Barkly,1
4/08/2026,2024,1,03 Sexual offences,031 Sexual assault of an adult,-,-,NT Balance,East Arnhem,2
4/08/2026,2024,1,03 Sexual offences,031 Sexual assault of an adult,-,-,NT Balance,Sandover - Plenty,1
4/08/2026,2024,1,03 Sexual offences,031 Sexual assault of an adult,-,-,NT Balance,Tanami,1
4/08/2026,2024,1,03 Sexual offences,032 Sexual assault of a child,-,-,Darwin,,2
4/08/2026,2024,1,03 Sexual offences,032 Sexual assault of a child,-,-,Palmerston,,5
4/08/2026,2024,1,03 Sexual offences,032 Sexual assault of a child,-,-,Alice Springs,,2
4/08/2026,2024,1,03 Sexual offences,032 Sexual assault of a child,-,-,Katherine,,1
4/08/2026,2024,1,03 Sexual offences,032 Sexual assault of a child,-,-,NT Balance,Gulf,1
4/08/2026,2024,1,03 Sexual offences,032 Sexual assault of a child,-,-,NT Balance,Humpty Doo,1
4/08/2026,2024,1,03 Sexual offences,"033, 034 Other child-related sexual offences",-,-,Darwin,,4
4/08/2026,2024,1,03 Sexual offences,"033, 034 Other child-related sexual offences",-,-,Katherine,,1
4/08/2026,2024,1,03 Sexual offences,"035, 039 Other sexual offences",-,-,Darwin,,1
4/08/2026,2024,1,03 Sexual offences,"035, 039 Other sexual offences",-,-,Alice Springs,,2
4/08/2026,2024,1,03 Sexual offences,"035, 039 Other sexual offences",-,-,NT Balance,East Arnhem,1
4/08/2026,2024,1,03 Sexual offences,"035, 039 Other sexual offences",-,-,NT Balance,Howard Springs,1
4/08/2026,2024,1,03 Sexual offences,"035, 039 Other sexual offences",-,-,NT Balance,Thamarrurr,1
4/08/2026,2024,1,04 Harm or endanger persons,"041, 042, 043 Human trafficking, abduction, deprivation of liberty",-,-,Palmerston,,1
4/08/2026,2024,1,04 Harm or endanger persons,"041, 042, 043 Human trafficking, abduction, deprivation of liberty",-,-,Alice Springs,,1
4/08/2026,2024,1,04 Harm or endanger persons,"041, 042, 043 Human trafficking, abduction, deprivation of liberty",-,-,NT Balance,Barkly,1
4/08/2026,2024,1,04 Harm or endanger persons,"044 Acts that threaten, harass or control",-,-,Darwin,,8
4/08/2026,2024,1,04 Harm or endanger persons,"044 Acts that threaten, harass or control",-,-,Palmerston,,7
4/08/2026,2024,1,04 Harm or endanger persons,"044 Acts that threaten, harass or control",-,-,Alice Springs,,11
4/08/2026,2024,1,04 Harm or endanger persons,"044 Acts that threaten, harass or control",-,-,Katherine,,5
4/08/2026,2024,1,04 Harm or endanger persons,"044 Acts that threaten, harass or control",-,-,Tennant Creek,,2
4/08/2026,2024,1,04 Harm or endanger persons,"044 Acts that threaten, harass or control",-,-,NT Balance,Anindilyakwa,1
4/08/2026,2024,1,04 Harm or endanger persons,"044 Acts that threaten, harass or control",-,-,NT Balance,East Arnhem,2
4/08/2026,2024,1,04 Harm or endanger persons,"044 Acts that threaten, harass or control",-,-,NT Balance,Elsey,1
4/08/2026,2024,1,04 Harm or endanger persons,"044 Acts that threaten, harass or control",-,-,NT Balance,Gulf,1
4/08/2026,2024,1,04 Harm or endanger persons,"044 Acts that threaten, harass or control",-,-,NT Balance,Petermann - Simpson,1
4/08/2026,2024,1,04 Harm or endanger persons,"044 Acts that threaten, harass or control",-,-,NT Balance,Sandover - Plenty,2
4/08/2026,2024,1,04 Harm or endanger persons,"044 Acts that threaten, harass or control",-,-,NT Balance,Tanami,1
4/08/2026,2024,1,04 Harm or endanger persons,"044 Acts that threaten, harass or control",-,-,NT Balance,Tiwi Islands,1
4/08/2026,2024,1,04 Harm or endanger persons,"044 Acts that threaten, harass or control",-,-,NT Balance,West Arnhem,2
4/08/2026,2024,1,04 Harm or endanger persons,"044 Acts that threaten, harass or control",-,-,NT Balance,Unknown ,2
4/08/2026,2024,1,04 Harm or endanger persons,049 Other acts that harm or endanger persons,-,-,Darwin,,4
4/08/2026,2024,1,04 Harm or endanger persons,049 Other acts that harm or endanger persons,-,-,Palmerston,,2
4/08/2026,2024,1,04 Harm or endanger persons,049 Other acts that harm or endanger persons,-,-,Alice Springs,,2
4/08/2026,2024,1,04 Harm or endanger persons,049 Other acts that harm or endanger persons,-,-,Katherine,,2
4/08/2026,2024,1,04 Harm or endanger persons,049 Other acts that harm or endanger persons,-,-,Nhulunbuy,,1
4/08/2026,2024,1,04 Harm or endanger persons,049 Other acts that harm or endanger persons,-,-,NT Balance,Howard Springs,1
4/08/2026,2024,1,04 Harm or endanger persons,049 Other acts that harm or endanger persons,-,-,NT Balance,Thamarrurr,3
4/08/2026,2024,1,04 Harm or endanger persons,049 Other acts that harm or endanger persons,-,-,NT Balance,Tiwi Islands,1
4/08/2026,2024,1,"05 Robbery, blackmail, and extortion",051 Robbery,-,-,Darwin,,26
4/08/2026,2024,1,"05 Robbery, blackmail, and extortion",051 Robbery,-,-,Palmerston,,4
4/08/2026,2024,1,"05 Robbery, blackmail, and extortion",051 Robbery,-,-,Alice Springs,,1
4/08/2026,2024,1,"05 Robbery, blackmail, and extortion",051 Robbery,-,-,Katherine,,4
4/08/2026,2024,1,"05 Robbery, blackmail, and extortion",051 Robbery,-,-,Tennant Creek,,8
4/08/2026,2024,1,"05 Robbery, blackmail, and extortion",051 Robbery,-,-,NT Balance,Virginia,1
4/08/2026,2024,1,"05 Robbery, blackmail, and extortion",051 Robbery,-,-,NT Balance,Yuendumu - Anmatjere,2
4/08/2026,2024,1,"05 Robbery, blackmail, and extortion",052 Blackmail or other extortion,-,-,Katherine,,1
4/08/2026,2024,1,061 Burglary - dwelling,"061 Burglary - dwelling (house break-ins), actual",-,-,Darwin,,71
4/08/2026,2024,1,061 Burglary - dwelling,"061 Burglary - dwelling (house break-ins), actual",-,-,Palmerston,,23
4/08/2026,2024,1,061 Burglary - dwelling,"061 Burglary - dwelling (house break-ins), actual",-,-,Alice Springs,,164
4/08/2026,2024,1,061 Burglary - dwelling,"061 Burglary - dwelling (house break-ins), actual",-,-,Katherine,,37
4/08/2026,2024,1,061 Burglary - dwelling,"061 Burglary - dwelling (house break-ins), actual",-,-,Tennant Creek,,10
4/08/2026,2024,1,061 Burglary - dwelling,"061 Burglary - dwelling (house break-ins), actual",-,-,Nhulunbuy,,6
4/08/2026,2024,1,061 Burglary - dwelling,"061 Burglary - dwelling (house break-ins), actual",-,-,NT Balance,Alligator,1
4/08/2026,2024,1,061 Burglary - dwelling,"061 Burglary - dwelling (house break-ins), actual",-,-,NT Balance,Anindilyakwa,8
4/08/2026,2024,1,061 Burglary - dwelling,"061 Burglary - dwelling (house break-ins), actual",-,-,NT Balance,Barkly,3
4/08/2026,2024,1,061 Burglary - dwelling,"061 Burglary - dwelling (house break-ins), actual",-,-,NT Balance,Daly,1
4/08/2026,2024,1,061 Burglary - dwelling,"061 Burglary - dwelling (house break-ins), actual",-,-,NT Balance,East Arnhem,12
4/08/2026,2024,1,061 Burglary - dwelling,"061 Burglary - dwelling (house break-ins), actual",-,-,NT Balance,Gulf,2
4/08/2026,2024,1,061 Burglary - dwelling,"061 Burglary - dwelling (house break-ins), actual",-,-,NT Balance,Petermann - Simpson,1
4/08/2026,2024,1,061 Burglary - dwelling,"061 Burglary - dwelling (house break-ins), actual",-,-,NT Balance,Sandover - Plenty,1
4/08/2026,2024,1,061 Burglary - dwelling,"061 Burglary - dwelling (house break-ins), actual",-,-,NT Balance,Tanami,8
4/08/2026,2024,1,061 Burglary - dwelling,"061 Burglary - dwelling (house break-ins), actual",-,-,NT Balance,Thamarrurr,8
4/08/2026,2024,1,061 Burglary - dwelling,"061 Burglary - dwelling (house break-ins), actual",-,-,NT Balance,Tiwi Islands,4
4/08/2026,2024,1,061 Burglary - dwelling,"061 Burglary - dwelling (house break-ins), actual",-,-,NT Balance,Victoria River,3
4/08/2026,2024,1,061 Burglary - dwelling,"061 Burglary - dwelling (house break-ins), actual",-,-,NT Balance,Weddell,1
4/08/2026,2024,1,061 Burglary - dwelling,"061 Burglary - dwelling (house break-ins), actual",-,-,NT Balance,West Arnhem,12
4/08/2026,2024,1,061 Burglary - dwelling,"061 Burglary - dwelling (house break-ins), actual",-,-,NT Balance,Yuendumu - Anmatjere,2
4/08/2026,2024,1,061 Burglary - dwelling,"061 Burglary - dwelling (house break-ins), actual",-,-,NT Balance,Unknown ,4
4/08/2026,2024,1,061 Burglary - dwelling,"061 Burglary - dweling (house break-ins), attempted",-,-,Darwin,,23
4/08/2026,2024,1,061 Burglary - dwelling,"061 Burglary - dweling (house break-ins), attempted",-,-,Palmerston,,6
4/08/2026,2024,1,061 Burglary - dwelling,"061 Burglary - dweling (house break-ins), attempted",-,-,Alice Springs,,33
4/08/2026,2024,1,061 Burglary - dwelling,"061 Burglary - dweling (house break-ins), attempted",-,-,Katherine,,7
4/08/2026,2024,1,061 Burglary - dwelling,"061 Burglary - dweling (house break-ins), attempted",-,-,Tennant Creek,,2
4/08/2026,2024,1,061 Burglary - dwelling,"061 Burglary - dweling (house break-ins), attempted",-,-,NT Balance,East Arnhem,2
4/08/2026,2024,1,061 Burglary - dwelling,"061 Burglary - dweling (house break-ins), attempted",-,-,NT Balance,Tanami,1
4/08/2026,2024,1,061 Burglary - dwelling,"061 Burglary - dweling (house break-ins), attempted",-,-,NT Balance,West Arnhem,3
4/08/2026,2024,1,062 Burglary - non-residential,"062 Burglary - non-residential (commercial break-ins), actual",-,-,Darwin,,29
4/08/2026,2024,1,062 Burglary - non-residential,"062 Burglary - non-residential (commercial break-ins), actual",-,-,Palmerston,,6
4/08/2026,2024,1,062 Burglary - non-residential,"062 Burglary - non-residential (commercial break-ins), actual",-,-,Alice Springs,,31
4/08/2026,2024,1,062 Burglary - non-residential,"062 Burglary - non-residential (commercial break-ins), actual",-,-,Katherine,,29
4/08/2026,2024,1,062 Burglary - non-residential,"062 Burglary - non-residential (commercial break-ins), actual",-,-,Tennant Creek,,7
4/08/2026,2024,1,062 Burglary - non-residential,"062 Burglary - non-residential (commercial break-ins), actual",-,-,Nhulunbuy,,4
4/08/2026,2024,1,062 Burglary - non-residential,"062 Burglary - non-residential (commercial break-ins), actual",-,-,NT Balance,Anindilyakwa,3
4/08/2026,2024,1,062 Burglary - non-residential,"062 Burglary - non-residential (commercial break-ins), actual",-,-,NT Balance,Barkly,2
4/08/2026,2024,1,062 Burglary - non-residential,"062 Burglary - non-residential (commercial break-ins), actual",-,-,NT Balance,Daly,4
4/08/2026,2024,1,062 Burglary - non-residential,"062 Burglary - non-residential (commercial break-ins), actual",-,-,NT Balance,East Arnhem,21
4/08/2026,2024,1,062 Burglary - non-residential,"062 Burglary - non-residential (commercial break-ins), actual",-,-,NT Balance,Elsey,2
4/08/2026,2024,1,062 Burglary - non-residential,"062 Burglary - non-residential (commercial break-ins), actual",-,-,NT Balance,Gulf,8
4/08/2026,2024,1,062 Burglary - non-residential,"062 Burglary - non-residential (commercial break-ins), actual",-,-,NT Balance,Howard Springs,1
4/08/2026,2024,1,062 Burglary - non-residential,"062 Burglary - non-residential (commercial break-ins), actual",-,-,NT Balance,Petermann - Simpson,4
4/08/2026,2024,1,062 Burglary - non-residential,"062 Burglary - non-residential (commercial break-ins), actual",-,-,NT Balance,Sandover - Plenty,2
4/08/2026,2024,1,062 Burglary - non-residential,"062 Burglary - non-residential (commercial break-ins), actual",-,-,NT Balance,Tanami,8
4/08/2026,2024,1,062 Burglary - non-residential,"062 Burglary - non-residential (commercial break-ins), actual",-,-,NT Balance,Thamarrurr,3
4/08/2026,2024,1,062 Burglary - non-residential,"062 Burglary - non-residential (commercial break-ins), actual",-,-,NT Balance,Tiwi Islands,2
4/08/2026,2024,1,062 Burglary - non-residential,"062 Burglary - non-residential (commercial break-ins), actual",-,-,NT Balance,Victoria River,3
4/08/2026,2024,1,062 Burglary - non-residential,"062 Burglary - non-residential (commercial break-ins), actual",-,-,NT Balance,Virginia,2
4/08/2026,2024,1,062 Burglary - non-residential,"062 Burglary - non-residential (commercial break-ins), actual",-,-,NT Balance,West Arnhem,8
4/08/2026,2024,1,062 Burglary - non-residential,"062 Burglary - non-residential (commercial break-ins), actual",-,-,NT Balance,Yuendumu - Anmatjere,4
4/08/2026,2024,1,062 Burglary - non-residential,"062 Burglary - non-residential (commercial break-ins), actual",-,-,NT Balance,Unknown ,2
4/08/2026,2024,1,062 Burglary - non-residential,"062 Burglary - non-residential (commercial break-ins), attempted",-,-,Darwin,,6
4/08/2026,2024,1,062 Burglary - non-residential,"062 Burglary - non-residential (commercial break-ins), attempted",-,-,Palmerston,,2
4/08/2026,2024,1,062 Burglary - non-residential,"062 Burglary - non-residential (commercial break-ins), attempted",-,-,Alice Springs,,11
4/08/2026,2024,1,062 Burglary - non-residential,"062 Burglary - non-residential (commercial break-ins), attempted",-,-,Katherine,,3
4/08/2026,2024,1,062 Burglary - non-residential,"062 Burglary - non-residential (commercial break-ins), attempted",-,-,NT Balance,East Arnhem,2
4/08/2026,2024,1,062 Burglary - non-residential,"062 Burglary - non-residential (commercial break-ins), attempted",-,-,NT Balance,Gulf,1
4/08/2026,2024,1,062 Burglary - non-residential,"062 Burglary - non-residential (commercial break-ins), attempted",-,-,NT Balance,Tanami,1
4/08/2026,2024,1,062 Burglary - non-residential,"062 Burglary - non-residential (commercial break-ins), attempted",-,-,NT Balance,Thamarrurr,1
4/08/2026,2024,1,062 Burglary - non-residential,"062 Burglary - non-residential (commercial break-ins), attempted",-,-,NT Balance,Victoria River,1
4/08/2026,2024,1,062 Burglary - non-residential,"062 Burglary - non-residential (commercial break-ins), attempted",-,-,NT Balance,Virginia,1
4/08/2026,2024,1,062 Burglary - non-residential,"062 Burglary - non-residential (commercial break-ins), attempted",-,-,NT Balance,West Arnhem,3
4/08/2026,2024,1,07 Theft,071 Motor vehicle theft and related offences,-,-,Darwin,,31
4/08/2026,2024,1,07 Theft,071 Motor vehicle theft and related offences,-,-,Palmerston,,6
4/08/2026,2024,1,07 Theft,071 Motor vehicle theft and related offences,-,-,Alice Springs,,13
4/08/2026,2024,1,07 Theft,071 Motor vehicle theft and related offences,-,-,Katherine,,1
4/08/2026,2024,1,07 Theft,071 Motor vehicle theft and related offences,-,-,Tennant Creek,,2
4/08/2026,2024,1,07 Theft,071 Motor vehicle theft and related offences,-,-,NT Balance,Daly,1
4/08/2026,2024,1,07 Theft,071 Motor vehicle theft and related offences,-,-,NT Balance,East Arnhem,2
4/08/2026,2024,1,07 Theft,071 Motor vehicle theft and related offences,-,-,NT Balance,Gulf,1
4/08/2026,2024,1,07 Theft,071 Motor vehicle theft and related offences,-,-,NT Balance,Humpty Doo,1
4/08/2026,2024,1,07 Theft,071 Motor vehicle theft and related offences,-,-,NT Balance,Tiwi Islands,1
4/08/2026,2024,1,07 Theft,071 Motor vehicle theft and related offences,-,-,NT Balance,Victoria River,1
4/08/2026,2024,1,07 Theft,071 Motor vehicle theft and related offences,-,-,NT Balance,Virginia,2
4/08/2026,2024,1,07 Theft,07* Other theft,-,-,Darwin,,341
4/08/2026,2024,1,07 Theft,07* Other theft,-,-,Palmerston,,102
4/08/2026,2024,1,07 Theft,07* Other theft,-,-,Alice Springs,,130
4/08/2026,2024,1,07 Theft,07* Other theft,-,-,Katherine,,41
4/08/2026,2024,1,07 Theft,07* Other theft,-,-,Tennant Creek,,15
4/08/2026,2024,1,07 Theft,07* Other theft,-,-,Nhulunbuy,,5
4/08/2026,2024,1,07 Theft,07* Other theft,-,-,NT Balance,Alligator,4
4/08/2026,2024,1,07 Theft,07* Other theft,-,-,NT Balance,Anindilyakwa,7
4/08/2026,2024,1,07 Theft,07* Other theft,-,-,NT Balance,Barkly,5
4/08/2026,2024,1,07 Theft,07* Other theft,-,-,NT Balance,Daly,5
4/08/2026,2024,1,07 Theft,07* Other theft,-,-,NT Balance,East Arnhem,1
4/08/2026,2024,1,07 Theft,07* Other theft,-,-,NT Balance,Elsey,1
4/08/2026,2024,1,07 Theft,07* Other theft,-,-,NT Balance,Gulf,7
4/08/2026,2024,1,07 Theft,07* Other theft,-,-,NT Balance,Howard Springs,8
4/08/2026,2024,1,07 Theft,07* Other theft,-,-,NT Balance,Humpty Doo,4
4/08/2026,2024,1,07 Theft,07* Other theft,-,-,NT Balance,Petermann - Simpson,6
4/08/2026,2024,1,07 Theft,07* Other theft,-,-,NT Balance,Sandover - Plenty,3
4/08/2026,2024,1,07 Theft,07* Other theft,-,-,NT Balance,Tanami,3
4/08/2026,2024,1,07 Theft,07* Other theft,-,-,NT Balance,Thamarrurr,6
4/08/2026,2024,1,07 Theft,07* Other theft,-,-,NT Balance,Tiwi Islands,1
4/08/2026,2024,1,07 Theft,07* Other theft,-,-,NT Balance,Virginia,10
4/08/2026,2024,1,07 Theft,07* Other theft,-,-,NT Balance,Weddell,5
4/08/2026,2024,1,07 Theft,07* Other theft,-,-,NT Balance,West Arnhem,8
4/08/2026,2024,1,07 Theft,07* Other theft,-,-,NT Balance,Yuendumu - Anmatjere,4
4/08/2026,2024,1,07 Theft,07* Other theft,-,-,NT Balance,Unknown ,7
4/08/2026,2024,1,11 Property damage offences,11 Property damage offences,-,-,Darwin,,204
4/08/2026,2024,1,11 Property damage offences,11 Property damage offences,-,-,Palmerston,,72
4/08/2026,2024,1,11 Property damage offences,11 Property damage offences,-,-,Alice Springs,,269
4/08/2026,2024,1,11 Property damage offences,11 Property damage offences,-,-,Katherine,,68
4/08/2026,2024,1,11 Property damage offences,11 Property damage offences,-,-,Tennant Creek,,27
4/08/2026,2024,1,11 Property damage offences,11 Property damage offences,-,-,Nhulunbuy,,3
4/08/2026,2024,1,11 Property damage offences,11 Property damage offences,-,-,NT Balance,Alligator,1
4/08/2026,2024,1,11 Property damage offences,11 Property damage offences,-,-,NT Balance,Anindilyakwa,4
4/08/2026,2024,1,11 Property damage offences,11 Property damage offences,-,-,NT Balance,Barkly,6
4/08/2026,2024,1,11 Property damage offences,11 Property damage offences,-,-,NT Balance,Daly,4
4/08/2026,2024,1,11 Property damage offences,11 Property damage offences,-,-,NT Balance,East Arnhem,24
4/08/2026,2024,1,11 Property damage offences,11 Property damage offences,-,-,NT Balance,Elsey,4
4/08/2026,2024,1,11 Property damage offences,11 Property damage offences,-,-,NT Balance,Gulf,9
4/08/2026,2024,1,11 Property damage offences,11 Property damage offences,-,-,NT Balance,Howard Springs,2
4/08/2026,2024,1,11 Property damage offences,11 Property damage offences,-,-,NT Balance,Humpty Doo,3
4/08/2026,2024,1,11 Property damage offences,11 Property damage offences,-,-,NT Balance,Petermann - Simpson,9
4/08/2026,2024,1,11 Property damage offences,11 Property damage offences,-,-,NT Balance,Sandover - Plenty,1
4/08/2026,2024,1,11 Property damage offences,11 Property damage offences,-,-,NT Balance,Tanami,6
4/08/2026,2024,1,11 Property damage offences,11 Property damage offences,-,-,NT Balance,Thamarrurr,8
4/08/2026,2024,1,11 Property damage offences,11 Property damage offences,-,-,NT Balance,Tiwi Islands,5
4/08/2026,2024,1,11 Property damage offences,11 Property damage offences,-,-,NT Balance,Virginia,4
4/08/2026,2024,1,11 Property damage offences,11 Property damage offences,-,-,NT Balance,Weddell,5
4/08/2026,2024,1,11 Property damage offences,11 Property damage offences,-,-,NT Balance,West Arnhem,20
4/08/2026,2024,1,11 Property damage offences,11 Property damage offences,-,-,NT Balance,Yuendumu - Anmatjere,4
4/08/2026,2024,1,11 Property damage offences,11 Property damage offences,-,-,NT Balance,Unknown ,9
4/08/2026,2024,2,01 Homicide,0132 Driving causing death,-,-,Alice Springs,,1
4/08/2026,2024,2,01 Homicide,0132 Driving causing death,-,-,NT Balance,Elsey,1
4/08/2026,2024,2,02 Assault,021 Serious Assault,No,No,Darwin,,36
4/08/2026,2024,2,02 Assault,021 Serious Assault,No,No,Palmerston,,13
4/08/2026,2024,2,02 Assault,021 Serious Assault,No,No,Alice Springs,,20
4/08/2026,2024,2,02 Assault,021 Serious Assault,No,No,Katherine,,7
4/08/2026,2024,2,02 Assault,021 Serious Assault,No,No,Tennant Creek,,1
4/08/2026,2024,2,02 Assault,021 Serious Assault,No,No,Nhulunbuy,,2
4/08/2026,2024,2,02 Assault,021 Serious Assault,No,No,NT Balance,Alligator,1
4/08/2026,2024,2,02 Assault,021 Serious Assault,No,No,NT Balance,Daly,2
4/08/2026,2024,2,02 Assault,021 Serious Assault,No,No,NT Balance,East Arnhem,2
4/08/2026,2024,2,02 Assault,021 Serious Assault,No,No,NT Balance,Howard Springs,3
4/08/2026,2024,2,02 Assault,021 Serious Assault,No,No,NT Balance,Humpty Doo,1
4/08/2026,2024,2,02 Assault,021 Serious Assault,No,No,NT Balance,Sandover - Plenty,1
4/08/2026,2024,2,02 Assault,021 Serious Assault,No,No,NT Balance,Tanami,5
4/08/2026,2024,2,02 Assault,021 Serious Assault,No,No,NT Balance,Thamarrurr,8
4/08/2026,2024,2,02 Assault,021 Serious Assault,No,No,NT Balance,Tiwi Islands,2
4/08/2026,2024,2,02 Assault,021 Serious Assault,No,No,NT Balance,Victoria River,1
4/08/2026,2024,2,02 Assault,021 Serious Assault,No,No,NT Balance,Weddell,1
4/08/2026,2024,2,02 Assault,021 Serious Assault,No,No,NT Balance,West Arnhem,3
4/08/2026,2024,2,02 Assault,021 Serious Assault,No,No,NT Balance,Unknown ,3
4/08/2026,2024,2,02 Assault,021 Serious Assault,No,Yes,Darwin,,39
4/08/2026,2024,2,02 Assault,021 Serious Assault,No,Yes,Palmerston,,16
4/08/2026,2024,2,02 Assault,021 Serious Assault,No,Yes,Alice Springs,,50
4/08/2026,2024,2,02 Assault,021 Serious Assault,No,Yes,Katherine,,20
4/08/2026,2024,2,02 Assault,021 Serious Assault,No,Yes,Tennant Creek,,4
4/08/2026,2024,2,02 Assault,021 Serious Assault,No,Yes,Nhulunbuy,,1
4/08/2026,2024,2,02 Assault,021 Serious Assault,No,Yes,NT Balance,Alligator,3
4/08/2026,2024,2,02 Assault,021 Serious Assault,No,Yes,NT Balance,Anindilyakwa,7
4/08/2026,2024,2,02 Assault,021 Serious Assault,No,Yes,NT Balance,Daly,2
4/08/2026,2024,2,02 Assault,021 Serious Assault,No,Yes,NT Balance,East Arnhem,13
4/08/2026,2024,2,02 Assault,021 Serious Assault,No,Yes,NT Balance,Elsey,5
4/08/2026,2024,2,02 Assault,021 Serious Assault,No,Yes,NT Balance,Gulf,16
4/08/2026,2024,2,02 Assault,021 Serious Assault,No,Yes,NT Balance,Howard Springs,1
4/08/2026,2024,2,02 Assault,021 Serious Assault,No,Yes,NT Balance,Humpty Doo,1
4/08/2026,2024,2,02 Assault,021 Serious Assault,No,Yes,NT Balance,Petermann - Simpson,2
4/08/2026,2024,2,02 Assault,021 Serious Assault,No,Yes,NT Balance,Sandover - Plenty,3
4/08/2026,2024,2,02 Assault,021 Serious Assault,No,Yes,NT Balance,Tanami,17
4/08/2026,2024,2,02 Assault,021 Serious Assault,No,Yes,NT Balance,Thamarrurr,12
4/08/2026,2024,2,02 Assault,021 Serious Assault,No,Yes,NT Balance,Tiwi Islands,13
4/08/2026,2024,2,02 Assault,021 Serious Assault,No,Yes,NT Balance,Victoria River,4
4/08/2026,2024,2,02 Assault,021 Serious Assault,No,Yes,NT Balance,Virginia,2
4/08/2026,2024,2,02 Assault,021 Serious Assault,No,Yes,NT Balance,West Arnhem,11
4/08/2026,2024,2,02 Assault,021 Serious Assault,No,Yes,NT Balance,Yuendumu - Anmatjere,4
4/08/2026,2024,2,02 Assault,021 Serious Assault,No,Yes,NT Balance,Unknown ,2
4/08/2026,2024,2,02 Assault,021 Serious Assault,Yes,No,Darwin,,33
4/08/2026,2024,2,02 Assault,021 Serious Assault,Yes,No,Palmerston,,5
4/08/2026,2024,2,02 Assault,021 Serious Assault,Yes,No,Alice Springs,,17
4/08/2026,2024,2,02 Assault,021 Serious Assault,Yes,No,Katherine,,5
4/08/2026,2024,2,02 Assault,021 Serious Assault,Yes,No,Tennant Creek,,1
4/08/2026,2024,2,02 Assault,021 Serious Assault,Yes,No,Nhulunbuy,,1
4/08/2026,2024,2,02 Assault,021 Serious Assault,Yes,No,NT Balance,Elsey,1
4/08/2026,2024,2,02 Assault,021 Serious Assault,Yes,No,NT Balance,Petermann - Simpson,1
4/08/2026,2024,2,02 Assault,021 Serious Assault,Yes,No,NT Balance,Tiwi Islands,1
4/08/2026,2024,2,02 Assault,021 Serious Assault,Yes,No,NT Balance,West Arnhem,2
4/08/2026,2024,2,02 Assault,021 Serious Assault,Yes,No,NT Balance,Yuendumu - Anmatjere,1
4/08/2026,2024,2,02 Assault,021 Serious Assault,Yes,Yes,Darwin,,36
4/08/2026,2024,2,02 Assault,021 Serious Assault,Yes,Yes,Palmerston,,22
4/08/2026,2024,2,02 Assault,021 Serious Assault,Yes,Yes,Alice Springs,,53
4/08/2026,2024,2,02 Assault,021 Serious Assault,Yes,Yes,Katherine,,29
4/08/2026,2024,2,02 Assault,021 Serious Assault,Yes,Yes,Tennant Creek,,18
4/08/2026,2024,2,02 Assault,021 Serious Assault,Yes,Yes,Nhulunbuy,,2
4/08/2026,2024,2,02 Assault,021 Serious Assault,Yes,Yes,NT Balance,Alligator,1
4/08/2026,2024,2,02 Assault,021 Serious Assault,Yes,Yes,NT Balance,Barkly,2
4/08/2026,2024,2,02 Assault,021 Serious Assault,Yes,Yes,NT Balance,Daly,2
4/08/2026,2024,2,02 Assault,021 Serious Assault,Yes,Yes,NT Balance,East Arnhem,1
4/08/2026,2024,2,02 Assault,021 Serious Assault,Yes,Yes,NT Balance,Elsey,5
4/08/2026,2024,2,02 Assault,021 Serious Assault,Yes,Yes,NT Balance,Gulf,3
4/08/2026,2024,2,02 Assault,021 Serious Assault,Yes,Yes,NT Balance,Petermann - Simpson,1
4/08/2026,2024,2,02 Assault,021 Serious Assault,Yes,Yes,NT Balance,Sandover - Plenty,1
4/08/2026,2024,2,02 Assault,021 Serious Assault,Yes,Yes,NT Balance,Tanami,4
4/08/2026,2024,2,02 Assault,021 Serious Assault,Yes,Yes,NT Balance,Thamarrurr,1
4/08/2026,2024,2,02 Assault,021 Serious Assault,Yes,Yes,NT Balance,Tiwi Islands,1
4/08/2026,2024,2,02 Assault,021 Serious Assault,Yes,Yes,NT Balance,Victoria River,1
4/08/2026,2024,2,02 Assault,021 Serious Assault,Yes,Yes,NT Balance,West Arnhem,5
4/08/2026,2024,2,02 Assault,021 Serious Assault,Yes,Yes,NT Balance,Yuendumu - Anmatjere,2
4/08/2026,2024,2,02 Assault,021 Serious Assault,Yes,Yes,NT Balance,Unknown ,1
4/08/2026,2024,2,02 Assault,022 Assault of a prescribed officer,No,No,Darwin,,2
4/08/2026,2024,2,02 Assault,022 Assault of a prescribed officer,No,No,Palmerston,,2
4/08/2026,2024,2,02 Assault,022 Assault of a prescribed officer,No,No,Alice Springs,,2
4/08/2026,2024,2,02 Assault,022 Assault of a prescribed officer,No,No,Katherine,,1
4/08/2026,2024,2,02 Assault,022 Assault of a prescribed officer,No,No,NT Balance,Gulf,2
4/08/2026,2024,2,02 Assault,022 Assault of a prescribed officer,No,No,NT Balance,Petermann - Simpson,1
4/08/2026,2024,2,02 Assault,022 Assault of a prescribed officer,No,No,NT Balance,Tanami,1
4/08/2026,2024,2,02 Assault,022 Assault of a prescribed officer,No,No,NT Balance,Victoria River,1
4/08/2026,2024,2,02 Assault,022 Assault of a prescribed officer,Yes,No,Darwin,,5
4/08/2026,2024,2,02 Assault,022 Assault of a prescribed officer,Yes,No,Palmerston,,1
4/08/2026,2024,2,02 Assault,022 Assault of a prescribed officer,Yes,No,Alice Springs,,1
4/08/2026,2024,2,02 Assault,022 Assault of a prescribed officer,Yes,No,Katherine,,1
4/08/2026,2024,2,02 Assault,022 Assault of a prescribed officer,Yes,No,Tennant Creek,,3
4/08/2026,2024,2,02 Assault,022 Assault of a prescribed officer,Yes,Yes,Darwin,,1
4/08/2026,2024,2,02 Assault,022 Assault of a prescribed officer,Yes,Yes,Palmerston,,1
4/08/2026,2024,2,02 Assault,022 Assault of a prescribed officer,Yes,Yes,Alice Springs,,2
4/08/2026,2024,2,02 Assault,022 Assault of a prescribed officer,Yes,Yes,Tennant Creek,,2
4/08/2026,2024,2,02 Assault,023 Common Assault,No,No,Darwin,,37
4/08/2026,2024,2,02 Assault,023 Common Assault,No,No,Palmerston,,12
4/08/2026,2024,2,02 Assault,023 Common Assault,No,No,Alice Springs,,13
4/08/2026,2024,2,02 Assault,023 Common Assault,No,No,Katherine,,3
4/08/2026,2024,2,02 Assault,023 Common Assault,No,No,Tennant Creek,,3
4/08/2026,2024,2,02 Assault,023 Common Assault,No,No,NT Balance,Anindilyakwa,1
4/08/2026,2024,2,02 Assault,023 Common Assault,No,No,NT Balance,Howard Springs,1
4/08/2026,2024,2,02 Assault,023 Common Assault,No,No,NT Balance,Humpty Doo,4
4/08/2026,2024,2,02 Assault,023 Common Assault,No,No,NT Balance,Sandover - Plenty,2
4/08/2026,2024,2,02 Assault,023 Common Assault,No,No,NT Balance,Thamarrurr,1
4/08/2026,2024,2,02 Assault,023 Common Assault,No,No,NT Balance,Virginia,1
4/08/2026,2024,2,02 Assault,023 Common Assault,No,No,NT Balance,Yuendumu - Anmatjere,1
4/08/2026,2024,2,02 Assault,023 Common Assault,No,Yes,Darwin,,3
4/08/2026,2024,2,02 Assault,023 Common Assault,No,Yes,Palmerston,,2
4/08/2026,2024,2,02 Assault,023 Common Assault,No,Yes,Alice Springs,,9
4/08/2026,2024,2,02 Assault,023 Common Assault,No,Yes,Katherine,,1
4/08/2026,2024,2,02 Assault,023 Common Assault,No,Yes,Tennant Creek,,1
4/08/2026,2024,2,02 Assault,023 Common Assault,No,Yes,NT Balance,Anindilyakwa,1
4/08/2026,2024,2,02 Assault,023 Common Assault,No,Yes,NT Balance,East Arnhem,2
4/08/2026,2024,2,02 Assault,023 Common Assault,No,Yes,NT Balance,Gulf,4
4/08/2026,2024,2,02 Assault,023 Common Assault,No,Yes,NT Balance,Petermann - Simpson,3
4/08/2026,2024,2,02 Assault,023 Common Assault,No,Yes,NT Balance,Sandover - Plenty,1
4/08/2026,2024,2,02 Assault,023 Common Assault,No,Yes,NT Balance,Tanami,3
4/08/2026,2024,2,02 Assault,023 Common Assault,No,Yes,NT Balance,Tiwi Islands,2
4/08/2026,2024,2,02 Assault,023 Common Assault,No,Yes,NT Balance,Victoria River,1
4/08/2026,2024,2,02 Assault,023 Common Assault,No,Yes,NT Balance,West Arnhem,1
4/08/2026,2024,2,02 Assault,023 Common Assault,No,Yes,NT Balance,Yuendumu - Anmatjere,2
4/08/2026,2024,2,02 Assault,023 Common Assault,Yes,No,Darwin,,8
4/08/2026,2024,2,02 Assault,023 Common Assault,Yes,No,Palmerston,,1
4/08/2026,2024,2,02 Assault,023 Common Assault,Yes,No,Alice Springs,,6
4/08/2026,2024,2,02 Assault,023 Common Assault,Yes,No,Katherine,,1
4/08/2026,2024,2,02 Assault,023 Common Assault,Yes,No,Nhulunbuy,,1
4/08/2026,2024,2,02 Assault,023 Common Assault,Yes,No,NT Balance,Gulf,2
4/08/2026,2024,2,02 Assault,023 Common Assault,Yes,No,NT Balance,Weddell,1
4/08/2026,2024,2,02 Assault,023 Common Assault,Yes,No,NT Balance,West Arnhem,1
4/08/2026,2024,2,02 Assault,023 Common Assault,Yes,Yes,Darwin,,4
4/08/2026,2024,2,02 Assault,023 Common Assault,Yes,Yes,Palmerston,,6
4/08/2026,2024,2,02 Assault,023 Common Assault,Yes,Yes,Alice Springs,,8
4/08/2026,2024,2,02 Assault,023 Common Assault,Yes,Yes,Katherine,,7
4/08/2026,2024,2,02 Assault,023 Common Assault,Yes,Yes,Tennant Creek,,4
4/08/2026,2024,2,02 Assault,023 Common Assault,Yes,Yes,NT Balance,East Arnhem,1
4/08/2026,2024,2,02 Assault,023 Common Assault,Yes,Yes,NT Balance,Humpty Doo,1
4/08/2026,2024,2,02 Assault,023 Common Assault,Yes,Yes,NT Balance,Tanami,1
4/08/2026,2024,2,03 Sexual offences,031 Sexual assault of an adult,-,-,Darwin,,6
4/08/2026,2024,2,03 Sexual offences,031 Sexual assault of an adult,-,-,Palmerston,,4
4/08/2026,2024,2,03 Sexual offences,031 Sexual assault of an adult,-,-,Alice Springs,,5
4/08/2026,2024,2,03 Sexual offences,031 Sexual assault of an adult,-,-,Tennant Creek,,1
4/08/2026,2024,2,03 Sexual offences,031 Sexual assault of an adult,-,-,Nhulunbuy,,1
4/08/2026,2024,2,03 Sexual offences,031 Sexual assault of an adult,-,-,NT Balance,East Arnhem,1
4/08/2026,2024,2,03 Sexual offences,031 Sexual assault of an adult,-,-,NT Balance,Elsey,1
4/08/2026,2024,2,03 Sexual offences,031 Sexual assault of an adult,-,-,NT Balance,Howard Springs,1
4/08/2026,2024,2,03 Sexual offences,031 Sexual assault of an adult,-,-,NT Balance,Petermann - Simpson,1
4/08/2026,2024,2,03 Sexual offences,031 Sexual assault of an adult,-,-,NT Balance,Sandover - Plenty,1
4/08/2026,2024,2,03 Sexual offences,031 Sexual assault of an adult,-,-,NT Balance,Weddell,1
4/08/2026,2024,2,03 Sexual offences,031 Sexual assault of an adult,-,-,NT Balance,Unknown ,2
4/08/2026,2024,2,03 Sexual offences,032 Sexual assault of a child,-,-,Palmerston,,4
4/08/2026,2024,2,03 Sexual offences,032 Sexual assault of a child,-,-,Tennant Creek,,1
4/08/2026,2024,2,03 Sexual offences,032 Sexual assault of a child,-,-,NT Balance,Alligator,1
4/08/2026,2024,2,03 Sexual offences,032 Sexual assault of a child,-,-,NT Balance,East Arnhem,1
4/08/2026,2024,2,03 Sexual offences,032 Sexual assault of a child,-,-,NT Balance,Elsey,1
4/08/2026,2024,2,03 Sexual offences,032 Sexual assault of a child,-,-,NT Balance,Weddell,1
4/08/2026,2024,2,03 Sexual offences,032 Sexual assault of a child,-,-,NT Balance,Yuendumu - Anmatjere,1
4/08/2026,2024,2,03 Sexual offences,032 Sexual assault of a child,-,-,NT Balance,Unknown ,1
4/08/2026,2024,2,03 Sexual offences,"033, 034 Other child-related sexual offences",-,-,Darwin,,3
4/08/2026,2024,2,03 Sexual offences,"033, 034 Other child-related sexual offences",-,-,Katherine,,1
4/08/2026,2024,2,03 Sexual offences,"033, 034 Other child-related sexual offences",-,-,NT Balance,Elsey,1
4/08/2026,2024,2,03 Sexual offences,"033, 034 Other child-related sexual offences",-,-,NT Balance,Humpty Doo,1
4/08/2026,2024,2,03 Sexual offences,"033, 034 Other child-related sexual offences",-,-,NT Balance,West Arnhem,2
4/08/2026,2024,2,03 Sexual offences,"035, 039 Other sexual offences",-,-,Darwin,,1
4/08/2026,2024,2,03 Sexual offences,"035, 039 Other sexual offences",-,-,Palmerston,,1
4/08/2026,2024,2,03 Sexual offences,"035, 039 Other sexual offences",-,-,Alice Springs,,2
4/08/2026,2024,2,04 Harm or endanger persons,"041, 042, 043 Human trafficking, abduction, deprivation of liberty",-,-,NT Balance,East Arnhem,1
4/08/2026,2024,2,04 Harm or endanger persons,"044 Acts that threaten, harass or control",-,-,Darwin,,20
4/08/2026,2024,2,04 Harm or endanger persons,"044 Acts that threaten, harass or control",-,-,Palmerston,,7
4/08/2026,2024,2,04 Harm or endanger persons,"044 Acts that threaten, harass or control",-,-,Alice Springs,,12
4/08/2026,2024,2,04 Harm or endanger persons,"044 Acts that threaten, harass or control",-,-,Katherine,,2
4/08/2026,2024,2,04 Harm or endanger persons,"044 Acts that threaten, harass or control",-,-,Tennant Creek,,4
4/08/2026,2024,2,04 Harm or endanger persons,"044 Acts that threaten, harass or control",-,-,NT Balance,Anindilyakwa,1
4/08/2026,2024,2,04 Harm or endanger persons,"044 Acts that threaten, harass or control",-,-,NT Balance,Gulf,1
4/08/2026,2024,2,04 Harm or endanger persons,"044 Acts that threaten, harass or control",-,-,NT Balance,Howard Springs,2
4/08/2026,2024,2,04 Harm or endanger persons,"044 Acts that threaten, harass or control",-,-,NT Balance,Humpty Doo,2
4/08/2026,2024,2,04 Harm or endanger persons,"044 Acts that threaten, harass or control",-,-,NT Balance,Sandover - Plenty,4
4/08/2026,2024,2,04 Harm or endanger persons,"044 Acts that threaten, harass or control",-,-,NT Balance,Tanami,1
4/08/2026,2024,2,04 Harm or endanger persons,"044 Acts that threaten, harass or control",-,-,NT Balance,Thamarrurr,4
4/08/2026,2024,2,04 Harm or endanger persons,"044 Acts that threaten, harass or control",-,-,NT Balance,Virginia,1
4/08/2026,2024,2,04 Harm or endanger persons,"044 Acts that threaten, harass or control",-,-,NT Balance,West Arnhem,1
4/08/2026,2024,2,04 Harm or endanger persons,049 Other acts that harm or endanger persons,-,-,Darwin,,3
4/08/2026,2024,2,04 Harm or endanger persons,049 Other acts that harm or endanger persons,-,-,Palmerston,,1
4/08/2026,2024,2,04 Harm or endanger persons,049 Other acts that harm or endanger persons,-,-,Alice Springs,,1
4/08/2026,2024,2,04 Harm or endanger persons,049 Other acts that harm or endanger persons,-,-,Katherine,,1
4/08/2026,2024,2,04 Harm or endanger persons,049 Other acts that harm or endanger persons,-,-,NT Balance,East Arnhem,1
4/08/2026,2024,2,04 Harm or endanger persons,049 Other acts that harm or endanger persons,-,-,NT Balance,Thamarrurr,3
4/08/2026,2024,2,04 Harm or endanger persons,049 Other acts that harm or endanger persons,-,-,NT Balance,Virginia,1
4/08/2026,2024,2,04 Harm or endanger persons,049 Other acts that harm or endanger persons,-,-,NT Balance,West Arnhem,1
4/08/2026,2024,2,"05 Robbery, blackmail, and extortion",051 Robbery,-,-,Darwin,,16
4/08/2026,2024,2,"05 Robbery, blackmail, and extortion",051 Robbery,-,-,Palmerston,,7
4/08/2026,2024,2,"05 Robbery, blackmail, and extortion",051 Robbery,-,-,Alice Springs,,3
4/08/2026,2024,2,"05 Robbery, blackmail, and extortion",051 Robbery,-,-,Katherine,,3
4/08/2026,2024,2,"05 Robbery, blackmail, and extortion",051 Robbery,-,-,Tennant Creek,,2
4/08/2026,2024,2,"05 Robbery, blackmail, and extortion",051 Robbery,-,-,NT Balance,East Arnhem,1
4/08/2026,2024,2,"05 Robbery, blackmail, and extortion",051 Robbery,-,-,NT Balance,Thamarrurr,1
4/08/2026,2024,2,061 Burglary - dwelling,"061 Burglary - dwelling (house break-ins), actual",-,-,Darwin,,61
4/08/2026,2024,2,061 Burglary - dwelling,"061 Burglary - dwelling (house break-ins), actual",-,-,Palmerston,,21
4/08/2026,2024,2,061 Burglary - dwelling,"061 Burglary - dwelling (house break-ins), actual",-,-,Alice Springs,,53
4/08/2026,2024,2,061 Burglary - dwelling,"061 Burglary - dwelling (house break-ins), actual",-,-,Katherine,,9
4/08/2026,2024,2,061 Burglary - dwelling,"061 Burglary - dwelling (house break-ins), actual",-,-,Tennant Creek,,11
4/08/2026,2024,2,061 Burglary - dwelling,"061 Burglary - dwelling (house break-ins), actual",-,-,Nhulunbuy,,3
4/08/2026,2024,2,061 Burglary - dwelling,"061 Burglary - dwelling (house break-ins), actual",-,-,NT Balance,Alligator,2
4/08/2026,2024,2,061 Burglary - dwelling,"061 Burglary - dwelling (house break-ins), actual",-,-,NT Balance,Anindilyakwa,13
4/08/2026,2024,2,061 Burglary - dwelling,"061 Burglary - dwelling (house break-ins), actual",-,-,NT Balance,Daly,2
4/08/2026,2024,2,061 Burglary - dwelling,"061 Burglary - dwelling (house break-ins), actual",-,-,NT Balance,East Arnhem,7
4/08/2026,2024,2,061 Burglary - dwelling,"061 Burglary - dwelling (house break-ins), actual",-,-,NT Balance,Elsey,1
4/08/2026,2024,2,061 Burglary - dwelling,"061 Burglary - dwelling (house break-ins), actual",-,-,NT Balance,Gulf,2
4/08/2026,2024,2,061 Burglary - dwelling,"061 Burglary - dwelling (house break-ins), actual",-,-,NT Balance,Humpty Doo,1
4/08/2026,2024,2,061 Burglary - dwelling,"061 Burglary - dwelling (house break-ins), actual",-,-,NT Balance,Petermann - Simpson,4
4/08/2026,2024,2,061 Burglary - dwelling,"061 Burglary - dwelling (house break-ins), actual",-,-,NT Balance,Tanami,1
4/08/2026,2024,2,061 Burglary - dwelling,"061 Burglary - dwelling (house break-ins), actual",-,-,NT Balance,Tiwi Islands,4
4/08/2026,2024,2,061 Burglary - dwelling,"061 Burglary - dwelling (house break-ins), actual",-,-,NT Balance,Virginia,3
4/08/2026,2024,2,061 Burglary - dwelling,"061 Burglary - dwelling (house break-ins), actual",-,-,NT Balance,Weddell,1
4/08/2026,2024,2,061 Burglary - dwelling,"061 Burglary - dwelling (house break-ins), actual",-,-,NT Balance,West Arnhem,5
4/08/2026,2024,2,061 Burglary - dwelling,"061 Burglary - dweling (house break-ins), attempted",-,-,Darwin,,27
4/08/2026,2024,2,061 Burglary - dwelling,"061 Burglary - dweling (house break-ins), attempted",-,-,Palmerston,,6
4/08/2026,2024,2,061 Burglary - dwelling,"061 Burglary - dweling (house break-ins), attempted",-,-,Alice Springs,,12
4/08/2026,2024,2,061 Burglary - dwelling,"061 Burglary - dweling (house break-ins), attempted",-,-,Katherine,,2
4/08/2026,2024,2,061 Burglary - dwelling,"061 Burglary - dweling (house break-ins), attempted",-,-,Tennant Creek,,2
4/08/2026,2024,2,061 Burglary - dwelling,"061 Burglary - dweling (house break-ins), attempted",-,-,Nhulunbuy,,1
4/08/2026,2024,2,061 Burglary - dwelling,"061 Burglary - dweling (house break-ins), attempted",-,-,NT Balance,Anindilyakwa,1
4/08/2026,2024,2,061 Burglary - dwelling,"061 Burglary - dweling (house break-ins), attempted",-,-,NT Balance,Daly,1
4/08/2026,2024,2,061 Burglary - dwelling,"061 Burglary - dweling (house break-ins), attempted",-,-,NT Balance,Gulf,1
4/08/2026,2024,2,061 Burglary - dwelling,"061 Burglary - dweling (house break-ins), attempted",-,-,NT Balance,West Arnhem,2
4/08/2026,2024,2,061 Burglary - dwelling,"061 Burglary - dweling (house break-ins), attempted",-,-,NT Balance,Unknown ,1
4/08/2026,2024,2,062 Burglary - non-residential,"062 Burglary - non-residential (commercial break-ins), actual",-,-,Darwin,,33
4/08/2026,2024,2,062 Burglary - non-residential,"062 Burglary - non-residential (commercial break-ins), actual",-,-,Palmerston,,8
4/08/2026,2024,2,062 Burglary - non-residential,"062 Burglary - non-residential (commercial break-ins), actual",-,-,Alice Springs,,19
4/08/2026,2024,2,062 Burglary - non-residential,"062 Burglary - non-residential (commercial break-ins), actual",-,-,Katherine,,12
4/08/2026,2024,2,062 Burglary - non-residential,"062 Burglary - non-residential (commercial break-ins), actual",-,-,Tennant Creek,,5
4/08/2026,2024,2,062 Burglary - non-residential,"062 Burglary - non-residential (commercial break-ins), actual",-,-,Nhulunbuy,,5
4/08/2026,2024,2,062 Burglary - non-residential,"062 Burglary - non-residential (commercial break-ins), actual",-,-,NT Balance,Anindilyakwa,2
4/08/2026,2024,2,062 Burglary - non-residential,"062 Burglary - non-residential (commercial break-ins), actual",-,-,NT Balance,Barkly,1
4/08/2026,2024,2,062 Burglary - non-residential,"062 Burglary - non-residential (commercial break-ins), actual",-,-,NT Balance,Daly,10
4/08/2026,2024,2,062 Burglary - non-residential,"062 Burglary - non-residential (commercial break-ins), actual",-,-,NT Balance,East Arnhem,15
4/08/2026,2024,2,062 Burglary - non-residential,"062 Burglary - non-residential (commercial break-ins), actual",-,-,NT Balance,Elsey,2
4/08/2026,2024,2,062 Burglary - non-residential,"062 Burglary - non-residential (commercial break-ins), actual",-,-,NT Balance,Gulf,1
4/08/2026,2024,2,062 Burglary - non-residential,"062 Burglary - non-residential (commercial break-ins), actual",-,-,NT Balance,Howard Springs,1
4/08/2026,2024,2,062 Burglary - non-residential,"062 Burglary - non-residential (commercial break-ins), actual",-,-,NT Balance,Humpty Doo,1
4/08/2026,2024,2,062 Burglary - non-residential,"062 Burglary - non-residential (commercial break-ins), actual",-,-,NT Balance,Petermann - Simpson,3
4/08/2026,2024,2,062 Burglary - non-residential,"062 Burglary - non-residential (commercial break-ins), actual",-,-,NT Balance,Sandover - Plenty,1
4/08/2026,2024,2,062 Burglary - non-residential,"062 Burglary - non-residential (commercial break-ins), actual",-,-,NT Balance,Tanami,3
4/08/2026,2024,2,062 Burglary - non-residential,"062 Burglary - non-residential (commercial break-ins), actual",-,-,NT Balance,Thamarrurr,1
4/08/2026,2024,2,062 Burglary - non-residential,"062 Burglary - non-residential (commercial break-ins), actual",-,-,NT Balance,Tiwi Islands,1
4/08/2026,2024,2,062 Burglary - non-residential,"062 Burglary - non-residential (commercial break-ins), actual",-,-,NT Balance,Victoria River,1
4/08/2026,2024,2,062 Burglary - non-residential,"062 Burglary - non-residential (commercial break-ins), actual",-,-,NT Balance,Virginia,1
4/08/2026,2024,2,062 Burglary - non-residential,"062 Burglary - non-residential (commercial break-ins), actual",-,-,NT Balance,Weddell,1
4/08/2026,2024,2,062 Burglary - non-residential,"062 Burglary - non-residential (commercial break-ins), actual",-,-,NT Balance,West Arnhem,9
4/08/2026,2024,2,062 Burglary - non-residential,"062 Burglary - non-residential (commercial break-ins), actual",-,-,NT Balance,Unknown ,2
4/08/2026,2024,2,062 Burglary - non-residential,"062 Burglary - non-residential (commercial break-ins), attempted",-,-,Darwin,,6
4/08/2026,2024,2,062 Burglary - non-residential,"062 Burglary - non-residential (commercial break-ins), attempted",-,-,Palmerston,,3
4/08/2026,2024,2,062 Burglary - non-residential,"062 Burglary - non-residential (commercial break-ins), attempted",-,-,Alice Springs,,2
4/08/2026,2024,2,062 Burglary - non-residential,"062 Burglary - non-residential (commercial break-ins), attempted",-,-,Katherine,,4
4/08/2026,2024,2,062 Burglary - non-residential,"062 Burglary - non-residential (commercial break-ins), attempted",-,-,NT Balance,Sandover - Plenty,1
4/08/2026,2024,2,062 Burglary - non-residential,"062 Burglary - non-residential (commercial break-ins), attempted",-,-,NT Balance,West Arnhem,2
4/08/2026,2024,2,07 Theft,071 Motor vehicle theft and related offences,-,-,Darwin,,21
4/08/2026,2024,2,07 Theft,071 Motor vehicle theft and related offences,-,-,Palmerston,,6
4/08/2026,2024,2,07 Theft,071 Motor vehicle theft and related offences,-,-,Alice Springs,,3
4/08/2026,2024,2,07 Theft,071 Motor vehicle theft and related offences,-,-,Katherine,,1
4/08/2026,2024,2,07 Theft,071 Motor vehicle theft and related offences,-,-,Tennant Creek,,4
4/08/2026,2024,2,07 Theft,071 Motor vehicle theft and related offences,-,-,Nhulunbuy,,1
4/08/2026,2024,2,07 Theft,071 Motor vehicle theft and related offences,-,-,NT Balance,Alligator,1
4/08/2026,2024,2,07 Theft,071 Motor vehicle theft and related offences,-,-,NT Balance,East Arnhem,2
4/08/2026,2024,2,07 Theft,071 Motor vehicle theft and related offences,-,-,NT Balance,Howard Springs,1
4/08/2026,2024,2,07 Theft,071 Motor vehicle theft and related offences,-,-,NT Balance,Sandover - Plenty,1
4/08/2026,2024,2,07 Theft,071 Motor vehicle theft and related offences,-,-,NT Balance,Thamarrurr,1
4/08/2026,2024,2,07 Theft,071 Motor vehicle theft and related offences,-,-,NT Balance,Virginia,3
4/08/2026,2024,2,07 Theft,071 Motor vehicle theft and related offences,-,-,NT Balance,West Arnhem,2
4/08/2026,2024,2,07 Theft,07* Other theft,-,-,Darwin,,317
4/08/2026,2024,2,07 Theft,07* Other theft,-,-,Palmerston,,108
4/08/2026,2024,2,07 Theft,07* Other theft,-,-,Alice Springs,,111
4/08/2026,2024,2,07 Theft,07* Other theft,-,-,Katherine,,31
4/08/2026,2024,2,07 Theft,07* Other theft,-,-,Tennant Creek,,19
4/08/2026,2024,2,07 Theft,07* Other theft,-,-,Nhulunbuy,,1
4/08/2026,2024,2,07 Theft,07* Other theft,-,-,NT Balance,Alligator,8
4/08/2026,2024,2,07 Theft,07* Other theft,-,-,NT Balance,Anindilyakwa,5
4/08/2026,2024,2,07 Theft,07* Other theft,-,-,NT Balance,Barkly,3
4/08/2026,2024,2,07 Theft,07* Other theft,-,-,NT Balance,Daly,5
4/08/2026,2024,2,07 Theft,07* Other theft,-,-,NT Balance,East Arnhem,6
4/08/2026,2024,2,07 Theft,07* Other theft,-,-,NT Balance,Elsey,2
4/08/2026,2024,2,07 Theft,07* Other theft,-,-,NT Balance,Gulf,2
4/08/2026,2024,2,07 Theft,07* Other theft,-,-,NT Balance,Howard Springs,10
4/08/2026,2024,2,07 Theft,07* Other theft,-,-,NT Balance,Humpty Doo,3
4/08/2026,2024,2,07 Theft,07* Other theft,-,-,NT Balance,Petermann - Simpson,7
4/08/2026,2024,2,07 Theft,07* Other theft,-,-,NT Balance,Sandover - Plenty,1
4/08/2026,2024,2,07 Theft,07* Other theft,-,-,NT Balance,Tanami,1
4/08/2026,2024,2,07 Theft,07* Other theft,-,-,NT Balance,Thamarrurr,1
4/08/2026,2024,2,07 Theft,07* Other theft,-,-,NT Balance,Tiwi Islands,1
4/08/2026,2024,2,07 Theft,07* Other theft,-,-,NT Balance,Victoria River,1
4/08/2026,2024,2,07 Theft,07* Other theft,-,-,NT Balance,Virginia,17
4/08/2026,2024,2,07 Theft,07* Other theft,-,-,NT Balance,Weddell,10
4/08/2026,2024,2,07 Theft,07* Other theft,-,-,NT Balance,West Arnhem,5
4/08/2026,2024,2,07 Theft,07* Other theft,-,-,NT Balance,Yuendumu - Anmatjere,2
4/08/2026,2024,2,07 Theft,07* Other theft,-,-,NT Balance,Unknown ,8
4/08/2026,2024,2,11 Property damage offences,11 Property damage offences,-,-,Darwin,,179
4/08/2026,2024,2,11 Property damage offences,11 Property damage offences,-,-,Palmerston,,73
4/08/2026,2024,2,11 Property damage offences,11 Property damage offences,-,-,Alice Springs,,126
4/08/2026,2024,2,11 Property damage offences,11 Property damage offences,-,-,Katherine,,36
4/08/2026,2024,2,11 Property damage offences,11 Property damage offences,-,-,Tennant Creek,,32
4/08/2026,2024,2,11 Property damage offences,11 Property damage offences,-,-,NT Balance,Alligator,4
4/08/2026,2024,2,11 Property damage offences,11 Property damage offences,-,-,NT Balance,Anindilyakwa,7
4/08/2026,2024,2,11 Property damage offences,11 Property damage offences,-,-,NT Balance,Barkly,2
4/08/2026,2024,2,11 Property damage offences,11 Property damage offences,-,-,NT Balance,Daly,10
4/08/2026,2024,2,11 Property damage offences,11 Property damage offences,-,-,NT Balance,East Arnhem,17
4/08/2026,2024,2,11 Property damage offences,11 Property damage offences,-,-,NT Balance,Elsey,3
4/08/2026,2024,2,11 Property damage offences,11 Property damage offences,-,-,NT Balance,Gulf,5
4/08/2026,2024,2,11 Property damage offences,11 Property damage offences,-,-,NT Balance,Howard Springs,6
4/08/2026,2024,2,11 Property damage offences,11 Property damage offences,-,-,NT Balance,Humpty Doo,2
4/08/2026,2024,2,11 Property damage offences,11 Property damage offences,-,-,NT Balance,Petermann - Simpson,3
4/08/2026,2024,2,11 Property damage offences,11 Property damage offences,-,-,NT Balance,Sandover - Plenty,2
4/08/2026,2024,2,11 Property damage offences,11 Property damage offences,-,-,NT Balance,Tanami,8
4/08/2026,2024,2,11 Property damage offences,11 Property damage offences,-,-,NT Balance,Thamarrurr,10
4/08/2026,2024,2,11 Property damage offences,11 Property damage offences,-,-,NT Balance,Tiwi Islands,2
4/08/2026,2024,2,11 Property damage offences,11 Property damage offences,-,-,NT Balance,Victoria River,4
4/08/2026,2024,2,11 Property damage offences,11 Property damage offences,-,-,NT Balance,Virginia,8
4/08/2026,2024,2,11 Property damage offences,11 Property damage offences,-,-,NT Balance,Weddell,3
4/08/2026,2024,2,11 Property damage offences,11 Property damage offences,-,-,NT Balance,West Arnhem,14
4/08/2026,2024,2,11 Property damage offences,11 Property damage offences,-,-,NT Balance,Yuendumu - Anmatjere,2
4/08/2026,2024,2,11 Property damage offences,11 Property damage offences,-,-,NT Balance,Unknown ,6
4/08/2026,2024,3,01 Homicide,0131 Manslaughter,-,-,NT Balance,Weddell,1
4/08/2026,2024,3,01 Homicide,0132 Driving causing death,-,-,Alice Springs,,2
4/08/2026,2024,3,01 Homicide,0132 Driving causing death,-,-,Katherine,,1
4/08/2026,2024,3,02 Assault,021 Serious Assault,No,No,Darwin,,38
4/08/2026,2024,3,02 Assault,021 Serious Assault,No,No,Palmerston,,13
4/08/2026,2024,3,02 Assault,021 Serious Assault,No,No,Alice Springs,,28
4/08/2026,2024,3,02 Assault,021 Serious Assault,No,No,Katherine,,10
4/08/2026,2024,3,02 Assault,021 Serious Assault,No,No,Tennant Creek,,3
4/08/2026,2024,3,02 Assault,021 Serious Assault,No,No,NT Balance,Anindilyakwa,2
4/08/2026,2024,3,02 Assault,021 Serious Assault,No,No,NT Balance,East Arnhem,1
4/08/2026,2024,3,02 Assault,021 Serious Assault,No,No,NT Balance,Elsey,1
4/08/2026,2024,3,02 Assault,021 Serious Assault,No,No,NT Balance,Gulf,1
4/08/2026,2024,3,02 Assault,021 Serious Assault,No,No,NT Balance,Howard Springs,2
4/08/2026,2024,3,02 Assault,021 Serious Assault,No,No,NT Balance,Humpty Doo,2
4/08/2026,2024,3,02 Assault,021 Serious Assault,No,No,NT Balance,Petermann - Simpson,1
4/08/2026,2024,3,02 Assault,021 Serious Assault,No,No,NT Balance,Sandover - Plenty,6
4/08/2026,2024,3,02 Assault,021 Serious Assault,No,No,NT Balance,Tanami,2
4/08/2026,2024,3,02 Assault,021 Serious Assault,No,No,NT Balance,Thamarrurr,3
4/08/2026,2024,3,02 Assault,021 Serious Assault,No,No,NT Balance,Tiwi Islands,4
4/08/2026,2024,3,02 Assault,021 Serious Assault,No,No,NT Balance,West Arnhem,3
4/08/2026,2024,3,02 Assault,021 Serious Assault,No,No,NT Balance,Yuendumu - Anmatjere,2
4/08/2026,2024,3,02 Assault,021 Serious Assault,No,No,NT Balance,Unknown ,4
4/08/2026,2024,3,02 Assault,021 Serious Assault,No,Yes,Darwin,,40
4/08/2026,2024,3,02 Assault,021 Serious Assault,No,Yes,Palmerston,,23
4/08/2026,2024,3,02 Assault,021 Serious Assault,No,Yes,Alice Springs,,62
4/08/2026,2024,3,02 Assault,021 Serious Assault,No,Yes,Katherine,,11
4/08/2026,2024,3,02 Assault,021 Serious Assault,No,Yes,Tennant Creek,,9
4/08/2026,2024,3,02 Assault,021 Serious Assault,No,Yes,Nhulunbuy,,1
4/08/2026,2024,3,02 Assault,021 Serious Assault,No,Yes,NT Balance,Alligator,3
4/08/2026,2024,3,02 Assault,021 Serious Assault,No,Yes,NT Balance,Anindilyakwa,2
4/08/2026,2024,3,02 Assault,021 Serious Assault,No,Yes,NT Balance,Daly,1
4/08/2026,2024,3,02 Assault,021 Serious Assault,No,Yes,NT Balance,East Arnhem,17
4/08/2026,2024,3,02 Assault,021 Serious Assault,No,Yes,NT Balance,Elsey,4
4/08/2026,2024,3,02 Assault,021 Serious Assault,No,Yes,NT Balance,Gulf,5
4/08/2026,2024,3,02 Assault,021 Serious Assault,No,Yes,NT Balance,Humpty Doo,1
4/08/2026,2024,3,02 Assault,021 Serious Assault,No,Yes,NT Balance,Petermann - Simpson,3
4/08/2026,2024,3,02 Assault,021 Serious Assault,No,Yes,NT Balance,Sandover - Plenty,9
4/08/2026,2024,3,02 Assault,021 Serious Assault,No,Yes,NT Balance,Tanami,6
4/08/2026,2024,3,02 Assault,021 Serious Assault,No,Yes,NT Balance,Thamarrurr,13
4/08/2026,2024,3,02 Assault,021 Serious Assault,No,Yes,NT Balance,Tiwi Islands,8
4/08/2026,2024,3,02 Assault,021 Serious Assault,No,Yes,NT Balance,Victoria River,3
4/08/2026,2024,3,02 Assault,021 Serious Assault,No,Yes,NT Balance,Weddell,2
4/08/2026,2024,3,02 Assault,021 Serious Assault,No,Yes,NT Balance,West Arnhem,13
4/08/2026,2024,3,02 Assault,021 Serious Assault,No,Yes,NT Balance,Yuendumu - Anmatjere,2
4/08/2026,2024,3,02 Assault,021 Serious Assault,No,Yes,NT Balance,Unknown ,7
4/08/2026,2024,3,02 Assault,021 Serious Assault,Yes,No,Darwin,,34
4/08/2026,2024,3,02 Assault,021 Serious Assault,Yes,No,Palmerston,,7
4/08/2026,2024,3,02 Assault,021 Serious Assault,Yes,No,Alice Springs,,18
4/08/2026,2024,3,02 Assault,021 Serious Assault,Yes,No,Katherine,,8
4/08/2026,2024,3,02 Assault,021 Serious Assault,Yes,No,Tennant Creek,,1
4/08/2026,2024,3,02 Assault,021 Serious Assault,Yes,No,Nhulunbuy,,2
4/08/2026,2024,3,02 Assault,021 Serious Assault,Yes,No,NT Balance,Daly,1
4/08/2026,2024,3,02 Assault,021 Serious Assault,Yes,No,NT Balance,East Arnhem,1
4/08/2026,2024,3,02 Assault,021 Serious Assault,Yes,No,NT Balance,Tiwi Islands,2
4/08/2026,2024,3,02 Assault,021 Serious Assault,Yes,No,NT Balance,Victoria River,1
4/08/2026,2024,3,02 Assault,021 Serious Assault,Yes,Yes,Darwin,,57
4/08/2026,2024,3,02 Assault,021 Serious Assault,Yes,Yes,Palmerston,,32
4/08/2026,2024,3,02 Assault,021 Serious Assault,Yes,Yes,Alice Springs,,72
4/08/2026,2024,3,02 Assault,021 Serious Assault,Yes,Yes,Katherine,,33
4/08/2026,2024,3,02 Assault,021 Serious Assault,Yes,Yes,Tennant Creek,,28
4/08/2026,2024,3,02 Assault,021 Serious Assault,Yes,Yes,NT Balance,Alligator,3
4/08/2026,2024,3,02 Assault,021 Serious Assault,Yes,Yes,NT Balance,Anindilyakwa,1
4/08/2026,2024,3,02 Assault,021 Serious Assault,Yes,Yes,NT Balance,Barkly,2
4/08/2026,2024,3,02 Assault,021 Serious Assault,Yes,Yes,NT Balance,Daly,1
4/08/2026,2024,3,02 Assault,021 Serious Assault,Yes,Yes,NT Balance,East Arnhem,3
4/08/2026,2024,3,02 Assault,021 Serious Assault,Yes,Yes,NT Balance,Elsey,3
4/08/2026,2024,3,02 Assault,021 Serious Assault,Yes,Yes,NT Balance,Howard Springs,1
4/08/2026,2024,3,02 Assault,021 Serious Assault,Yes,Yes,NT Balance,Humpty Doo,2
4/08/2026,2024,3,02 Assault,021 Serious Assault,Yes,Yes,NT Balance,Petermann - Simpson,2
4/08/2026,2024,3,02 Assault,021 Serious Assault,Yes,Yes,NT Balance,Sandover - Plenty,2
4/08/2026,2024,3,02 Assault,021 Serious Assault,Yes,Yes,NT Balance,Tiwi Islands,3
4/08/2026,2024,3,02 Assault,021 Serious Assault,Yes,Yes,NT Balance,Victoria River,3
4/08/2026,2024,3,02 Assault,021 Serious Assault,Yes,Yes,NT Balance,Virginia,1
4/08/2026,2024,3,02 Assault,021 Serious Assault,Yes,Yes,NT Balance,West Arnhem,8
4/08/2026,2024,3,02 Assault,021 Serious Assault,Yes,Yes,NT Balance,Yuendumu - Anmatjere,1
4/08/2026,2024,3,02 Assault,021 Serious Assault,Yes,Yes,NT Balance,Unknown ,1
4/08/2026,2024,3,02 Assault,022 Assault of a prescribed officer,No,No,Darwin,,1
4/08/2026,2024,3,02 Assault,022 Assault of a prescribed officer,No,No,Alice Springs,,1
4/08/2026,2024,3,02 Assault,022 Assault of a prescribed officer,No,No,Katherine,,1
4/08/2026,2024,3,02 Assault,022 Assault of a prescribed officer,No,No,Tennant Creek,,1
4/08/2026,2024,3,02 Assault,022 Assault of a prescribed officer,No,No,NT Balance,Gulf,1
4/08/2026,2024,3,02 Assault,022 Assault of a prescribed officer,No,Yes,Darwin,,2
4/08/2026,2024,3,02 Assault,022 Assault of a prescribed officer,Yes,No,Darwin,,3
4/08/2026,2024,3,02 Assault,022 Assault of a prescribed officer,Yes,No,Palmerston,,2
4/08/2026,2024,3,02 Assault,022 Assault of a prescribed officer,Yes,No,Alice Springs,,6
4/08/2026,2024,3,02 Assault,022 Assault of a prescribed officer,Yes,No,Katherine,,1
4/08/2026,2024,3,02 Assault,022 Assault of a prescribed officer,Yes,Yes,Darwin,,1
4/08/2026,2024,3,02 Assault,023 Common Assault,No,No,Darwin,,30
4/08/2026,2024,3,02 Assault,023 Common Assault,No,No,Palmerston,,11
4/08/2026,2024,3,02 Assault,023 Common Assault,No,No,Alice Springs,,20
4/08/2026,2024,3,02 Assault,023 Common Assault,No,No,Katherine,,1
4/08/2026,2024,3,02 Assault,023 Common Assault,No,No,Tennant Creek,,1
4/08/2026,2024,3,02 Assault,023 Common Assault,No,No,NT Balance,East Arnhem,2
4/08/2026,2024,3,02 Assault,023 Common Assault,No,No,NT Balance,Gulf,1
4/08/2026,2024,3,02 Assault,023 Common Assault,No,No,NT Balance,Howard Springs,5
4/08/2026,2024,3,02 Assault,023 Common Assault,No,No,NT Balance,Humpty Doo,6
4/08/2026,2024,3,02 Assault,023 Common Assault,No,No,NT Balance,Sandover - Plenty,1
4/08/2026,2024,3,02 Assault,023 Common Assault,No,No,NT Balance,Tiwi Islands,1
4/08/2026,2024,3,02 Assault,023 Common Assault,No,No,NT Balance,Victoria River,2
4/08/2026,2024,3,02 Assault,023 Common Assault,No,No,NT Balance,Virginia,1
4/08/2026,2024,3,02 Assault,023 Common Assault,No,No,NT Balance,Weddell,2
4/08/2026,2024,3,02 Assault,023 Common Assault,No,No,NT Balance,Unknown ,2
4/08/2026,2024,3,02 Assault,023 Common Assault,No,Yes,Darwin,,5
4/08/2026,2024,3,02 Assault,023 Common Assault,No,Yes,Palmerston,,4
4/08/2026,2024,3,02 Assault,023 Common Assault,No,Yes,Alice Springs,,7
4/08/2026,2024,3,02 Assault,023 Common Assault,No,Yes,Katherine,,1
4/08/2026,2024,3,02 Assault,023 Common Assault,No,Yes,Tennant Creek,,2
4/08/2026,2024,3,02 Assault,023 Common Assault,No,Yes,NT Balance,Anindilyakwa,1
4/08/2026,2024,3,02 Assault,023 Common Assault,No,Yes,NT Balance,East Arnhem,3
4/08/2026,2024,3,02 Assault,023 Common Assault,No,Yes,NT Balance,Elsey,1
4/08/2026,2024,3,02 Assault,023 Common Assault,No,Yes,NT Balance,Gulf,1
4/08/2026,2024,3,02 Assault,023 Common Assault,No,Yes,NT Balance,Petermann - Simpson,1
4/08/2026,2024,3,02 Assault,023 Common Assault,No,Yes,NT Balance,Tanami,1
4/08/2026,2024,3,02 Assault,023 Common Assault,No,Yes,NT Balance,Thamarrurr,3
4/08/2026,2024,3,02 Assault,023 Common Assault,No,Yes,NT Balance,West Arnhem,2
4/08/2026,2024,3,02 Assault,023 Common Assault,Yes,No,Darwin,,3
4/08/2026,2024,3,02 Assault,023 Common Assault,Yes,No,Palmerston,,6
4/08/2026,2024,3,02 Assault,023 Common Assault,Yes,No,Alice Springs,,2
4/08/2026,2024,3,02 Assault,023 Common Assault,Yes,No,Katherine,,1
4/08/2026,2024,3,02 Assault,023 Common Assault,Yes,No,NT Balance,Daly,1
4/08/2026,2024,3,02 Assault,023 Common Assault,Yes,Yes,Darwin,,3
4/08/2026,2024,3,02 Assault,023 Common Assault,Yes,Yes,Palmerston,,3
4/08/2026,2024,3,02 Assault,023 Common Assault,Yes,Yes,Alice Springs,,6
4/08/2026,2024,3,02 Assault,023 Common Assault,Yes,Yes,NT Balance,Alligator,1
4/08/2026,2024,3,02 Assault,023 Common Assault,Yes,Yes,NT Balance,Gulf,1
4/08/2026,2024,3,02 Assault,023 Common Assault,Yes,Yes,NT Balance,West Arnhem,1
4/08/2026,2024,3,02 Assault,023 Common Assault,Yes,Yes,NT Balance,Yuendumu - Anmatjere,1
4/08/2026,2024,3,03 Sexual offences,031 Sexual assault of an adult,-,-,Darwin,,13
4/08/2026,2024,3,03 Sexual offences,031 Sexual assault of an adult,-,-,Palmerston,,2
4/08/2026,2024,3,03 Sexual offences,031 Sexual assault of an adult,-,-,Alice Springs,,2
4/08/2026,2024,3,03 Sexual offences,031 Sexual assault of an adult,-,-,Katherine,,1
4/08/2026,2024,3,03 Sexual offences,031 Sexual assault of an adult,-,-,Tennant Creek,,1
4/08/2026,2024,3,03 Sexual offences,031 Sexual assault of an adult,-,-,NT Balance,East Arnhem,1
4/08/2026,2024,3,03 Sexual offences,031 Sexual assault of an adult,-,-,NT Balance,Howard Springs,1
4/08/2026,2024,3,03 Sexual offences,031 Sexual assault of an adult,-,-,NT Balance,Petermann - Simpson,1
4/08/2026,2024,3,03 Sexual offences,032 Sexual assault of a child,-,-,Darwin,,3
4/08/2026,2024,3,03 Sexual offences,032 Sexual assault of a child,-,-,Palmerston,,1
4/08/2026,2024,3,03 Sexual offences,032 Sexual assault of a child,-,-,Alice Springs,,1
4/08/2026,2024,3,03 Sexual offences,032 Sexual assault of a child,-,-,Tennant Creek,,1
4/08/2026,2024,3,03 Sexual offences,032 Sexual assault of a child,-,-,NT Balance,Sandover - Plenty,1
4/08/2026,2024,3,03 Sexual offences,032 Sexual assault of a child,-,-,NT Balance,Weddell,1
4/08/2026,2024,3,03 Sexual offences,"033, 034 Other child-related sexual offences",-,-,Alice Springs,,1
4/08/2026,2024,3,03 Sexual offences,"033, 034 Other child-related sexual offences",-,-,Tennant Creek,,1
4/08/2026,2024,3,03 Sexual offences,"033, 034 Other child-related sexual offences",-,-,NT Balance,Tanami,1
4/08/2026,2024,3,03 Sexual offences,"033, 034 Other child-related sexual offences",-,-,NT Balance,West Arnhem,1
4/08/2026,2024,3,03 Sexual offences,"035, 039 Other sexual offences",-,-,Darwin,,2
4/08/2026,2024,3,03 Sexual offences,"035, 039 Other sexual offences",-,-,Alice Springs,,2
4/08/2026,2024,3,03 Sexual offences,"035, 039 Other sexual offences",-,-,Katherine,,2
4/08/2026,2024,3,03 Sexual offences,"035, 039 Other sexual offences",-,-,Tennant Creek,,1
4/08/2026,2024,3,03 Sexual offences,"035, 039 Other sexual offences",-,-,NT Balance,East Arnhem,1
4/08/2026,2024,3,04 Harm or endanger persons,"041, 042, 043 Human trafficking, abduction, deprivation of liberty",-,-,Darwin,,1
4/08/2026,2024,3,04 Harm or endanger persons,"041, 042, 043 Human trafficking, abduction, deprivation of liberty",-,-,Alice Springs,,1
4/08/2026,2024,3,04 Harm or endanger persons,"041, 042, 043 Human trafficking, abduction, deprivation of liberty",-,-,NT Balance,Petermann - Simpson,1
4/08/2026,2024,3,04 Harm or endanger persons,"044 Acts that threaten, harass or control",-,-,Darwin,,16
4/08/2026,2024,3,04 Harm or endanger persons,"044 Acts that threaten, harass or control",-,-,Palmerston,,4
4/08/2026,2024,3,04 Harm or endanger persons,"044 Acts that threaten, harass or control",-,-,Alice Springs,,13
4/08/2026,2024,3,04 Harm or endanger persons,"044 Acts that threaten, harass or control",-,-,Katherine,,3
4/08/2026,2024,3,04 Harm or endanger persons,"044 Acts that threaten, harass or control",-,-,Nhulunbuy,,1
4/08/2026,2024,3,04 Harm or endanger persons,"044 Acts that threaten, harass or control",-,-,NT Balance,Alligator,1
4/08/2026,2024,3,04 Harm or endanger persons,"044 Acts that threaten, harass or control",-,-,NT Balance,Howard Springs,2
4/08/2026,2024,3,04 Harm or endanger persons,"044 Acts that threaten, harass or control",-,-,NT Balance,Humpty Doo,4
4/08/2026,2024,3,04 Harm or endanger persons,"044 Acts that threaten, harass or control",-,-,NT Balance,Sandover - Plenty,1
4/08/2026,2024,3,04 Harm or endanger persons,"044 Acts that threaten, harass or control",-,-,NT Balance,Thamarrurr,1
4/08/2026,2024,3,04 Harm or endanger persons,045 Driving causing serious injury,-,-,Tennant Creek,,1
4/08/2026,2024,3,04 Harm or endanger persons,049 Other acts that harm or endanger persons,-,-,Darwin,,5
4/08/2026,2024,3,04 Harm or endanger persons,049 Other acts that harm or endanger persons,-,-,Palmerston,,1
4/08/2026,2024,3,04 Harm or endanger persons,049 Other acts that harm or endanger persons,-,-,Alice Springs,,2
4/08/2026,2024,3,04 Harm or endanger persons,049 Other acts that harm or endanger persons,-,-,Katherine,,1
4/08/2026,2024,3,04 Harm or endanger persons,049 Other acts that harm or endanger persons,-,-,NT Balance,East Arnhem,1
4/08/2026,2024,3,04 Harm or endanger persons,049 Other acts that harm or endanger persons,-,-,NT Balance,Gulf,1
4/08/2026,2024,3,"05 Robbery, blackmail, and extortion",051 Robbery,-,-,Darwin,,35
4/08/2026,2024,3,"05 Robbery, blackmail, and extortion",051 Robbery,-,-,Palmerston,,12
4/08/2026,2024,3,"05 Robbery, blackmail, and extortion",051 Robbery,-,-,Alice Springs,,7
4/08/2026,2024,3,"05 Robbery, blackmail, and extortion",051 Robbery,-,-,Katherine,,8
4/08/2026,2024,3,"05 Robbery, blackmail, and extortion",052 Blackmail or other extortion,-,-,Palmerston,,1
4/08/2026,2024,3,061 Burglary - dwelling,"061 Burglary - dwelling (house break-ins), actual",-,-,Darwin,,62
4/08/2026,2024,3,061 Burglary - dwelling,"061 Burglary - dwelling (house break-ins), actual",-,-,Palmerston,,18
4/08/2026,2024,3,061 Burglary - dwelling,"061 Burglary - dwelling (house break-ins), actual",-,-,Alice Springs,,54
4/08/2026,2024,3,061 Burglary - dwelling,"061 Burglary - dwelling (house break-ins), actual",-,-,Katherine,,13
4/08/2026,2024,3,061 Burglary - dwelling,"061 Burglary - dwelling (house break-ins), actual",-,-,Tennant Creek,,6
4/08/2026,2024,3,061 Burglary - dwelling,"061 Burglary - dwelling (house break-ins), actual",-,-,Nhulunbuy,,11
4/08/2026,2024,3,061 Burglary - dwelling,"061 Burglary - dwelling (house break-ins), actual",-,-,NT Balance,Alligator,1
4/08/2026,2024,3,061 Burglary - dwelling,"061 Burglary - dwelling (house break-ins), actual",-,-,NT Balance,Anindilyakwa,3
4/08/2026,2024,3,061 Burglary - dwelling,"061 Burglary - dwelling (house break-ins), actual",-,-,NT Balance,Barkly,4
4/08/2026,2024,3,061 Burglary - dwelling,"061 Burglary - dwelling (house break-ins), actual",-,-,NT Balance,Daly,1
4/08/2026,2024,3,061 Burglary - dwelling,"061 Burglary - dwelling (house break-ins), actual",-,-,NT Balance,East Arnhem,5
4/08/2026,2024,3,061 Burglary - dwelling,"061 Burglary - dwelling (house break-ins), actual",-,-,NT Balance,Gulf,1
4/08/2026,2024,3,061 Burglary - dwelling,"061 Burglary - dwelling (house break-ins), actual",-,-,NT Balance,Howard Springs,1
4/08/2026,2024,3,061 Burglary - dwelling,"061 Burglary - dwelling (house break-ins), actual",-,-,NT Balance,Petermann - Simpson,1
4/08/2026,2024,3,061 Burglary - dwelling,"061 Burglary - dwelling (house break-ins), actual",-,-,NT Balance,Sandover - Plenty,1
4/08/2026,2024,3,061 Burglary - dwelling,"061 Burglary - dwelling (house break-ins), actual",-,-,NT Balance,Tanami,2
4/08/2026,2024,3,061 Burglary - dwelling,"061 Burglary - dwelling (house break-ins), actual",-,-,NT Balance,Thamarrurr,1
4/08/2026,2024,3,061 Burglary - dwelling,"061 Burglary - dwelling (house break-ins), actual",-,-,NT Balance,Victoria River,1
4/08/2026,2024,3,061 Burglary - dwelling,"061 Burglary - dwelling (house break-ins), actual",-,-,NT Balance,Weddell,1
4/08/2026,2024,3,061 Burglary - dwelling,"061 Burglary - dweling (house break-ins), attempted",-,-,Darwin,,16
4/08/2026,2024,3,061 Burglary - dwelling,"061 Burglary - dweling (house break-ins), attempted",-,-,Palmerston,,4
4/08/2026,2024,3,061 Burglary - dwelling,"061 Burglary - dweling (house break-ins), attempted",-,-,Alice Springs,,13
4/08/2026,2024,3,061 Burglary - dwelling,"061 Burglary - dweling (house break-ins), attempted",-,-,Katherine,,4
4/08/2026,2024,3,061 Burglary - dwelling,"061 Burglary - dweling (house break-ins), attempted",-,-,Tennant Creek,,1
4/08/2026,2024,3,061 Burglary - dwelling,"061 Burglary - dweling (house break-ins), attempted",-,-,Nhulunbuy,,3
4/08/2026,2024,3,061 Burglary - dwelling,"061 Burglary - dweling (house break-ins), attempted",-,-,NT Balance,Daly,1
4/08/2026,2024,3,061 Burglary - dwelling,"061 Burglary - dweling (house break-ins), attempted",-,-,NT Balance,East Arnhem,2
4/08/2026,2024,3,061 Burglary - dwelling,"061 Burglary - dweling (house break-ins), attempted",-,-,NT Balance,Victoria River,3
4/08/2026,2024,3,062 Burglary - non-residential,"062 Burglary - non-residential (commercial break-ins), actual",-,-,Darwin,,31
4/08/2026,2024,3,062 Burglary - non-residential,"062 Burglary - non-residential (commercial break-ins), actual",-,-,Palmerston,,8
4/08/2026,2024,3,062 Burglary - non-residential,"062 Burglary - non-residential (commercial break-ins), actual",-,-,Alice Springs,,17
4/08/2026,2024,3,062 Burglary - non-residential,"062 Burglary - non-residential (commercial break-ins), actual",-,-,Katherine,,13
4/08/2026,2024,3,062 Burglary - non-residential,"062 Burglary - non-residential (commercial break-ins), actual",-,-,Tennant Creek,,2
4/08/2026,2024,3,062 Burglary - non-residential,"062 Burglary - non-residential (commercial break-ins), actual",-,-,Nhulunbuy,,9
4/08/2026,2024,3,062 Burglary - non-residential,"062 Burglary - non-residential (commercial break-ins), actual",-,-,NT Balance,Alligator,2
4/08/2026,2024,3,062 Burglary - non-residential,"062 Burglary - non-residential (commercial break-ins), actual",-,-,NT Balance,Anindilyakwa,6
4/08/2026,2024,3,062 Burglary - non-residential,"062 Burglary - non-residential (commercial break-ins), actual",-,-,NT Balance,Barkly,5
4/08/2026,2024,3,062 Burglary - non-residential,"062 Burglary - non-residential (commercial break-ins), actual",-,-,NT Balance,Daly,7
4/08/2026,2024,3,062 Burglary - non-residential,"062 Burglary - non-residential (commercial break-ins), actual",-,-,NT Balance,East Arnhem,9
4/08/2026,2024,3,062 Burglary - non-residential,"062 Burglary - non-residential (commercial break-ins), actual",-,-,NT Balance,Elsey,2
4/08/2026,2024,3,062 Burglary - non-residential,"062 Burglary - non-residential (commercial break-ins), actual",-,-,NT Balance,Gulf,3
4/08/2026,2024,3,062 Burglary - non-residential,"062 Burglary - non-residential (commercial break-ins), actual",-,-,NT Balance,Howard Springs,1
4/08/2026,2024,3,062 Burglary - non-residential,"062 Burglary - non-residential (commercial break-ins), actual",-,-,NT Balance,Humpty Doo,1
4/08/2026,2024,3,062 Burglary - non-residential,"062 Burglary - non-residential (commercial break-ins), actual",-,-,NT Balance,Petermann - Simpson,4
4/08/2026,2024,3,062 Burglary - non-residential,"062 Burglary - non-residential (commercial break-ins), actual",-,-,NT Balance,Sandover - Plenty,3
4/08/2026,2024,3,062 Burglary - non-residential,"062 Burglary - non-residential (commercial break-ins), actual",-,-,NT Balance,Tanami,6
4/08/2026,2024,3,062 Burglary - non-residential,"062 Burglary - non-residential (commercial break-ins), actual",-,-,NT Balance,Thamarrurr,1
4/08/2026,2024,3,062 Burglary - non-residential,"062 Burglary - non-residential (commercial break-ins), actual",-,-,NT Balance,Tiwi Islands,1
4/08/2026,2024,3,062 Burglary - non-residential,"062 Burglary - non-residential (commercial break-ins), actual",-,-,NT Balance,Virginia,2
4/08/2026,2024,3,062 Burglary - non-residential,"062 Burglary - non-residential (commercial break-ins), actual",-,-,NT Balance,Weddell,1
4/08/2026,2024,3,062 Burglary - non-residential,"062 Burglary - non-residential (commercial break-ins), actual",-,-,NT Balance,West Arnhem,8
4/08/2026,2024,3,062 Burglary - non-residential,"062 Burglary - non-residential (commercial break-ins), actual",-,-,NT Balance,Unknown ,1
4/08/2026,2024,3,062 Burglary - non-residential,"062 Burglary - non-residential (commercial break-ins), attempted",-,-,Darwin,,7
4/08/2026,2024,3,062 Burglary - non-residential,"062 Burglary - non-residential (commercial break-ins), attempted",-,-,Palmerston,,1
4/08/2026,2024,3,062 Burglary - non-residential,"062 Burglary - non-residential (commercial break-ins), attempted",-,-,Alice Springs,,1
4/08/2026,2024,3,062 Burglary - non-residential,"062 Burglary - non-residential (commercial break-ins), attempted",-,-,Katherine,,2
4/08/2026,2024,3,062 Burglary - non-residential,"062 Burglary - non-residential (commercial break-ins), attempted",-,-,Tennant Creek,,1
4/08/2026,2024,3,062 Burglary - non-residential,"062 Burglary - non-residential (commercial break-ins), attempted",-,-,Nhulunbuy,,1
4/08/2026,2024,3,062 Burglary - non-residential,"062 Burglary - non-residential (commercial break-ins), attempted",-,-,NT Balance,Anindilyakwa,1
4/08/2026,2024,3,062 Burglary - non-residential,"062 Burglary - non-residential (commercial break-ins), attempted",-,-,NT Balance,Tanami,1
4/08/2026,2024,3,07 Theft,071 Motor vehicle theft and related offences,-,-,Darwin,,20
4/08/2026,2024,3,07 Theft,071 Motor vehicle theft and related offences,-,-,Palmerston,,8
4/08/2026,2024,3,07 Theft,071 Motor vehicle theft and related offences,-,-,Alice Springs,,9
4/08/2026,2024,3,07 Theft,071 Motor vehicle theft and related offences,-,-,Katherine,,2
4/08/2026,2024,3,07 Theft,071 Motor vehicle theft and related offences,-,-,Tennant Creek,,1
4/08/2026,2024,3,07 Theft,071 Motor vehicle theft and related offences,-,-,Nhulunbuy,,1
4/08/2026,2024,3,07 Theft,071 Motor vehicle theft and related offences,-,-,NT Balance,Anindilyakwa,1
4/08/2026,2024,3,07 Theft,071 Motor vehicle theft and related offences,-,-,NT Balance,Howard Springs,2
4/08/2026,2024,3,07 Theft,071 Motor vehicle theft and related offences,-,-,NT Balance,Virginia,1
4/08/2026,2024,3,07 Theft,07* Other theft,-,-,Darwin,,311
4/08/2026,2024,3,07 Theft,07* Other theft,-,-,Palmerston,,99
4/08/2026,2024,3,07 Theft,07* Other theft,-,-,Alice Springs,,126
4/08/2026,2024,3,07 Theft,07* Other theft,-,-,Katherine,,29
4/08/2026,2024,3,07 Theft,07* Other theft,-,-,Tennant Creek,,14
4/08/2026,2024,3,07 Theft,07* Other theft,-,-,Nhulunbuy,,6
4/08/2026,2024,3,07 Theft,07* Other theft,-,-,NT Balance,Alligator,5
4/08/2026,2024,3,07 Theft,07* Other theft,-,-,NT Balance,Anindilyakwa,6
4/08/2026,2024,3,07 Theft,07* Other theft,-,-,NT Balance,Barkly,8
4/08/2026,2024,3,07 Theft,07* Other theft,-,-,NT Balance,Daly,5
4/08/2026,2024,3,07 Theft,07* Other theft,-,-,NT Balance,East Arnhem,4
4/08/2026,2024,3,07 Theft,07* Other theft,-,-,NT Balance,Elsey,1
4/08/2026,2024,3,07 Theft,07* Other theft,-,-,NT Balance,Gulf,3
4/08/2026,2024,3,07 Theft,07* Other theft,-,-,NT Balance,Howard Springs,15
4/08/2026,2024,3,07 Theft,07* Other theft,-,-,NT Balance,Humpty Doo,3
4/08/2026,2024,3,07 Theft,07* Other theft,-,-,NT Balance,Petermann - Simpson,3
4/08/2026,2024,3,07 Theft,07* Other theft,-,-,NT Balance,Tanami,2
4/08/2026,2024,3,07 Theft,07* Other theft,-,-,NT Balance,Thamarrurr,2
4/08/2026,2024,3,07 Theft,07* Other theft,-,-,NT Balance,Tiwi Islands,1
4/08/2026,2024,3,07 Theft,07* Other theft,-,-,NT Balance,Victoria River,1
4/08/2026,2024,3,07 Theft,07* Other theft,-,-,NT Balance,Virginia,15
4/08/2026,2024,3,07 Theft,07* Other theft,-,-,NT Balance,Weddell,8
4/08/2026,2024,3,07 Theft,07* Other theft,-,-,NT Balance,West Arnhem,5
4/08/2026,2024,3,07 Theft,07* Other theft,-,-,NT Balance,Unknown ,3
4/08/2026,2024,3,11 Property damage offences,11 Property damage offences,-,-,Darwin,,170
4/08/2026,2024,3,11 Property damage offences,11 Property damage offences,-,-,Palmerston,,36
4/08/2026,2024,3,11 Property damage offences,11 Property damage offences,-,-,Alice Springs,,156
4/08/2026,2024,3,11 Property damage offences,11 Property damage offences,-,-,Katherine,,37
4/08/2026,2024,3,11 Property damage offences,11 Property damage offences,-,-,Tennant Creek,,16
4/08/2026,2024,3,11 Property damage offences,11 Property damage offences,-,-,Nhulunbuy,,7
4/08/2026,2024,3,11 Property damage offences,11 Property damage offences,-,-,NT Balance,Alligator,6
4/08/2026,2024,3,11 Property damage offences,11 Property damage offences,-,-,NT Balance,Anindilyakwa,8
4/08/2026,2024,3,11 Property damage offences,11 Property damage offences,-,-,NT Balance,Barkly,10
4/08/2026,2024,3,11 Property damage offences,11 Property damage offences,-,-,NT Balance,Daly,3
4/08/2026,2024,3,11 Property damage offences,11 Property damage offences,-,-,NT Balance,East Arnhem,15
4/08/2026,2024,3,11 Property damage offences,11 Property damage offences,-,-,NT Balance,Elsey,4
4/08/2026,2024,3,11 Property damage offences,11 Property damage offences,-,-,NT Balance,Gulf,1
4/08/2026,2024,3,11 Property damage offences,11 Property damage offences,-,-,NT Balance,Howard Springs,2
4/08/2026,2024,3,11 Property damage offences,11 Property damage offences,-,-,NT Balance,Humpty Doo,4
4/08/2026,2024,3,11 Property damage offences,11 Property damage offences,-,-,NT Balance,Petermann - Simpson,5
4/08/2026,2024,3,11 Property damage offences,11 Property damage offences,-,-,NT Balance,Sandover - Plenty,3
4/08/2026,2024,3,11 Property damage offences,11 Property damage offences,-,-,NT Balance,Tanami,3
4/08/2026,2024,3,11 Property damage offences,11 Property damage offences,-,-,NT Balance,Thamarrurr,10
4/08/2026,2024,3,11 Property damage offences,11 Property damage offences,-,-,NT Balance,Tiwi Islands,3
4/08/2026,2024,3,11 Property damage offences,11 Property damage offences,-,-,NT Balance,Virginia,4
4/08/2026,2024,3,11 Property damage offences,11 Property damage offences,-,-,NT Balance,West Arnhem,4
4/08/2026,2024,3,11 Property damage offences,11 Property damage offences,-,-,NT Balance,Yuendumu - Anmatjere,3
4/08/2026,2024,3,11 Property damage offences,11 Property damage offences,-,-,NT Balance,Unknown ,8
4/08/2026,2024,4,02 Assault,021 Serious Assault,No,No,Darwin,,35
4/08/2026,2024,4,02 Assault,021 Serious Assault,No,No,Palmerston,,6
4/08/2026,2024,4,02 Assault,021 Serious Assault,No,No,Alice Springs,,27
4/08/2026,2024,4,02 Assault,021 Serious Assault,No,No,Katherine,,11
4/08/2026,2024,4,02 Assault,021 Serious Assault,No,No,Tennant Creek,,3
4/08/2026,2024,4,02 Assault,021 Serious Assault,No,No,Nhulunbuy,,1
4/08/2026,2024,4,02 Assault,021 Serious Assault,No,No,NT Balance,Alligator,3
4/08/2026,2024,4,02 Assault,021 Serious Assault,No,No,NT Balance,Anindilyakwa,2
4/08/2026,2024,4,02 Assault,021 Serious Assault,No,No,NT Balance,Barkly,1
4/08/2026,2024,4,02 Assault,021 Serious Assault,No,No,NT Balance,Daly,3
4/08/2026,2024,4,02 Assault,021 Serious Assault,No,No,NT Balance,East Arnhem,3
4/08/2026,2024,4,02 Assault,021 Serious Assault,No,No,NT Balance,Elsey,2
4/08/2026,2024,4,02 Assault,021 Serious Assault,No,No,NT Balance,Howard Springs,3
4/08/2026,2024,4,02 Assault,021 Serious Assault,No,No,NT Balance,Humpty Doo,1
4/08/2026,2024,4,02 Assault,021 Serious Assault,No,No,NT Balance,Petermann - Simpson,1
4/08/2026,2024,4,02 Assault,021 Serious Assault,No,No,NT Balance,Sandover - Plenty,4
4/08/2026,2024,4,02 Assault,021 Serious Assault,No,No,NT Balance,Tanami,4
4/08/2026,2024,4,02 Assault,021 Serious Assault,No,No,NT Balance,Thamarrurr,2
4/08/2026,2024,4,02 Assault,021 Serious Assault,No,No,NT Balance,West Arnhem,1
4/08/2026,2024,4,02 Assault,021 Serious Assault,No,No,NT Balance,Unknown ,1
4/08/2026,2024,4,02 Assault,021 Serious Assault,No,Yes,Darwin,,32
4/08/2026,2024,4,02 Assault,021 Serious Assault,No,Yes,Palmerston,,19
4/08/2026,2024,4,02 Assault,021 Serious Assault,No,Yes,Alice Springs,,47
4/08/2026,2024,4,02 Assault,021 Serious Assault,No,Yes,Katherine,,7
4/08/2026,2024,4,02 Assault,021 Serious Assault,No,Yes,Tennant Creek,,10
4/08/2026,2024,4,02 Assault,021 Serious Assault,No,Yes,Nhulunbuy,,2
4/08/2026,2024,4,02 Assault,021 Serious Assault,No,Yes,NT Balance,Alligator,1
4/08/2026,2024,4,02 Assault,021 Serious Assault,No,Yes,NT Balance,Daly,4
4/08/2026,2024,4,02 Assault,021 Serious Assault,No,Yes,NT Balance,East Arnhem,14
4/08/2026,2024,4,02 Assault,021 Serious Assault,No,Yes,NT Balance,Elsey,7
4/08/2026,2024,4,02 Assault,021 Serious Assault,No,Yes,NT Balance,Gulf,5
4/08/2026,2024,4,02 Assault,021 Serious Assault,No,Yes,NT Balance,Humpty Doo,1
4/08/2026,2024,4,02 Assault,021 Serious Assault,No,Yes,NT Balance,Petermann - Simpson,8
4/08/2026,2024,4,02 Assault,021 Serious Assault,No,Yes,NT Balance,Sandover - Plenty,7
4/08/2026,2024,4,02 Assault,021 Serious Assault,No,Yes,NT Balance,Tanami,13
4/08/2026,2024,4,02 Assault,021 Serious Assault,No,Yes,NT Balance,Thamarrurr,4
4/08/2026,2024,4,02 Assault,021 Serious Assault,No,Yes,NT Balance,Tiwi Islands,6
4/08/2026,2024,4,02 Assault,021 Serious Assault,No,Yes,NT Balance,Victoria River,9
4/08/2026,2024,4,02 Assault,021 Serious Assault,No,Yes,NT Balance,Weddell,1
4/08/2026,2024,4,02 Assault,021 Serious Assault,No,Yes,NT Balance,West Arnhem,16
4/08/2026,2024,4,02 Assault,021 Serious Assault,No,Yes,NT Balance,Yuendumu - Anmatjere,5
4/08/2026,2024,4,02 Assault,021 Serious Assault,No,Yes,NT Balance,Unknown ,3
4/08/2026,2024,4,02 Assault,021 Serious Assault,Yes,No,Darwin,,22
4/08/2026,2024,4,02 Assault,021 Serious Assault,Yes,No,Palmerston,,12
4/08/2026,2024,4,02 Assault,021 Serious Assault,Yes,No,Alice Springs,,10
4/08/2026,2024,4,02 Assault,021 Serious Assault,Yes,No,Katherine,,11
4/08/2026,2024,4,02 Assault,021 Serious Assault,Yes,No,Tennant Creek,,3
4/08/2026,2024,4,02 Assault,021 Serious Assault,Yes,No,Nhulunbuy,,4
4/08/2026,2024,4,02 Assault,021 Serious Assault,Yes,No,NT Balance,Alligator,1
4/08/2026,2024,4,02 Assault,021 Serious Assault,Yes,No,NT Balance,Barkly,1
4/08/2026,2024,4,02 Assault,021 Serious Assault,Yes,No,NT Balance,East Arnhem,1
4/08/2026,2024,4,02 Assault,021 Serious Assault,Yes,No,NT Balance,Elsey,1
4/08/2026,2024,4,02 Assault,021 Serious Assault,Yes,No,NT Balance,Howard Springs,1
4/08/2026,2024,4,02 Assault,021 Serious Assault,Yes,No,NT Balance,Humpty Doo,2
4/08/2026,2024,4,02 Assault,021 Serious Assault,Yes,No,NT Balance,Sandover - Plenty,1
4/08/2026,2024,4,02 Assault,021 Serious Assault,Yes,No,NT Balance,Tanami,1
4/08/2026,2024,4,02 Assault,021 Serious Assault,Yes,No,NT Balance,Victoria River,1
4/08/2026,2024,4,02 Assault,021 Serious Assault,Yes,Yes,Darwin,,62
4/08/2026,2024,4,02 Assault,021 Serious Assault,Yes,Yes,Palmerston,,37
4/08/2026,2024,4,02 Assault,021 Serious Assault,Yes,Yes,Alice Springs,,50
4/08/2026,2024,4,02 Assault,021 Serious Assault,Yes,Yes,Katherine,,34
4/08/2026,2024,4,02 Assault,021 Serious Assault,Yes,Yes,Tennant Creek,,12
4/08/2026,2024,4,02 Assault,021 Serious Assault,Yes,Yes,Nhulunbuy,,3
4/08/2026,2024,4,02 Assault,021 Serious Assault,Yes,Yes,NT Balance,Alligator,4
4/08/2026,2024,4,02 Assault,021 Serious Assault,Yes,Yes,NT Balance,Anindilyakwa,2
4/08/2026,2024,4,02 Assault,021 Serious Assault,Yes,Yes,NT Balance,Barkly,3
4/08/2026,2024,4,02 Assault,021 Serious Assault,Yes,Yes,NT Balance,Daly,2
4/08/2026,2024,4,02 Assault,021 Serious Assault,Yes,Yes,NT Balance,Elsey,7
4/08/2026,2024,4,02 Assault,021 Serious Assault,Yes,Yes,NT Balance,Gulf,10
4/08/2026,2024,4,02 Assault,021 Serious Assault,Yes,Yes,NT Balance,Tanami,2
4/08/2026,2024,4,02 Assault,021 Serious Assault,Yes,Yes,NT Balance,Thamarrurr,3
4/08/2026,2024,4,02 Assault,021 Serious Assault,Yes,Yes,NT Balance,Tiwi Islands,9
4/08/2026,2024,4,02 Assault,021 Serious Assault,Yes,Yes,NT Balance,Victoria River,2
4/08/2026,2024,4,02 Assault,021 Serious Assault,Yes,Yes,NT Balance,Weddell,2
4/08/2026,2024,4,02 Assault,021 Serious Assault,Yes,Yes,NT Balance,West Arnhem,2
4/08/2026,2024,4,02 Assault,021 Serious Assault,Yes,Yes,NT Balance,Yuendumu - Anmatjere,1
4/08/2026,2024,4,02 Assault,021 Serious Assault,Yes,Yes,NT Balance,Unknown ,2
4/08/2026,2024,4,02 Assault,022 Assault of a prescribed officer,No,No,Darwin,,2
4/08/2026,2024,4,02 Assault,022 Assault of a prescribed officer,No,No,Palmerston,,1
4/08/2026,2024,4,02 Assault,022 Assault of a prescribed officer,No,No,Alice Springs,,2
4/08/2026,2024,4,02 Assault,022 Assault of a prescribed officer,No,No,NT Balance,Alligator,1
4/08/2026,2024,4,02 Assault,022 Assault of a prescribed officer,No,No,NT Balance,Barkly,1
4/08/2026,2024,4,02 Assault,022 Assault of a prescribed officer,No,No,NT Balance,Thamarrurr,1
4/08/2026,2024,4,02 Assault,022 Assault of a prescribed officer,No,Yes,Palmerston,,1
4/08/2026,2024,4,02 Assault,022 Assault of a prescribed officer,Yes,No,Darwin,,2
4/08/2026,2024,4,02 Assault,022 Assault of a prescribed officer,Yes,No,Alice Springs,,6
4/08/2026,2024,4,02 Assault,022 Assault of a prescribed officer,Yes,No,Katherine,,2
4/08/2026,2024,4,02 Assault,022 Assault of a prescribed officer,Yes,Yes,Darwin,,1
4/08/2026,2024,4,02 Assault,022 Assault of a prescribed officer,Yes,Yes,Palmerston,,1
4/08/2026,2024,4,02 Assault,022 Assault of a prescribed officer,Yes,Yes,Katherine,,1
4/08/2026,2024,4,02 Assault,023 Common Assault,No,No,Darwin,,37
4/08/2026,2024,4,02 Assault,023 Common Assault,No,No,Palmerston,,8
4/08/2026,2024,4,02 Assault,023 Common Assault,No,No,Alice Springs,,11
4/08/2026,2024,4,02 Assault,023 Common Assault,No,No,Katherine,,3
4/08/2026,2024,4,02 Assault,023 Common Assault,No,No,NT Balance,Alligator,2
4/08/2026,2024,4,02 Assault,023 Common Assault,No,No,NT Balance,Barkly,1
4/08/2026,2024,4,02 Assault,023 Common Assault,No,No,NT Balance,East Arnhem,1
4/08/2026,2024,4,02 Assault,023 Common Assault,No,No,NT Balance,Howard Springs,2
4/08/2026,2024,4,02 Assault,023 Common Assault,No,No,NT Balance,Humpty Doo,3
4/08/2026,2024,4,02 Assault,023 Common Assault,No,No,NT Balance,Petermann - Simpson,1
4/08/2026,2024,4,02 Assault,023 Common Assault,No,No,NT Balance,Sandover - Plenty,5
4/08/2026,2024,4,02 Assault,023 Common Assault,No,No,NT Balance,Thamarrurr,2
4/08/2026,2024,4,02 Assault,023 Common Assault,No,No,NT Balance,Victoria River,1
4/08/2026,2024,4,02 Assault,023 Common Assault,No,No,NT Balance,Yuendumu - Anmatjere,1
4/08/2026,2024,4,02 Assault,023 Common Assault,No,Yes,Darwin,,7
4/08/2026,2024,4,02 Assault,023 Common Assault,No,Yes,Palmerston,,3
4/08/2026,2024,4,02 Assault,023 Common Assault,No,Yes,Alice Springs,,6
4/08/2026,2024,4,02 Assault,023 Common Assault,No,Yes,NT Balance,Alligator,1
4/08/2026,2024,4,02 Assault,023 Common Assault,No,Yes,NT Balance,East Arnhem,4
4/08/2026,2024,4,02 Assault,023 Common Assault,No,Yes,NT Balance,Elsey,1
4/08/2026,2024,4,02 Assault,023 Common Assault,No,Yes,NT Balance,Gulf,1
4/08/2026,2024,4,02 Assault,023 Common Assault,No,Yes,NT Balance,Petermann - Simpson,1
4/08/2026,2024,4,02 Assault,023 Common Assault,No,Yes,NT Balance,Tanami,2
4/08/2026,2024,4,02 Assault,023 Common Assault,No,Yes,NT Balance,Thamarrurr,3
4/08/2026,2024,4,02 Assault,023 Common Assault,No,Yes,NT Balance,Tiwi Islands,3
4/08/2026,2024,4,02 Assault,023 Common Assault,No,Yes,NT Balance,West Arnhem,3
4/08/2026,2024,4,02 Assault,023 Common Assault,No,Yes,NT Balance,Unknown ,2
4/08/2026,2024,4,02 Assault,023 Common Assault,Yes,No,Darwin,,12
4/08/2026,2024,4,02 Assault,023 Common Assault,Yes,No,Palmerston,,1
4/08/2026,2024,4,02 Assault,023 Common Assault,Yes,No,Alice Springs,,5
4/08/2026,2024,4,02 Assault,023 Common Assault,Yes,No,Katherine,,1
4/08/2026,2024,4,02 Assault,023 Common Assault,Yes,No,Tennant Creek,,1
4/08/2026,2024,4,02 Assault,023 Common Assault,Yes,No,Nhulunbuy,,1
4/08/2026,2024,4,02 Assault,023 Common Assault,Yes,No,NT Balance,Barkly,1
4/08/2026,2024,4,02 Assault,023 Common Assault,Yes,No,NT Balance,Petermann - Simpson,1
4/08/2026,2024,4,02 Assault,023 Common Assault,Yes,No,NT Balance,Thamarrurr,1
4/08/2026,2024,4,02 Assault,023 Common Assault,Yes,No,NT Balance,Virginia,1
4/08/2026,2024,4,02 Assault,023 Common Assault,Yes,Yes,Darwin,,8
4/08/2026,2024,4,02 Assault,023 Common Assault,Yes,Yes,Palmerston,,2
4/08/2026,2024,4,02 Assault,023 Common Assault,Yes,Yes,Alice Springs,,4
4/08/2026,2024,4,02 Assault,023 Common Assault,Yes,Yes,Katherine,,4
4/08/2026,2024,4,02 Assault,023 Common Assault,Yes,Yes,Tennant Creek,,1
4/08/2026,2024,4,02 Assault,023 Common Assault,Yes,Yes,NT Balance,Barkly,1
4/08/2026,2024,4,02 Assault,023 Common Assault,Yes,Yes,NT Balance,Gulf,2
4/08/2026,2024,4,02 Assault,023 Common Assault,Yes,Yes,NT Balance,West Arnhem,2
4/08/2026,2024,4,03 Sexual offences,031 Sexual assault of an adult,-,-,Darwin,,12
4/08/2026,2024,4,03 Sexual offences,031 Sexual assault of an adult,-,-,Palmerston,,7
4/08/2026,2024,4,03 Sexual offences,031 Sexual assault of an adult,-,-,Alice Springs,,3
4/08/2026,2024,4,03 Sexual offences,031 Sexual assault of an adult,-,-,Katherine,,2
4/08/2026,2024,4,03 Sexual offences,031 Sexual assault of an adult,-,-,NT Balance,Howard Springs,3
4/08/2026,2024,4,03 Sexual offences,031 Sexual assault of an adult,-,-,NT Balance,Petermann - Simpson,2
4/08/2026,2024,4,03 Sexual offences,032 Sexual assault of a child,-,-,Darwin,,4
4/08/2026,2024,4,03 Sexual offences,032 Sexual assault of a child,-,-,Palmerston,,1
4/08/2026,2024,4,03 Sexual offences,032 Sexual assault of a child,-,-,NT Balance,Petermann - Simpson,1
4/08/2026,2024,4,03 Sexual offences,032 Sexual assault of a child,-,-,NT Balance,Tanami,1
4/08/2026,2024,4,03 Sexual offences,032 Sexual assault of a child,-,-,NT Balance,Yuendumu - Anmatjere,1
4/08/2026,2024,4,03 Sexual offences,"033, 034 Other child-related sexual offences",-,-,Darwin,,2
4/08/2026,2024,4,03 Sexual offences,"033, 034 Other child-related sexual offences",-,-,Palmerston,,1
4/08/2026,2024,4,03 Sexual offences,"033, 034 Other child-related sexual offences",-,-,Alice Springs,,3
4/08/2026,2024,4,03 Sexual offences,"033, 034 Other child-related sexual offences",-,-,NT Balance,Victoria River,1
4/08/2026,2024,4,03 Sexual offences,"035, 039 Other sexual offences",-,-,Darwin,,2
4/08/2026,2024,4,03 Sexual offences,"035, 039 Other sexual offences",-,-,Alice Springs,,2
4/08/2026,2024,4,03 Sexual offences,"035, 039 Other sexual offences",-,-,NT Balance,East Arnhem,1
4/08/2026,2024,4,03 Sexual offences,"035, 039 Other sexual offences",-,-,NT Balance,Tiwi Islands,1
4/08/2026,2024,4,04 Harm or endanger persons,"041, 042, 043 Human trafficking, abduction, deprivation of liberty",-,-,Alice Springs,,2
4/08/2026,2024,4,04 Harm or endanger persons,"041, 042, 043 Human trafficking, abduction, deprivation of liberty",-,-,NT Balance,Barkly,1
4/08/2026,2024,4,04 Harm or endanger persons,"041, 042, 043 Human trafficking, abduction, deprivation of liberty",-,-,NT Balance,Humpty Doo,1
4/08/2026,2024,4,04 Harm or endanger persons,"041, 042, 043 Human trafficking, abduction, deprivation of liberty",-,-,NT Balance,Victoria River,1
4/08/2026,2024,4,04 Harm or endanger persons,"044 Acts that threaten, harass or control",-,-,Darwin,,21
4/08/2026,2024,4,04 Harm or endanger persons,"044 Acts that threaten, harass or control",-,-,Palmerston,,4
4/08/2026,2024,4,04 Harm or endanger persons,"044 Acts that threaten, harass or control",-,-,Alice Springs,,9
4/08/2026,2024,4,04 Harm or endanger persons,"044 Acts that threaten, harass or control",-,-,Katherine,,2
4/08/2026,2024,4,04 Harm or endanger persons,"044 Acts that threaten, harass or control",-,-,NT Balance,Alligator,1
4/08/2026,2024,4,04 Harm or endanger persons,"044 Acts that threaten, harass or control",-,-,NT Balance,Anindilyakwa,2
4/08/2026,2024,4,04 Harm or endanger persons,"044 Acts that threaten, harass or control",-,-,NT Balance,Barkly,1
4/08/2026,2024,4,04 Harm or endanger persons,"044 Acts that threaten, harass or control",-,-,NT Balance,Howard Springs,1
4/08/2026,2024,4,04 Harm or endanger persons,"044 Acts that threaten, harass or control",-,-,NT Balance,Sandover - Plenty,2
4/08/2026,2024,4,04 Harm or endanger persons,"044 Acts that threaten, harass or control",-,-,NT Balance,Tanami,1
4/08/2026,2024,4,04 Harm or endanger persons,"044 Acts that threaten, harass or control",-,-,NT Balance,Tiwi Islands,2
4/08/2026,2024,4,04 Harm or endanger persons,"044 Acts that threaten, harass or control",-,-,NT Balance,Virginia,1
4/08/2026,2024,4,04 Harm or endanger persons,"044 Acts that threaten, harass or control",-,-,NT Balance,Weddell,1
4/08/2026,2024,4,04 Harm or endanger persons,"044 Acts that threaten, harass or control",-,-,NT Balance,Yuendumu - Anmatjere,1
4/08/2026,2024,4,04 Harm or endanger persons,045 Driving causing serious injury,-,-,Darwin,,1
4/08/2026,2024,4,04 Harm or endanger persons,045 Driving causing serious injury,-,-,Palmerston,,1
4/08/2026,2024,4,04 Harm or endanger persons,049 Other acts that harm or endanger persons,-,-,Darwin,,5
4/08/2026,2024,4,04 Harm or endanger persons,049 Other acts that harm or endanger persons,-,-,Palmerston,,2
4/08/2026,2024,4,04 Harm or endanger persons,049 Other acts that harm or endanger persons,-,-,Alice Springs,,1
4/08/2026,2024,4,04 Harm or endanger persons,049 Other acts that harm or endanger persons,-,-,Tennant Creek,,2
4/08/2026,2024,4,04 Harm or endanger persons,049 Other acts that harm or endanger persons,-,-,NT Balance,Alligator,1
4/08/2026,2024,4,04 Harm or endanger persons,049 Other acts that harm or endanger persons,-,-,NT Balance,Anindilyakwa,3
4/08/2026,2024,4,04 Harm or endanger persons,049 Other acts that harm or endanger persons,-,-,NT Balance,Daly,1
4/08/2026,2024,4,04 Harm or endanger persons,049 Other acts that harm or endanger persons,-,-,NT Balance,Gulf,1
4/08/2026,2024,4,04 Harm or endanger persons,049 Other acts that harm or endanger persons,-,-,NT Balance,Howard Springs,1
4/08/2026,2024,4,"05 Robbery, blackmail, and extortion",051 Robbery,-,-,Darwin,,23
4/08/2026,2024,4,"05 Robbery, blackmail, and extortion",051 Robbery,-,-,Palmerston,,5
4/08/2026,2024,4,"05 Robbery, blackmail, and extortion",051 Robbery,-,-,Alice Springs,,4
4/08/2026,2024,4,"05 Robbery, blackmail, and extortion",051 Robbery,-,-,Katherine,,5
4/08/2026,2024,4,"05 Robbery, blackmail, and extortion",051 Robbery,-,-,Tennant Creek,,2
4/08/2026,2024,4,"05 Robbery, blackmail, and extortion",051 Robbery,-,-,NT Balance,Anindilyakwa,2
4/08/2026,2024,4,"05 Robbery, blackmail, and extortion",051 Robbery,-,-,NT Balance,Barkly,1
4/08/2026,2024,4,061 Burglary - dwelling,"061 Burglary - dwelling (house break-ins), actual",-,-,Darwin,,33
4/08/2026,2024,4,061 Burglary - dwelling,"061 Burglary - dwelling (house break-ins), actual",-,-,Palmerston,,14
4/08/2026,2024,4,061 Burglary - dwelling,"061 Burglary - dwelling (house break-ins), actual",-,-,Alice Springs,,59
4/08/2026,2024,4,061 Burglary - dwelling,"061 Burglary - dwelling (house break-ins), actual",-,-,Katherine,,14
4/08/2026,2024,4,061 Burglary - dwelling,"061 Burglary - dwelling (house break-ins), actual",-,-,Tennant Creek,,3
4/08/2026,2024,4,061 Burglary - dwelling,"061 Burglary - dwelling (house break-ins), actual",-,-,Nhulunbuy,,6
4/08/2026,2024,4,061 Burglary - dwelling,"061 Burglary - dwelling (house break-ins), actual",-,-,NT Balance,Alligator,2
4/08/2026,2024,4,061 Burglary - dwelling,"061 Burglary - dwelling (house break-ins), actual",-,-,NT Balance,Anindilyakwa,6
4/08/2026,2024,4,061 Burglary - dwelling,"061 Burglary - dwelling (house break-ins), actual",-,-,NT Balance,Barkly,1
4/08/2026,2024,4,061 Burglary - dwelling,"061 Burglary - dwelling (house break-ins), actual",-,-,NT Balance,East Arnhem,5
4/08/2026,2024,4,061 Burglary - dwelling,"061 Burglary - dwelling (house break-ins), actual",-,-,NT Balance,Humpty Doo,2
4/08/2026,2024,4,061 Burglary - dwelling,"061 Burglary - dwelling (house break-ins), actual",-,-,NT Balance,Tanami,7
4/08/2026,2024,4,061 Burglary - dwelling,"061 Burglary - dwelling (house break-ins), actual",-,-,NT Balance,Tiwi Islands,1
4/08/2026,2024,4,061 Burglary - dwelling,"061 Burglary - dwelling (house break-ins), actual",-,-,NT Balance,Virginia,1
4/08/2026,2024,4,061 Burglary - dwelling,"061 Burglary - dwelling (house break-ins), actual",-,-,NT Balance,West Arnhem,4
4/08/2026,2024,4,061 Burglary - dwelling,"061 Burglary - dwelling (house break-ins), actual",-,-,NT Balance,Unknown ,2
4/08/2026,2024,4,061 Burglary - dwelling,"061 Burglary - dweling (house break-ins), attempted",-,-,Darwin,,11
4/08/2026,2024,4,061 Burglary - dwelling,"061 Burglary - dweling (house break-ins), attempted",-,-,Palmerston,,1
4/08/2026,2024,4,061 Burglary - dwelling,"061 Burglary - dweling (house break-ins), attempted",-,-,Alice Springs,,7
4/08/2026,2024,4,061 Burglary - dwelling,"061 Burglary - dweling (house break-ins), attempted",-,-,Katherine,,2
4/08/2026,2024,4,061 Burglary - dwelling,"061 Burglary - dweling (house break-ins), attempted",-,-,NT Balance,Daly,1
4/08/2026,2024,4,061 Burglary - dwelling,"061 Burglary - dweling (house break-ins), attempted",-,-,NT Balance,Tanami,2
4/08/2026,2024,4,061 Burglary - dwelling,"061 Burglary - dweling (house break-ins), attempted",-,-,NT Balance,West Arnhem,1
4/08/2026,2024,4,061 Burglary - dwelling,"061 Burglary - dweling (house break-ins), attempted",-,-,NT Balance,Unknown ,1
4/08/2026,2024,4,062 Burglary - non-residential,"062 Burglary - non-residential (commercial break-ins), actual",-,-,Darwin,,20
4/08/2026,2024,4,062 Burglary - non-residential,"062 Burglary - non-residential (commercial break-ins), actual",-,-,Palmerston,,9
4/08/2026,2024,4,062 Burglary - non-residential,"062 Burglary - non-residential (commercial break-ins), actual",-,-,Alice Springs,,46
4/08/2026,2024,4,062 Burglary - non-residential,"062 Burglary - non-residential (commercial break-ins), actual",-,-,Katherine,,12
4/08/2026,2024,4,062 Burglary - non-residential,"062 Burglary - non-residential (commercial break-ins), actual",-,-,Tennant Creek,,7
4/08/2026,2024,4,062 Burglary - non-residential,"062 Burglary - non-residential (commercial break-ins), actual",-,-,Nhulunbuy,,6
4/08/2026,2024,4,062 Burglary - non-residential,"062 Burglary - non-residential (commercial break-ins), actual",-,-,NT Balance,Anindilyakwa,8
4/08/2026,2024,4,062 Burglary - non-residential,"062 Burglary - non-residential (commercial break-ins), actual",-,-,NT Balance,Barkly,1
4/08/2026,2024,4,062 Burglary - non-residential,"062 Burglary - non-residential (commercial break-ins), actual",-,-,NT Balance,East Arnhem,8
4/08/2026,2024,4,062 Burglary - non-residential,"062 Burglary - non-residential (commercial break-ins), actual",-,-,NT Balance,Elsey,1
4/08/2026,2024,4,062 Burglary - non-residential,"062 Burglary - non-residential (commercial break-ins), actual",-,-,NT Balance,Gulf,1
4/08/2026,2024,4,062 Burglary - non-residential,"062 Burglary - non-residential (commercial break-ins), actual",-,-,NT Balance,Petermann - Simpson,3
4/08/2026,2024,4,062 Burglary - non-residential,"062 Burglary - non-residential (commercial break-ins), actual",-,-,NT Balance,Sandover - Plenty,1
4/08/2026,2024,4,062 Burglary - non-residential,"062 Burglary - non-residential (commercial break-ins), actual",-,-,NT Balance,Tanami,5
4/08/2026,2024,4,062 Burglary - non-residential,"062 Burglary - non-residential (commercial break-ins), actual",-,-,NT Balance,Tiwi Islands,1
4/08/2026,2024,4,062 Burglary - non-residential,"062 Burglary - non-residential (commercial break-ins), actual",-,-,NT Balance,Victoria River,1
4/08/2026,2024,4,062 Burglary - non-residential,"062 Burglary - non-residential (commercial break-ins), actual",-,-,NT Balance,Virginia,1
4/08/2026,2024,4,062 Burglary - non-residential,"062 Burglary - non-residential (commercial break-ins), actual",-,-,NT Balance,Weddell,1
4/08/2026,2024,4,062 Burglary - non-residential,"062 Burglary - non-residential (commercial break-ins), actual",-,-,NT Balance,West Arnhem,6
4/08/2026,2024,4,062 Burglary - non-residential,"062 Burglary - non-residential (commercial break-ins), actual",-,-,NT Balance,Unknown ,3
4/08/2026,2024,4,062 Burglary - non-residential,"062 Burglary - non-residential (commercial break-ins), attempted",-,-,Darwin,,4
4/08/2026,2024,4,062 Burglary - non-residential,"062 Burglary - non-residential (commercial break-ins), attempted",-,-,Katherine,,3
4/08/2026,2024,4,062 Burglary - non-residential,"062 Burglary - non-residential (commercial break-ins), attempted",-,-,Nhulunbuy,,2
4/08/2026,2024,4,062 Burglary - non-residential,"062 Burglary - non-residential (commercial break-ins), attempted",-,-,NT Balance,Anindilyakwa,1
4/08/2026,2024,4,062 Burglary - non-residential,"062 Burglary - non-residential (commercial break-ins), attempted",-,-,NT Balance,Sandover - Plenty,1
4/08/2026,2024,4,062 Burglary - non-residential,"062 Burglary - non-residential (commercial break-ins), attempted",-,-,NT Balance,Tanami,1
4/08/2026,2024,4,062 Burglary - non-residential,"062 Burglary - non-residential (commercial break-ins), attempted",-,-,NT Balance,Thamarrurr,1
4/08/2026,2024,4,062 Burglary - non-residential,"062 Burglary - non-residential (commercial break-ins), attempted",-,-,NT Balance,West Arnhem,5
4/08/2026,2024,4,07 Theft,071 Motor vehicle theft and related offences,-,-,Darwin,,17
4/08/2026,2024,4,07 Theft,071 Motor vehicle theft and related offences,-,-,Palmerston,,12
4/08/2026,2024,4,07 Theft,071 Motor vehicle theft and related offences,-,-,Alice Springs,,5
4/08/2026,2024,4,07 Theft,071 Motor vehicle theft and related offences,-,-,Katherine,,5
4/08/2026,2024,4,07 Theft,071 Motor vehicle theft and related offences,-,-,Tennant Creek,,1
4/08/2026,2024,4,07 Theft,071 Motor vehicle theft and related offences,-,-,NT Balance,Alligator,4
4/08/2026,2024,4,07 Theft,071 Motor vehicle theft and related offences,-,-,NT Balance,Anindilyakwa,1
4/08/2026,2024,4,07 Theft,071 Motor vehicle theft and related offences,-,-,NT Balance,Daly,1
4/08/2026,2024,4,07 Theft,071 Motor vehicle theft and related offences,-,-,NT Balance,East Arnhem,2
4/08/2026,2024,4,07 Theft,071 Motor vehicle theft and related offences,-,-,NT Balance,Humpty Doo,1
4/08/2026,2024,4,07 Theft,071 Motor vehicle theft and related offences,-,-,NT Balance,Victoria River,1
4/08/2026,2024,4,07 Theft,071 Motor vehicle theft and related offences,-,-,NT Balance,Virginia,1
4/08/2026,2024,4,07 Theft,071 Motor vehicle theft and related offences,-,-,NT Balance,Weddell,1
4/08/2026,2024,4,07 Theft,071 Motor vehicle theft and related offences,-,-,NT Balance,Unknown ,1
4/08/2026,2024,4,07 Theft,07* Other theft,-,-,Darwin,,236
4/08/2026,2024,4,07 Theft,07* Other theft,-,-,Palmerston,,73
4/08/2026,2024,4,07 Theft,07* Other theft,-,-,Alice Springs,,138
4/08/2026,2024,4,07 Theft,07* Other theft,-,-,Katherine,,42
4/08/2026,2024,4,07 Theft,07* Other theft,-,-,Tennant Creek,,13
4/08/2026,2024,4,07 Theft,07* Other theft,-,-,Nhulunbuy,,11
4/08/2026,2024,4,07 Theft,07* Other theft,-,-,NT Balance,Alligator,11
4/08/2026,2024,4,07 Theft,07* Other theft,-,-,NT Balance,Anindilyakwa,9
4/08/2026,2024,4,07 Theft,07* Other theft,-,-,NT Balance,Barkly,5
4/08/2026,2024,4,07 Theft,07* Other theft,-,-,NT Balance,Daly,2
4/08/2026,2024,4,07 Theft,07* Other theft,-,-,NT Balance,East Arnhem,5
4/08/2026,2024,4,07 Theft,07* Other theft,-,-,NT Balance,Elsey,2
4/08/2026,2024,4,07 Theft,07* Other theft,-,-,NT Balance,Gulf,2
4/08/2026,2024,4,07 Theft,07* Other theft,-,-,NT Balance,Howard Springs,10
4/08/2026,2024,4,07 Theft,07* Other theft,-,-,NT Balance,Humpty Doo,6
4/08/2026,2024,4,07 Theft,07* Other theft,-,-,NT Balance,Petermann - Simpson,5
4/08/2026,2024,4,07 Theft,07* Other theft,-,-,NT Balance,Sandover - Plenty,1
4/08/2026,2024,4,07 Theft,07* Other theft,-,-,NT Balance,Tanami,5
4/08/2026,2024,4,07 Theft,07* Other theft,-,-,NT Balance,Thamarrurr,2
4/08/2026,2024,4,07 Theft,07* Other theft,-,-,NT Balance,Tiwi Islands,2
4/08/2026,2024,4,07 Theft,07* Other theft,-,-,NT Balance,Virginia,15
4/08/2026,2024,4,07 Theft,07* Other theft,-,-,NT Balance,Weddell,5
4/08/2026,2024,4,07 Theft,07* Other theft,-,-,NT Balance,West Arnhem,4
4/08/2026,2024,4,07 Theft,07* Other theft,-,-,NT Balance,Unknown ,6
4/08/2026,2024,4,11 Property damage offences,11 Property damage offences,-,-,Darwin,,180
4/08/2026,2024,4,11 Property damage offences,11 Property damage offences,-,-,Palmerston,,44
4/08/2026,2024,4,11 Property damage offences,11 Property damage offences,-,-,Alice Springs,,121
4/08/2026,2024,4,11 Property damage offences,11 Property damage offences,-,-,Katherine,,37
4/08/2026,2024,4,11 Property damage offences,11 Property damage offences,-,-,Tennant Creek,,25
4/08/2026,2024,4,11 Property damage offences,11 Property damage offences,-,-,Nhulunbuy,,16
4/08/2026,2024,4,11 Property damage offences,11 Property damage offences,-,-,NT Balance,Alligator,4
4/08/2026,2024,4,11 Property damage offences,11 Property damage offences,-,-,NT Balance,Anindilyakwa,10
4/08/2026,2024,4,11 Property damage offences,11 Property damage offences,-,-,NT Balance,Barkly,3
4/08/2026,2024,4,11 Property damage offences,11 Property damage offences,-,-,NT Balance,Daly,9
4/08/2026,2024,4,11 Property damage offences,11 Property damage offences,-,-,NT Balance,East Arnhem,15
4/08/2026,2024,4,11 Property damage offences,11 Property damage offences,-,-,NT Balance,Elsey,1
4/08/2026,2024,4,11 Property damage offences,11 Property damage offences,-,-,NT Balance,Gulf,3
4/08/2026,2024,4,11 Property damage offences,11 Property damage offences,-,-,NT Balance,Howard Springs,6
4/08/2026,2024,4,11 Property damage offences,11 Property damage offences,-,-,NT Balance,Humpty Doo,3
4/08/2026,2024,4,11 Property damage offences,11 Property damage offences,-,-,NT Balance,Koolpinyah,1
4/08/2026,2024,4,11 Property damage offences,11 Property damage offences,-,-,NT Balance,Petermann - Simpson,7
4/08/2026,2024,4,11 Property damage offences,11 Property damage offences,-,-,NT Balance,Sandover - Plenty,2
4/08/2026,2024,4,11 Property damage offences,11 Property damage offences,-,-,NT Balance,Tanami,8
4/08/2026,2024,4,11 Property damage offences,11 Property damage offences,-,-,NT Balance,Thamarrurr,4
4/08/2026,2024,4,11 Property damage offences,11 Property damage offences,-,-,NT Balance,Tiwi Islands,5
4/08/2026,2024,4,11 Property damage offences,11 Property damage offences,-,-,NT Balance,Victoria River,7
4/08/2026,2024,4,11 Property damage offences,11 Property damage offences,-,-,NT Balance,Virginia,3
4/08/2026,2024,4,11 Property damage offences,11 Property damage offences,-,-,NT Balance,Weddell,6
4/08/2026,2024,4,11 Property damage offences,11 Property damage offences,-,-,NT Balance,West Arnhem,13
4/08/2026,2024,4,11 Property damage offences,11 Property damage offences,-,-,NT Balance,Yuendumu - Anmatjere,2
4/08/2026,2024,4,11 Property damage offences,11 Property damage offences,-,-,NT Balance,Unknown ,12
4/08/2026,2024,5,01 Homicide,0132 Driving causing death,-,-,Darwin,,1
4/08/2026,2024,5,01 Homicide,0132 Driving causing death,-,-,NT Balance,Alligator,1
4/08/2026,2024,5,01 Homicide,0132 Driving causing death,-,-,NT Balance,Daly,1
4/08/2026,2024,5,02 Assault,021 Serious Assault,No,No,Darwin,,44
4/08/2026,2024,5,02 Assault,021 Serious Assault,No,No,Palmerston,,11
4/08/2026,2024,5,02 Assault,021 Serious Assault,No,No,Alice Springs,,25
4/08/2026,2024,5,02 Assault,021 Serious Assault,No,No,Katherine,,3
4/08/2026,2024,5,02 Assault,021 Serious Assault,No,No,Tennant Creek,,1
4/08/2026,2024,5,02 Assault,021 Serious Assault,No,No,NT Balance,Alligator,1
4/08/2026,2024,5,02 Assault,021 Serious Assault,No,No,NT Balance,Anindilyakwa,1
4/08/2026,2024,5,02 Assault,021 Serious Assault,No,No,NT Balance,Barkly,1
4/08/2026,2024,5,02 Assault,021 Serious Assault,No,No,NT Balance,East Arnhem,5
4/08/2026,2024,5,02 Assault,021 Serious Assault,No,No,NT Balance,Elsey,2
4/08/2026,2024,5,02 Assault,021 Serious Assault,No,No,NT Balance,Gulf,6
4/08/2026,2024,5,02 Assault,021 Serious Assault,No,No,NT Balance,Howard Springs,2
4/08/2026,2024,5,02 Assault,021 Serious Assault,No,No,NT Balance,Humpty Doo,2
4/08/2026,2024,5,02 Assault,021 Serious Assault,No,No,NT Balance,Sandover - Plenty,5
4/08/2026,2024,5,02 Assault,021 Serious Assault,No,No,NT Balance,Tanami,3
4/08/2026,2024,5,02 Assault,021 Serious Assault,No,No,NT Balance,Thamarrurr,3
4/08/2026,2024,5,02 Assault,021 Serious Assault,No,No,NT Balance,Virginia,2
4/08/2026,2024,5,02 Assault,021 Serious Assault,No,No,NT Balance,West Arnhem,2
4/08/2026,2024,5,02 Assault,021 Serious Assault,No,No,NT Balance,Yuendumu - Anmatjere,3
4/08/2026,2024,5,02 Assault,021 Serious Assault,No,No,NT Balance,Unknown ,2
4/08/2026,2024,5,02 Assault,021 Serious Assault,No,Yes,Darwin,,33
4/08/2026,2024,5,02 Assault,021 Serious Assault,No,Yes,Palmerston,,16
4/08/2026,2024,5,02 Assault,021 Serious Assault,No,Yes,Alice Springs,,50
4/08/2026,2024,5,02 Assault,021 Serious Assault,No,Yes,Katherine,,16
4/08/2026,2024,5,02 Assault,021 Serious Assault,No,Yes,Tennant Creek,,11
4/08/2026,2024,5,02 Assault,021 Serious Assault,No,Yes,Nhulunbuy,,1
4/08/2026,2024,5,02 Assault,021 Serious Assault,No,Yes,NT Balance,Alligator,1
4/08/2026,2024,5,02 Assault,021 Serious Assault,No,Yes,NT Balance,Anindilyakwa,5
4/08/2026,2024,5,02 Assault,021 Serious Assault,No,Yes,NT Balance,Barkly,2
4/08/2026,2024,5,02 Assault,021 Serious Assault,No,Yes,NT Balance,Daly,2
4/08/2026,2024,5,02 Assault,021 Serious Assault,No,Yes,NT Balance,East Arnhem,8
4/08/2026,2024,5,02 Assault,021 Serious Assault,No,Yes,NT Balance,Elsey,6
4/08/2026,2024,5,02 Assault,021 Serious Assault,No,Yes,NT Balance,Gulf,13
4/08/2026,2024,5,02 Assault,021 Serious Assault,No,Yes,NT Balance,Howard Springs,1
4/08/2026,2024,5,02 Assault,021 Serious Assault,No,Yes,NT Balance,Petermann - Simpson,6
4/08/2026,2024,5,02 Assault,021 Serious Assault,No,Yes,NT Balance,Sandover - Plenty,3
4/08/2026,2024,5,02 Assault,021 Serious Assault,No,Yes,NT Balance,Tanami,9
4/08/2026,2024,5,02 Assault,021 Serious Assault,No,Yes,NT Balance,Thamarrurr,17
4/08/2026,2024,5,02 Assault,021 Serious Assault,No,Yes,NT Balance,Tiwi Islands,3
4/08/2026,2024,5,02 Assault,021 Serious Assault,No,Yes,NT Balance,Victoria River,2
4/08/2026,2024,5,02 Assault,021 Serious Assault,No,Yes,NT Balance,West Arnhem,14
4/08/2026,2024,5,02 Assault,021 Serious Assault,No,Yes,NT Balance,Yuendumu - Anmatjere,9
4/08/2026,2024,5,02 Assault,021 Serious Assault,No,Yes,NT Balance,Unknown ,3
4/08/2026,2024,5,02 Assault,021 Serious Assault,Yes,No,Darwin,,25
4/08/2026,2024,5,02 Assault,021 Serious Assault,Yes,No,Palmerston,,5
4/08/2026,2024,5,02 Assault,021 Serious Assault,Yes,No,Alice Springs,,15
4/08/2026,2024,5,02 Assault,021 Serious Assault,Yes,No,Katherine,,8
4/08/2026,2024,5,02 Assault,021 Serious Assault,Yes,No,Tennant Creek,,5
4/08/2026,2024,5,02 Assault,021 Serious Assault,Yes,No,NT Balance,Alligator,1
4/08/2026,2024,5,02 Assault,021 Serious Assault,Yes,No,NT Balance,Daly,1
4/08/2026,2024,5,02 Assault,021 Serious Assault,Yes,No,NT Balance,Gulf,2
4/08/2026,2024,5,02 Assault,021 Serious Assault,Yes,No,NT Balance,Thamarrurr,3
4/08/2026,2024,5,02 Assault,021 Serious Assault,Yes,No,NT Balance,Weddell,1
4/08/2026,2024,5,02 Assault,021 Serious Assault,Yes,No,NT Balance,West Arnhem,2
4/08/2026,2024,5,02 Assault,021 Serious Assault,Yes,No,NT Balance,Unknown ,1
4/08/2026,2024,5,02 Assault,021 Serious Assault,Yes,Yes,Darwin,,53
4/08/2026,2024,5,02 Assault,021 Serious Assault,Yes,Yes,Palmerston,,38
4/08/2026,2024,5,02 Assault,021 Serious Assault,Yes,Yes,Alice Springs,,57
4/08/2026,2024,5,02 Assault,021 Serious Assault,Yes,Yes,Katherine,,42
4/08/2026,2024,5,02 Assault,021 Serious Assault,Yes,Yes,Tennant Creek,,29
4/08/2026,2024,5,02 Assault,021 Serious Assault,Yes,Yes,Nhulunbuy,,3
4/08/2026,2024,5,02 Assault,021 Serious Assault,Yes,Yes,NT Balance,Alligator,5
4/08/2026,2024,5,02 Assault,021 Serious Assault,Yes,Yes,NT Balance,Barkly,1
4/08/2026,2024,5,02 Assault,021 Serious Assault,Yes,Yes,NT Balance,Daly,4
4/08/2026,2024,5,02 Assault,021 Serious Assault,Yes,Yes,NT Balance,East Arnhem,6
4/08/2026,2024,5,02 Assault,021 Serious Assault,Yes,Yes,NT Balance,Elsey,13
4/08/2026,2024,5,02 Assault,021 Serious Assault,Yes,Yes,NT Balance,Gulf,7
4/08/2026,2024,5,02 Assault,021 Serious Assault,Yes,Yes,NT Balance,Howard Springs,2
4/08/2026,2024,5,02 Assault,021 Serious Assault,Yes,Yes,NT Balance,Humpty Doo,1
4/08/2026,2024,5,02 Assault,021 Serious Assault,Yes,Yes,NT Balance,Petermann - Simpson,3
4/08/2026,2024,5,02 Assault,021 Serious Assault,Yes,Yes,NT Balance,Sandover - Plenty,1
4/08/2026,2024,5,02 Assault,021 Serious Assault,Yes,Yes,NT Balance,Tanami,5
4/08/2026,2024,5,02 Assault,021 Serious Assault,Yes,Yes,NT Balance,Thamarrurr,5
4/08/2026,2024,5,02 Assault,021 Serious Assault,Yes,Yes,NT Balance,Tiwi Islands,1
4/08/2026,2024,5,02 Assault,021 Serious Assault,Yes,Yes,NT Balance,Victoria River,2
4/08/2026,2024,5,02 Assault,021 Serious Assault,Yes,Yes,NT Balance,West Arnhem,3
4/08/2026,2024,5,02 Assault,022 Assault of a prescribed officer,No,No,Darwin,,1
4/08/2026,2024,5,02 Assault,022 Assault of a prescribed officer,No,No,Alice Springs,,4
4/08/2026,2024,5,02 Assault,022 Assault of a prescribed officer,No,No,NT Balance,East Arnhem,1
4/08/2026,2024,5,02 Assault,022 Assault of a prescribed officer,No,Yes,Palmerston,,1
4/08/2026,2024,5,02 Assault,022 Assault of a prescribed officer,Yes,No,Darwin,,3
4/08/2026,2024,5,02 Assault,022 Assault of a prescribed officer,Yes,No,Palmerston,,1
4/08/2026,2024,5,02 Assault,022 Assault of a prescribed officer,Yes,No,Alice Springs,,2
4/08/2026,2024,5,02 Assault,022 Assault of a prescribed officer,Yes,No,NT Balance,Thamarrurr,1
4/08/2026,2024,5,02 Assault,022 Assault of a prescribed officer,Yes,Yes,Alice Springs,,1
4/08/2026,2024,5,02 Assault,022 Assault of a prescribed officer,Yes,Yes,Katherine,,1
4/08/2026,2024,5,02 Assault,023 Common Assault,No,No,Darwin,,33
4/08/2026,2024,5,02 Assault,023 Common Assault,No,No,Palmerston,,8
4/08/2026,2024,5,02 Assault,023 Common Assault,No,No,Alice Springs,,13
4/08/2026,2024,5,02 Assault,023 Common Assault,No,No,Katherine,,1
4/08/2026,2024,5,02 Assault,023 Common Assault,No,No,Tennant Creek,,3
4/08/2026,2024,5,02 Assault,023 Common Assault,No,No,NT Balance,Alligator,3
4/08/2026,2024,5,02 Assault,023 Common Assault,No,No,NT Balance,East Arnhem,2
4/08/2026,2024,5,02 Assault,023 Common Assault,No,No,NT Balance,Elsey,1
4/08/2026,2024,5,02 Assault,023 Common Assault,No,No,NT Balance,Howard Springs,7
4/08/2026,2024,5,02 Assault,023 Common Assault,No,No,NT Balance,Humpty Doo,1
4/08/2026,2024,5,02 Assault,023 Common Assault,No,No,NT Balance,Petermann - Simpson,1
4/08/2026,2024,5,02 Assault,023 Common Assault,No,No,NT Balance,Sandover - Plenty,3
4/08/2026,2024,5,02 Assault,023 Common Assault,No,No,NT Balance,Tanami,1
4/08/2026,2024,5,02 Assault,023 Common Assault,No,No,NT Balance,Thamarrurr,2
4/08/2026,2024,5,02 Assault,023 Common Assault,No,No,NT Balance,Victoria River,2
4/08/2026,2024,5,02 Assault,023 Common Assault,No,No,NT Balance,West Arnhem,1
4/08/2026,2024,5,02 Assault,023 Common Assault,No,Yes,Darwin,,14
4/08/2026,2024,5,02 Assault,023 Common Assault,No,Yes,Palmerston,,6
4/08/2026,2024,5,02 Assault,023 Common Assault,No,Yes,Alice Springs,,6
4/08/2026,2024,5,02 Assault,023 Common Assault,No,Yes,Katherine,,1
4/08/2026,2024,5,02 Assault,023 Common Assault,No,Yes,Tennant Creek,,1
4/08/2026,2024,5,02 Assault,023 Common Assault,No,Yes,NT Balance,Alligator,1
4/08/2026,2024,5,02 Assault,023 Common Assault,No,Yes,NT Balance,East Arnhem,4
4/08/2026,2024,5,02 Assault,023 Common Assault,No,Yes,NT Balance,Petermann - Simpson,1
4/08/2026,2024,5,02 Assault,023 Common Assault,No,Yes,NT Balance,Sandover - Plenty,1
4/08/2026,2024,5,02 Assault,023 Common Assault,No,Yes,NT Balance,Thamarrurr,6
4/08/2026,2024,5,02 Assault,023 Common Assault,No,Yes,NT Balance,Victoria River,1
4/08/2026,2024,5,02 Assault,023 Common Assault,No,Yes,NT Balance,West Arnhem,1
4/08/2026,2024,5,02 Assault,023 Common Assault,No,Yes,NT Balance,Yuendumu - Anmatjere,2
4/08/2026,2024,5,02 Assault,023 Common Assault,No,Yes,NT Balance,Unknown ,1
4/08/2026,2024,5,02 Assault,023 Common Assault,Yes,No,Darwin,,8
4/08/2026,2024,5,02 Assault,023 Common Assault,Yes,No,Palmerston,,1
4/08/2026,2024,5,02 Assault,023 Common Assault,Yes,No,Alice Springs,,1
4/08/2026,2024,5,02 Assault,023 Common Assault,Yes,No,Katherine,,2
4/08/2026,2024,5,02 Assault,023 Common Assault,Yes,No,Tennant Creek,,2
4/08/2026,2024,5,02 Assault,023 Common Assault,Yes,No,Nhulunbuy,,1
4/08/2026,2024,5,02 Assault,023 Common Assault,Yes,No,NT Balance,Gulf,1
4/08/2026,2024,5,02 Assault,023 Common Assault,Yes,No,NT Balance,Tanami,2
4/08/2026,2024,5,02 Assault,023 Common Assault,Yes,Yes,Darwin,,7
4/08/2026,2024,5,02 Assault,023 Common Assault,Yes,Yes,Palmerston,,4
4/08/2026,2024,5,02 Assault,023 Common Assault,Yes,Yes,Alice Springs,,4
4/08/2026,2024,5,02 Assault,023 Common Assault,Yes,Yes,Katherine,,6
4/08/2026,2024,5,02 Assault,023 Common Assault,Yes,Yes,NT Balance,Barkly,1
4/08/2026,2024,5,02 Assault,023 Common Assault,Yes,Yes,NT Balance,East Arnhem,2
4/08/2026,2024,5,02 Assault,023 Common Assault,Yes,Yes,NT Balance,Gulf,1
4/08/2026,2024,5,02 Assault,023 Common Assault,Yes,Yes,NT Balance,Sandover - Plenty,1
4/08/2026,2024,5,02 Assault,023 Common Assault,Yes,Yes,NT Balance,Thamarrurr,1
4/08/2026,2024,5,02 Assault,023 Common Assault,Yes,Yes,NT Balance,Unknown ,1
4/08/2026,2024,5,03 Sexual offences,031 Sexual assault of an adult,-,-,Darwin,,16
4/08/2026,2024,5,03 Sexual offences,031 Sexual assault of an adult,-,-,Palmerston,,5
4/08/2026,2024,5,03 Sexual offences,031 Sexual assault of an adult,-,-,Alice Springs,,5
4/08/2026,2024,5,03 Sexual offences,031 Sexual assault of an adult,-,-,Katherine,,1
4/08/2026,2024,5,03 Sexual offences,031 Sexual assault of an adult,-,-,NT Balance,Barkly,1
4/08/2026,2024,5,03 Sexual offences,031 Sexual assault of an adult,-,-,NT Balance,Gulf,1
4/08/2026,2024,5,03 Sexual offences,031 Sexual assault of an adult,-,-,NT Balance,West Arnhem,3
4/08/2026,2024,5,03 Sexual offences,031 Sexual assault of an adult,-,-,NT Balance,Unknown ,1
4/08/2026,2024,5,03 Sexual offences,032 Sexual assault of a child,-,-,Darwin,,2
4/08/2026,2024,5,03 Sexual offences,032 Sexual assault of a child,-,-,Alice Springs,,1
4/08/2026,2024,5,03 Sexual offences,032 Sexual assault of a child,-,-,NT Balance,Daly,1
4/08/2026,2024,5,03 Sexual offences,032 Sexual assault of a child,-,-,NT Balance,Gulf,1
4/08/2026,2024,5,03 Sexual offences,032 Sexual assault of a child,-,-,NT Balance,Tanami,1
4/08/2026,2024,5,03 Sexual offences,032 Sexual assault of a child,-,-,NT Balance,Thamarrurr,1
4/08/2026,2024,5,03 Sexual offences,"033, 034 Other child-related sexual offences",-,-,Palmerston,,1
4/08/2026,2024,5,03 Sexual offences,"033, 034 Other child-related sexual offences",-,-,Katherine,,1
4/08/2026,2024,5,03 Sexual offences,"033, 034 Other child-related sexual offences",-,-,NT Balance,Daly,1
4/08/2026,2024,5,03 Sexual offences,"035, 039 Other sexual offences",-,-,Darwin,,5
4/08/2026,2024,5,03 Sexual offences,"035, 039 Other sexual offences",-,-,Alice Springs,,3
4/08/2026,2024,5,04 Harm or endanger persons,"041, 042, 043 Human trafficking, abduction, deprivation of liberty",-,-,Darwin,,1
4/08/2026,2024,5,04 Harm or endanger persons,"041, 042, 043 Human trafficking, abduction, deprivation of liberty",-,-,NT Balance,Gulf,1
4/08/2026,2024,5,04 Harm or endanger persons,"044 Acts that threaten, harass or control",-,-,Darwin,,17
4/08/2026,2024,5,04 Harm or endanger persons,"044 Acts that threaten, harass or control",-,-,Palmerston,,9
4/08/2026,2024,5,04 Harm or endanger persons,"044 Acts that threaten, harass or control",-,-,Alice Springs,,9
4/08/2026,2024,5,04 Harm or endanger persons,"044 Acts that threaten, harass or control",-,-,Tennant Creek,,2
4/08/2026,2024,5,04 Harm or endanger persons,"044 Acts that threaten, harass or control",-,-,NT Balance,Daly,2
4/08/2026,2024,5,04 Harm or endanger persons,"044 Acts that threaten, harass or control",-,-,NT Balance,East Arnhem,2
4/08/2026,2024,5,04 Harm or endanger persons,"044 Acts that threaten, harass or control",-,-,NT Balance,Elsey,1
4/08/2026,2024,5,04 Harm or endanger persons,"044 Acts that threaten, harass or control",-,-,NT Balance,Humpty Doo,1
4/08/2026,2024,5,04 Harm or endanger persons,"044 Acts that threaten, harass or control",-,-,NT Balance,Sandover - Plenty,1
4/08/2026,2024,5,04 Harm or endanger persons,"044 Acts that threaten, harass or control",-,-,NT Balance,Tanami,3
4/08/2026,2024,5,04 Harm or endanger persons,"044 Acts that threaten, harass or control",-,-,NT Balance,Thamarrurr,2
4/08/2026,2024,5,04 Harm or endanger persons,"044 Acts that threaten, harass or control",-,-,NT Balance,Victoria River,1
4/08/2026,2024,5,04 Harm or endanger persons,"044 Acts that threaten, harass or control",-,-,NT Balance,Virginia,1
4/08/2026,2024,5,04 Harm or endanger persons,"044 Acts that threaten, harass or control",-,-,NT Balance,West Arnhem,3
4/08/2026,2024,5,04 Harm or endanger persons,"044 Acts that threaten, harass or control",-,-,NT Balance,Yuendumu - Anmatjere,1
4/08/2026,2024,5,04 Harm or endanger persons,"044 Acts that threaten, harass or control",-,-,NT Balance,Unknown ,2
4/08/2026,2024,5,04 Harm or endanger persons,049 Other acts that harm or endanger persons,-,-,Darwin,,2
4/08/2026,2024,5,04 Harm or endanger persons,049 Other acts that harm or endanger persons,-,-,Palmerston,,2
4/08/2026,2024,5,04 Harm or endanger persons,049 Other acts that harm or endanger persons,-,-,Alice Springs,,6
4/08/2026,2024,5,04 Harm or endanger persons,049 Other acts that harm or endanger persons,-,-,Katherine,,1
4/08/2026,2024,5,04 Harm or endanger persons,049 Other acts that harm or endanger persons,-,-,NT Balance,Alligator,2
4/08/2026,2024,5,04 Harm or endanger persons,049 Other acts that harm or endanger persons,-,-,NT Balance,Anindilyakwa,1
4/08/2026,2024,5,04 Harm or endanger persons,049 Other acts that harm or endanger persons,-,-,NT Balance,Gulf,2
4/08/2026,2024,5,04 Harm or endanger persons,049 Other acts that harm or endanger persons,-,-,NT Balance,Tanami,1
4/08/2026,2024,5,04 Harm or endanger persons,049 Other acts that harm or endanger persons,-,-,NT Balance,Thamarrurr,1
4/08/2026,2024,5,04 Harm or endanger persons,049 Other acts that harm or endanger persons,-,-,NT Balance,Yuendumu - Anmatjere,1
4/08/2026,2024,5,"05 Robbery, blackmail, and extortion",051 Robbery,-,-,Darwin,,18
4/08/2026,2024,5,"05 Robbery, blackmail, and extortion",051 Robbery,-,-,Palmerston,,7
4/08/2026,2024,5,"05 Robbery, blackmail, and extortion",051 Robbery,-,-,Alice Springs,,9
4/08/2026,2024,5,"05 Robbery, blackmail, and extortion",051 Robbery,-,-,Katherine,,3
4/08/2026,2024,5,"05 Robbery, blackmail, and extortion",051 Robbery,-,-,Tennant Creek,,1
4/08/2026,2024,5,"05 Robbery, blackmail, and extortion",052 Blackmail or other extortion,-,-,Alice Springs,,1
4/08/2026,2024,5,061 Burglary - dwelling,"061 Burglary - dwelling (house break-ins), actual",-,-,Darwin,,41
4/08/2026,2024,5,061 Burglary - dwelling,"061 Burglary - dwelling (house break-ins), actual",-,-,Palmerston,,19
4/08/2026,2024,5,061 Burglary - dwelling,"061 Burglary - dwelling (house break-ins), actual",-,-,Alice Springs,,79
4/08/2026,2024,5,061 Burglary - dwelling,"061 Burglary - dwelling (house break-ins), actual",-,-,Katherine,,19
4/08/2026,2024,5,061 Burglary - dwelling,"061 Burglary - dwelling (house break-ins), actual",-,-,Tennant Creek,,8
4/08/2026,2024,5,061 Burglary - dwelling,"061 Burglary - dwelling (house break-ins), actual",-,-,Nhulunbuy,,3
4/08/2026,2024,5,061 Burglary - dwelling,"061 Burglary - dwelling (house break-ins), actual",-,-,NT Balance,Alligator,1
4/08/2026,2024,5,061 Burglary - dwelling,"061 Burglary - dwelling (house break-ins), actual",-,-,NT Balance,Anindilyakwa,3
4/08/2026,2024,5,061 Burglary - dwelling,"061 Burglary - dwelling (house break-ins), actual",-,-,NT Balance,Barkly,1
4/08/2026,2024,5,061 Burglary - dwelling,"061 Burglary - dwelling (house break-ins), actual",-,-,NT Balance,Daly,1
4/08/2026,2024,5,061 Burglary - dwelling,"061 Burglary - dwelling (house break-ins), actual",-,-,NT Balance,East Arnhem,2
4/08/2026,2024,5,061 Burglary - dwelling,"061 Burglary - dwelling (house break-ins), actual",-,-,NT Balance,Gulf,3
4/08/2026,2024,5,061 Burglary - dwelling,"061 Burglary - dwelling (house break-ins), actual",-,-,NT Balance,Petermann - Simpson,1
4/08/2026,2024,5,061 Burglary - dwelling,"061 Burglary - dwelling (house break-ins), actual",-,-,NT Balance,Tanami,8
4/08/2026,2024,5,061 Burglary - dwelling,"061 Burglary - dwelling (house break-ins), actual",-,-,NT Balance,Thamarrurr,3
4/08/2026,2024,5,061 Burglary - dwelling,"061 Burglary - dwelling (house break-ins), actual",-,-,NT Balance,Tiwi Islands,1
4/08/2026,2024,5,061 Burglary - dwelling,"061 Burglary - dwelling (house break-ins), actual",-,-,NT Balance,Victoria River,5
4/08/2026,2024,5,061 Burglary - dwelling,"061 Burglary - dwelling (house break-ins), actual",-,-,NT Balance,West Arnhem,1
4/08/2026,2024,5,061 Burglary - dwelling,"061 Burglary - dwelling (house break-ins), actual",-,-,NT Balance,Unknown ,2
4/08/2026,2024,5,061 Burglary - dwelling,"061 Burglary - dweling (house break-ins), attempted",-,-,Darwin,,12
4/08/2026,2024,5,061 Burglary - dwelling,"061 Burglary - dweling (house break-ins), attempted",-,-,Palmerston,,4
4/08/2026,2024,5,061 Burglary - dwelling,"061 Burglary - dweling (house break-ins), attempted",-,-,Alice Springs,,10
4/08/2026,2024,5,061 Burglary - dwelling,"061 Burglary - dweling (house break-ins), attempted",-,-,Katherine,,4
4/08/2026,2024,5,061 Burglary - dwelling,"061 Burglary - dweling (house break-ins), attempted",-,-,NT Balance,Victoria River,2
4/08/2026,2024,5,062 Burglary - non-residential,"062 Burglary - non-residential (commercial break-ins), actual",-,-,Darwin,,23
4/08/2026,2024,5,062 Burglary - non-residential,"062 Burglary - non-residential (commercial break-ins), actual",-,-,Palmerston,,11
4/08/2026,2024,5,062 Burglary - non-residential,"062 Burglary - non-residential (commercial break-ins), actual",-,-,Alice Springs,,35
4/08/2026,2024,5,062 Burglary - non-residential,"062 Burglary - non-residential (commercial break-ins), actual",-,-,Katherine,,18
4/08/2026,2024,5,062 Burglary - non-residential,"062 Burglary - non-residential (commercial break-ins), actual",-,-,Tennant Creek,,2
4/08/2026,2024,5,062 Burglary - non-residential,"062 Burglary - non-residential (commercial break-ins), actual",-,-,Nhulunbuy,,1
4/08/2026,2024,5,062 Burglary - non-residential,"062 Burglary - non-residential (commercial break-ins), actual",-,-,NT Balance,Alligator,1
4/08/2026,2024,5,062 Burglary - non-residential,"062 Burglary - non-residential (commercial break-ins), actual",-,-,NT Balance,Barkly,1
4/08/2026,2024,5,062 Burglary - non-residential,"062 Burglary - non-residential (commercial break-ins), actual",-,-,NT Balance,Daly,4
4/08/2026,2024,5,062 Burglary - non-residential,"062 Burglary - non-residential (commercial break-ins), actual",-,-,NT Balance,East Arnhem,8
4/08/2026,2024,5,062 Burglary - non-residential,"062 Burglary - non-residential (commercial break-ins), actual",-,-,NT Balance,Elsey,3
4/08/2026,2024,5,062 Burglary - non-residential,"062 Burglary - non-residential (commercial break-ins), actual",-,-,NT Balance,Gulf,3
4/08/2026,2024,5,062 Burglary - non-residential,"062 Burglary - non-residential (commercial break-ins), actual",-,-,NT Balance,Humpty Doo,1
4/08/2026,2024,5,062 Burglary - non-residential,"062 Burglary - non-residential (commercial break-ins), actual",-,-,NT Balance,Petermann - Simpson,2
4/08/2026,2024,5,062 Burglary - non-residential,"062 Burglary - non-residential (commercial break-ins), actual",-,-,NT Balance,Sandover - Plenty,6
4/08/2026,2024,5,062 Burglary - non-residential,"062 Burglary - non-residential (commercial break-ins), actual",-,-,NT Balance,Tanami,3
4/08/2026,2024,5,062 Burglary - non-residential,"062 Burglary - non-residential (commercial break-ins), actual",-,-,NT Balance,Thamarrurr,4
4/08/2026,2024,5,062 Burglary - non-residential,"062 Burglary - non-residential (commercial break-ins), actual",-,-,NT Balance,Tiwi Islands,1
4/08/2026,2024,5,062 Burglary - non-residential,"062 Burglary - non-residential (commercial break-ins), actual",-,-,NT Balance,Victoria River,3
4/08/2026,2024,5,062 Burglary - non-residential,"062 Burglary - non-residential (commercial break-ins), actual",-,-,NT Balance,West Arnhem,4
4/08/2026,2024,5,062 Burglary - non-residential,"062 Burglary - non-residential (commercial break-ins), attempted",-,-,Darwin,,2
4/08/2026,2024,5,062 Burglary - non-residential,"062 Burglary - non-residential (commercial break-ins), attempted",-,-,Palmerston,,1
4/08/2026,2024,5,062 Burglary - non-residential,"062 Burglary - non-residential (commercial break-ins), attempted",-,-,Alice Springs,,4
4/08/2026,2024,5,062 Burglary - non-residential,"062 Burglary - non-residential (commercial break-ins), attempted",-,-,Katherine,,3
4/08/2026,2024,5,062 Burglary - non-residential,"062 Burglary - non-residential (commercial break-ins), attempted",-,-,NT Balance,Petermann - Simpson,1
4/08/2026,2024,5,062 Burglary - non-residential,"062 Burglary - non-residential (commercial break-ins), attempted",-,-,NT Balance,Victoria River,1
4/08/2026,2024,5,07 Theft,071 Motor vehicle theft and related offences,-,-,Darwin,,23
4/08/2026,2024,5,07 Theft,071 Motor vehicle theft and related offences,-,-,Palmerston,,3
4/08/2026,2024,5,07 Theft,071 Motor vehicle theft and related offences,-,-,Alice Springs,,7
4/08/2026,2024,5,07 Theft,071 Motor vehicle theft and related offences,-,-,Katherine,,4
4/08/2026,2024,5,07 Theft,071 Motor vehicle theft and related offences,-,-,Tennant Creek,,1
4/08/2026,2024,5,07 Theft,071 Motor vehicle theft and related offences,-,-,NT Balance,Alligator,1
4/08/2026,2024,5,07 Theft,071 Motor vehicle theft and related offences,-,-,NT Balance,Barkly,1
4/08/2026,2024,5,07 Theft,071 Motor vehicle theft and related offences,-,-,NT Balance,Daly,1
4/08/2026,2024,5,07 Theft,071 Motor vehicle theft and related offences,-,-,NT Balance,Thamarrurr,1
4/08/2026,2024,5,07 Theft,071 Motor vehicle theft and related offences,-,-,NT Balance,Weddell,3
4/08/2026,2024,5,07 Theft,071 Motor vehicle theft and related offences,-,-,NT Balance,West Arnhem,1
4/08/2026,2024,5,07 Theft,07* Other theft,-,-,Darwin,,270
4/08/2026,2024,5,07 Theft,07* Other theft,-,-,Palmerston,,83
4/08/2026,2024,5,07 Theft,07* Other theft,-,-,Alice Springs,,171
4/08/2026,2024,5,07 Theft,07* Other theft,-,-,Katherine,,59
4/08/2026,2024,5,07 Theft,07* Other theft,-,-,Tennant Creek,,32
4/08/2026,2024,5,07 Theft,07* Other theft,-,-,Nhulunbuy,,4
4/08/2026,2024,5,07 Theft,07* Other theft,-,-,NT Balance,Alligator,8
4/08/2026,2024,5,07 Theft,07* Other theft,-,-,NT Balance,Anindilyakwa,2
4/08/2026,2024,5,07 Theft,07* Other theft,-,-,NT Balance,Barkly,6
4/08/2026,2024,5,07 Theft,07* Other theft,-,-,NT Balance,Daly,5
4/08/2026,2024,5,07 Theft,07* Other theft,-,-,NT Balance,East Arnhem,4
4/08/2026,2024,5,07 Theft,07* Other theft,-,-,NT Balance,Elsey,2
4/08/2026,2024,5,07 Theft,07* Other theft,-,-,NT Balance,Gulf,4
4/08/2026,2024,5,07 Theft,07* Other theft,-,-,NT Balance,Howard Springs,7
4/08/2026,2024,5,07 Theft,07* Other theft,-,-,NT Balance,Humpty Doo,5
4/08/2026,2024,5,07 Theft,07* Other theft,-,-,NT Balance,Petermann - Simpson,9
4/08/2026,2024,5,07 Theft,07* Other theft,-,-,NT Balance,Sandover - Plenty,4
4/08/2026,2024,5,07 Theft,07* Other theft,-,-,NT Balance,Tanami,3
4/08/2026,2024,5,07 Theft,07* Other theft,-,-,NT Balance,Thamarrurr,6
4/08/2026,2024,5,07 Theft,07* Other theft,-,-,NT Balance,Tiwi Islands,1
4/08/2026,2024,5,07 Theft,07* Other theft,-,-,NT Balance,Victoria River,6
4/08/2026,2024,5,07 Theft,07* Other theft,-,-,NT Balance,Virginia,10
4/08/2026,2024,5,07 Theft,07* Other theft,-,-,NT Balance,Weddell,3
4/08/2026,2024,5,07 Theft,07* Other theft,-,-,NT Balance,West Arnhem,5
4/08/2026,2024,5,07 Theft,07* Other theft,-,-,NT Balance,Yuendumu - Anmatjere,1
4/08/2026,2024,5,07 Theft,07* Other theft,-,-,NT Balance,Unknown ,15
4/08/2026,2024,5,11 Property damage offences,11 Property damage offences,-,-,Darwin,,181
4/08/2026,2024,5,11 Property damage offences,11 Property damage offences,-,-,Palmerston,,70
4/08/2026,2024,5,11 Property damage offences,11 Property damage offences,-,-,Alice Springs,,165
4/08/2026,2024,5,11 Property damage offences,11 Property damage offences,-,-,Katherine,,52
4/08/2026,2024,5,11 Property damage offences,11 Property damage offences,-,-,Tennant Creek,,15
4/08/2026,2024,5,11 Property damage offences,11 Property damage offences,-,-,Nhulunbuy,,8
4/08/2026,2024,5,11 Property damage offences,11 Property damage offences,-,-,NT Balance,Alligator,8
4/08/2026,2024,5,11 Property damage offences,11 Property damage offences,-,-,NT Balance,Anindilyakwa,4
4/08/2026,2024,5,11 Property damage offences,11 Property damage offences,-,-,NT Balance,Barkly,3
4/08/2026,2024,5,11 Property damage offences,11 Property damage offences,-,-,NT Balance,Daly,4
4/08/2026,2024,5,11 Property damage offences,11 Property damage offences,-,-,NT Balance,East Arnhem,14
4/08/2026,2024,5,11 Property damage offences,11 Property damage offences,-,-,NT Balance,Elsey,4
4/08/2026,2024,5,11 Property damage offences,11 Property damage offences,-,-,NT Balance,Gulf,7
4/08/2026,2024,5,11 Property damage offences,11 Property damage offences,-,-,NT Balance,Howard Springs,4
4/08/2026,2024,5,11 Property damage offences,11 Property damage offences,-,-,NT Balance,Humpty Doo,2
4/08/2026,2024,5,11 Property damage offences,11 Property damage offences,-,-,NT Balance,Petermann - Simpson,7
4/08/2026,2024,5,11 Property damage offences,11 Property damage offences,-,-,NT Balance,Sandover - Plenty,7
4/08/2026,2024,5,11 Property damage offences,11 Property damage offences,-,-,NT Balance,Tanami,9
4/08/2026,2024,5,11 Property damage offences,11 Property damage offences,-,-,NT Balance,Thamarrurr,17
4/08/2026,2024,5,11 Property damage offences,11 Property damage offences,-,-,NT Balance,Tiwi Islands,2
4/08/2026,2024,5,11 Property damage offences,11 Property damage offences,-,-,NT Balance,Victoria River,9
4/08/2026,2024,5,11 Property damage offences,11 Property damage offences,-,-,NT Balance,Virginia,2
4/08/2026,2024,5,11 Property damage offences,11 Property damage offences,-,-,NT Balance,West Arnhem,3
4/08/2026,2024,5,11 Property damage offences,11 Property damage offences,-,-,NT Balance,Yuendumu - Anmatjere,1
4/08/2026,2024,5,11 Property damage offences,11 Property damage offences,-,-,NT Balance,Unknown ,5
4/08/2026,2024,6,01 Homicide,0110 Murder,-,-,Darwin,,1
4/08/2026,2024,6,01 Homicide,0132 Driving causing death,-,-,Darwin,,1
4/08/2026,2024,6,01 Homicide,0132 Driving causing death,-,-,NT Balance,Weddell,2
4/08/2026,2024,6,02 Assault,021 Serious Assault,No,No,Darwin,,28
4/08/2026,2024,6,02 Assault,021 Serious Assault,No,No,Palmerston,,7
4/08/2026,2024,6,02 Assault,021 Serious Assault,No,No,Alice Springs,,20
4/08/2026,2024,6,02 Assault,021 Serious Assault,No,No,Katherine,,14
4/08/2026,2024,6,02 Assault,021 Serious Assault,No,No,Tennant Creek,,3
4/08/2026,2024,6,02 Assault,021 Serious Assault,No,No,NT Balance,Barkly,2
4/08/2026,2024,6,02 Assault,021 Serious Assault,No,No,NT Balance,East Arnhem,4
4/08/2026,2024,6,02 Assault,021 Serious Assault,No,No,NT Balance,Gulf,1
4/08/2026,2024,6,02 Assault,021 Serious Assault,No,No,NT Balance,Howard Springs,1
4/08/2026,2024,6,02 Assault,021 Serious Assault,No,No,NT Balance,Sandover - Plenty,4
4/08/2026,2024,6,02 Assault,021 Serious Assault,No,No,NT Balance,Thamarrurr,3
4/08/2026,2024,6,02 Assault,021 Serious Assault,No,No,NT Balance,Tiwi Islands,2
4/08/2026,2024,6,02 Assault,021 Serious Assault,No,No,NT Balance,Virginia,1
4/08/2026,2024,6,02 Assault,021 Serious Assault,No,No,NT Balance,West Arnhem,1
4/08/2026,2024,6,02 Assault,021 Serious Assault,No,No,NT Balance,Unknown ,4
4/08/2026,2024,6,02 Assault,021 Serious Assault,No,Yes,Darwin,,32
4/08/2026,2024,6,02 Assault,021 Serious Assault,No,Yes,Palmerston,,28
4/08/2026,2024,6,02 Assault,021 Serious Assault,No,Yes,Alice Springs,,39
4/08/2026,2024,6,02 Assault,021 Serious Assault,No,Yes,Katherine,,24
4/08/2026,2024,6,02 Assault,021 Serious Assault,No,Yes,Tennant Creek,,7
4/08/2026,2024,6,02 Assault,021 Serious Assault,No,Yes,Nhulunbuy,,1
4/08/2026,2024,6,02 Assault,021 Serious Assault,No,Yes,NT Balance,Alligator,1
4/08/2026,2024,6,02 Assault,021 Serious Assault,No,Yes,NT Balance,Anindilyakwa,6
4/08/2026,2024,6,02 Assault,021 Serious Assault,No,Yes,NT Balance,Barkly,3
4/08/2026,2024,6,02 Assault,021 Serious Assault,No,Yes,NT Balance,East Arnhem,18
4/08/2026,2024,6,02 Assault,021 Serious Assault,No,Yes,NT Balance,Elsey,5
4/08/2026,2024,6,02 Assault,021 Serious Assault,No,Yes,NT Balance,Gulf,5
4/08/2026,2024,6,02 Assault,021 Serious Assault,No,Yes,NT Balance,Howard Springs,1
4/08/2026,2024,6,02 Assault,021 Serious Assault,No,Yes,NT Balance,Humpty Doo,2
4/08/2026,2024,6,02 Assault,021 Serious Assault,No,Yes,NT Balance,Petermann - Simpson,4
4/08/2026,2024,6,02 Assault,021 Serious Assault,No,Yes,NT Balance,Sandover - Plenty,2
4/08/2026,2024,6,02 Assault,021 Serious Assault,No,Yes,NT Balance,Tanami,10
4/08/2026,2024,6,02 Assault,021 Serious Assault,No,Yes,NT Balance,Thamarrurr,20
4/08/2026,2024,6,02 Assault,021 Serious Assault,No,Yes,NT Balance,Tiwi Islands,4
4/08/2026,2024,6,02 Assault,021 Serious Assault,No,Yes,NT Balance,Victoria River,3
4/08/2026,2024,6,02 Assault,021 Serious Assault,No,Yes,NT Balance,Virginia,1
4/08/2026,2024,6,02 Assault,021 Serious Assault,No,Yes,NT Balance,West Arnhem,7
4/08/2026,2024,6,02 Assault,021 Serious Assault,No,Yes,NT Balance,Yuendumu - Anmatjere,3
4/08/2026,2024,6,02 Assault,021 Serious Assault,No,Yes,NT Balance,Unknown ,4
4/08/2026,2024,6,02 Assault,021 Serious Assault,Yes,No,Darwin,,18
4/08/2026,2024,6,02 Assault,021 Serious Assault,Yes,No,Palmerston,,5
4/08/2026,2024,6,02 Assault,021 Serious Assault,Yes,No,Alice Springs,,10
4/08/2026,2024,6,02 Assault,021 Serious Assault,Yes,No,Katherine,,12
4/08/2026,2024,6,02 Assault,021 Serious Assault,Yes,No,Tennant Creek,,3
4/08/2026,2024,6,02 Assault,021 Serious Assault,Yes,No,Nhulunbuy,,3
4/08/2026,2024,6,02 Assault,021 Serious Assault,Yes,No,NT Balance,Petermann - Simpson,1
4/08/2026,2024,6,02 Assault,021 Serious Assault,Yes,No,NT Balance,Tanami,1
4/08/2026,2024,6,02 Assault,021 Serious Assault,Yes,No,NT Balance,West Arnhem,3
4/08/2026,2024,6,02 Assault,021 Serious Assault,Yes,No,NT Balance,Unknown ,3
4/08/2026,2024,6,02 Assault,021 Serious Assault,Yes,Yes,Darwin,,49
4/08/2026,2024,6,02 Assault,021 Serious Assault,Yes,Yes,Palmerston,,23
4/08/2026,2024,6,02 Assault,021 Serious Assault,Yes,Yes,Alice Springs,,73
4/08/2026,2024,6,02 Assault,021 Serious Assault,Yes,Yes,Katherine,,49
4/08/2026,2024,6,02 Assault,021 Serious Assault,Yes,Yes,Tennant Creek,,31
4/08/2026,2024,6,02 Assault,021 Serious Assault,Yes,Yes,Nhulunbuy,,1
4/08/2026,2024,6,02 Assault,021 Serious Assault,Yes,Yes,NT Balance,Alligator,1
4/08/2026,2024,6,02 Assault,021 Serious Assault,Yes,Yes,NT Balance,Anindilyakwa,1
4/08/2026,2024,6,02 Assault,021 Serious Assault,Yes,Yes,NT Balance,Barkly,3
4/08/2026,2024,6,02 Assault,021 Serious Assault,Yes,Yes,NT Balance,Daly,2
4/08/2026,2024,6,02 Assault,021 Serious Assault,Yes,Yes,NT Balance,East Arnhem,2
4/08/2026,2024,6,02 Assault,021 Serious Assault,Yes,Yes,NT Balance,Elsey,9
4/08/2026,2024,6,02 Assault,021 Serious Assault,Yes,Yes,NT Balance,Gulf,6
4/08/2026,2024,6,02 Assault,021 Serious Assault,Yes,Yes,NT Balance,Howard Springs,1
4/08/2026,2024,6,02 Assault,021 Serious Assault,Yes,Yes,NT Balance,Humpty Doo,1
4/08/2026,2024,6,02 Assault,021 Serious Assault,Yes,Yes,NT Balance,Petermann - Simpson,3
4/08/2026,2024,6,02 Assault,021 Serious Assault,Yes,Yes,NT Balance,Sandover - Plenty,3
4/08/2026,2024,6,02 Assault,021 Serious Assault,Yes,Yes,NT Balance,Tanami,5
4/08/2026,2024,6,02 Assault,021 Serious Assault,Yes,Yes,NT Balance,Thamarrurr,4
4/08/2026,2024,6,02 Assault,021 Serious Assault,Yes,Yes,NT Balance,Tiwi Islands,5
4/08/2026,2024,6,02 Assault,021 Serious Assault,Yes,Yes,NT Balance,Victoria River,5
4/08/2026,2024,6,02 Assault,021 Serious Assault,Yes,Yes,NT Balance,Virginia,2
4/08/2026,2024,6,02 Assault,021 Serious Assault,Yes,Yes,NT Balance,Weddell,1
4/08/2026,2024,6,02 Assault,021 Serious Assault,Yes,Yes,NT Balance,West Arnhem,8
4/08/2026,2024,6,02 Assault,021 Serious Assault,Yes,Yes,NT Balance,Yuendumu - Anmatjere,4
4/08/2026,2024,6,02 Assault,021 Serious Assault,Yes,Yes,NT Balance,Unknown ,2
4/08/2026,2024,6,02 Assault,022 Assault of a prescribed officer,No,No,Darwin,,4
4/08/2026,2024,6,02 Assault,022 Assault of a prescribed officer,No,No,Palmerston,,1
4/08/2026,2024,6,02 Assault,022 Assault of a prescribed officer,No,No,Alice Springs,,1
4/08/2026,2024,6,02 Assault,022 Assault of a prescribed officer,No,No,Katherine,,1
4/08/2026,2024,6,02 Assault,022 Assault of a prescribed officer,No,No,NT Balance,Thamarrurr,1
4/08/2026,2024,6,02 Assault,022 Assault of a prescribed officer,No,No,NT Balance,West Arnhem,1
4/08/2026,2024,6,02 Assault,022 Assault of a prescribed officer,No,Yes,Darwin,,1
4/08/2026,2024,6,02 Assault,022 Assault of a prescribed officer,No,Yes,NT Balance,Thamarrurr,1
4/08/2026,2024,6,02 Assault,022 Assault of a prescribed officer,Yes,No,Darwin,,2
4/08/2026,2024,6,02 Assault,022 Assault of a prescribed officer,Yes,No,Alice Springs,,3
4/08/2026,2024,6,02 Assault,022 Assault of a prescribed officer,Yes,No,Katherine,,3
4/08/2026,2024,6,02 Assault,022 Assault of a prescribed officer,Yes,No,Tennant Creek,,1
4/08/2026,2024,6,02 Assault,022 Assault of a prescribed officer,Yes,No,NT Balance,Gulf,1
4/08/2026,2024,6,02 Assault,022 Assault of a prescribed officer,Yes,No,NT Balance,Petermann - Simpson,1
4/08/2026,2024,6,02 Assault,022 Assault of a prescribed officer,Yes,Yes,Darwin,,1
4/08/2026,2024,6,02 Assault,022 Assault of a prescribed officer,Yes,Yes,Tennant Creek,,1
4/08/2026,2024,6,02 Assault,023 Common Assault,No,No,Darwin,,26
4/08/2026,2024,6,02 Assault,023 Common Assault,No,No,Palmerston,,8
4/08/2026,2024,6,02 Assault,023 Common Assault,No,No,Alice Springs,,7
4/08/2026,2024,6,02 Assault,023 Common Assault,No,No,Katherine,,2
4/08/2026,2024,6,02 Assault,023 Common Assault,No,No,Tennant Creek,,2
4/08/2026,2024,6,02 Assault,023 Common Assault,No,No,NT Balance,Alligator,2
4/08/2026,2024,6,02 Assault,023 Common Assault,No,No,NT Balance,Daly,1
4/08/2026,2024,6,02 Assault,023 Common Assault,No,No,NT Balance,East Arnhem,2
4/08/2026,2024,6,02 Assault,023 Common Assault,No,No,NT Balance,Elsey,1
4/08/2026,2024,6,02 Assault,023 Common Assault,No,No,NT Balance,Gulf,2
4/08/2026,2024,6,02 Assault,023 Common Assault,No,No,NT Balance,Howard Springs,1
4/08/2026,2024,6,02 Assault,023 Common Assault,No,No,NT Balance,Sandover - Plenty,5
4/08/2026,2024,6,02 Assault,023 Common Assault,No,No,NT Balance,Thamarrurr,1
4/08/2026,2024,6,02 Assault,023 Common Assault,No,No,NT Balance,Victoria River,1
4/08/2026,2024,6,02 Assault,023 Common Assault,No,No,NT Balance,Virginia,1
4/08/2026,2024,6,02 Assault,023 Common Assault,No,No,NT Balance,Unknown ,2
4/08/2026,2024,6,02 Assault,023 Common Assault,No,Yes,Darwin,,1
4/08/2026,2024,6,02 Assault,023 Common Assault,No,Yes,Alice Springs,,4
4/08/2026,2024,6,02 Assault,023 Common Assault,No,Yes,Katherine,,3
4/08/2026,2024,6,02 Assault,023 Common Assault,No,Yes,NT Balance,Anindilyakwa,1
4/08/2026,2024,6,02 Assault,023 Common Assault,No,Yes,NT Balance,Barkly,1
4/08/2026,2024,6,02 Assault,023 Common Assault,No,Yes,NT Balance,Daly,1
4/08/2026,2024,6,02 Assault,023 Common Assault,No,Yes,NT Balance,East Arnhem,2
4/08/2026,2024,6,02 Assault,023 Common Assault,No,Yes,NT Balance,Elsey,1
4/08/2026,2024,6,02 Assault,023 Common Assault,No,Yes,NT Balance,Sandover - Plenty,1
4/08/2026,2024,6,02 Assault,023 Common Assault,No,Yes,NT Balance,Thamarrurr,3
4/08/2026,2024,6,02 Assault,023 Common Assault,No,Yes,NT Balance,Victoria River,1
4/08/2026,2024,6,02 Assault,023 Common Assault,No,Yes,NT Balance,West Arnhem,2
4/08/2026,2024,6,02 Assault,023 Common Assault,Yes,No,Darwin,,9
4/08/2026,2024,6,02 Assault,023 Common Assault,Yes,No,Palmerston,,6
4/08/2026,2024,6,02 Assault,023 Common Assault,Yes,No,Alice Springs,,8
4/08/2026,2024,6,02 Assault,023 Common Assault,Yes,No,Katherine,,5
4/08/2026,2024,6,02 Assault,023 Common Assault,Yes,No,Nhulunbuy,,3
4/08/2026,2024,6,02 Assault,023 Common Assault,Yes,No,NT Balance,Elsey,1
4/08/2026,2024,6,02 Assault,023 Common Assault,Yes,No,NT Balance,Victoria River,1
4/08/2026,2024,6,02 Assault,023 Common Assault,Yes,Yes,Darwin,,9
4/08/2026,2024,6,02 Assault,023 Common Assault,Yes,Yes,Palmerston,,1
4/08/2026,2024,6,02 Assault,023 Common Assault,Yes,Yes,Alice Springs,,10
4/08/2026,2024,6,02 Assault,023 Common Assault,Yes,Yes,Katherine,,2
4/08/2026,2024,6,02 Assault,023 Common Assault,Yes,Yes,Tennant Creek,,1
4/08/2026,2024,6,02 Assault,023 Common Assault,Yes,Yes,NT Balance,Barkly,1
4/08/2026,2024,6,02 Assault,023 Common Assault,Yes,Yes,NT Balance,Petermann - Simpson,1
4/08/2026,2024,6,02 Assault,023 Common Assault,Yes,Yes,NT Balance,West Arnhem,3
4/08/2026,2024,6,03 Sexual offences,031 Sexual assault of an adult,-,-,Darwin,,17
4/08/2026,2024,6,03 Sexual offences,031 Sexual assault of an adult,-,-,Palmerston,,2
4/08/2026,2024,6,03 Sexual offences,031 Sexual assault of an adult,-,-,Alice Springs,,6
4/08/2026,2024,6,03 Sexual offences,031 Sexual assault of an adult,-,-,Katherine,,2
4/08/2026,2024,6,03 Sexual offences,031 Sexual assault of an adult,-,-,Tennant Creek,,1
4/08/2026,2024,6,03 Sexual offences,031 Sexual assault of an adult,-,-,NT Balance,East Arnhem,1
4/08/2026,2024,6,03 Sexual offences,031 Sexual assault of an adult,-,-,NT Balance,Howard Springs,1
4/08/2026,2024,6,03 Sexual offences,031 Sexual assault of an adult,-,-,NT Balance,Petermann - Simpson,2
4/08/2026,2024,6,03 Sexual offences,031 Sexual assault of an adult,-,-,NT Balance,Thamarrurr,2
4/08/2026,2024,6,03 Sexual offences,031 Sexual assault of an adult,-,-,NT Balance,Tiwi Islands,1
4/08/2026,2024,6,03 Sexual offences,031 Sexual assault of an adult,-,-,NT Balance,Yuendumu - Anmatjere,1
4/08/2026,2024,6,03 Sexual offences,031 Sexual assault of an adult,-,-,NT Balance,Unknown ,2
4/08/2026,2024,6,03 Sexual offences,032 Sexual assault of a child,-,-,Darwin,,3
4/08/2026,2024,6,03 Sexual offences,032 Sexual assault of a child,-,-,Palmerston,,2
4/08/2026,2024,6,03 Sexual offences,032 Sexual assault of a child,-,-,Alice Springs,,2
4/08/2026,2024,6,03 Sexual offences,032 Sexual assault of a child,-,-,Katherine,,3
4/08/2026,2024,6,03 Sexual offences,032 Sexual assault of a child,-,-,NT Balance,East Arnhem,1
4/08/2026,2024,6,03 Sexual offences,032 Sexual assault of a child,-,-,NT Balance,Howard Springs,1
4/08/2026,2024,6,03 Sexual offences,032 Sexual assault of a child,-,-,NT Balance,Humpty Doo,1
4/08/2026,2024,6,03 Sexual offences,"033, 034 Other child-related sexual offences",-,-,Palmerston,,1
4/08/2026,2024,6,03 Sexual offences,"033, 034 Other child-related sexual offences",-,-,Katherine,,2
4/08/2026,2024,6,03 Sexual offences,"033, 034 Other child-related sexual offences",-,-,NT Balance,Alligator,5
4/08/2026,2024,6,03 Sexual offences,"033, 034 Other child-related sexual offences",-,-,NT Balance,West Arnhem,1
4/08/2026,2024,6,03 Sexual offences,"035, 039 Other sexual offences",-,-,Darwin,,1
4/08/2026,2024,6,03 Sexual offences,"035, 039 Other sexual offences",-,-,Palmerston,,1
4/08/2026,2024,6,03 Sexual offences,"035, 039 Other sexual offences",-,-,NT Balance,Tanami,1
4/08/2026,2024,6,04 Harm or endanger persons,"041, 042, 043 Human trafficking, abduction, deprivation of liberty",-,-,Darwin,,1
4/08/2026,2024,6,04 Harm or endanger persons,"041, 042, 043 Human trafficking, abduction, deprivation of liberty",-,-,Katherine,,2
4/08/2026,2024,6,04 Harm or endanger persons,"041, 042, 043 Human trafficking, abduction, deprivation of liberty",-,-,Nhulunbuy,,1
4/08/2026,2024,6,04 Harm or endanger persons,"041, 042, 043 Human trafficking, abduction, deprivation of liberty",-,-,NT Balance,Thamarrurr,1
4/08/2026,2024,6,04 Harm or endanger persons,"041, 042, 043 Human trafficking, abduction, deprivation of liberty",-,-,NT Balance,Yuendumu - Anmatjere,1
4/08/2026,2024,6,04 Harm or endanger persons,"044 Acts that threaten, harass or control",-,-,Darwin,,20
4/08/2026,2024,6,04 Harm or endanger persons,"044 Acts that threaten, harass or control",-,-,Palmerston,,9
4/08/2026,2024,6,04 Harm or endanger persons,"044 Acts that threaten, harass or control",-,-,Alice Springs,,12
4/08/2026,2024,6,04 Harm or endanger persons,"044 Acts that threaten, harass or control",-,-,Katherine,,6
4/08/2026,2024,6,04 Harm or endanger persons,"044 Acts that threaten, harass or control",-,-,Tennant Creek,,4
4/08/2026,2024,6,04 Harm or endanger persons,"044 Acts that threaten, harass or control",-,-,NT Balance,Daly,1
4/08/2026,2024,6,04 Harm or endanger persons,"044 Acts that threaten, harass or control",-,-,NT Balance,Gulf,2
4/08/2026,2024,6,04 Harm or endanger persons,"044 Acts that threaten, harass or control",-,-,NT Balance,Howard Springs,1
4/08/2026,2024,6,04 Harm or endanger persons,"044 Acts that threaten, harass or control",-,-,NT Balance,Humpty Doo,2
4/08/2026,2024,6,04 Harm or endanger persons,"044 Acts that threaten, harass or control",-,-,NT Balance,Petermann - Simpson,2
4/08/2026,2024,6,04 Harm or endanger persons,"044 Acts that threaten, harass or control",-,-,NT Balance,Sandover - Plenty,1
4/08/2026,2024,6,04 Harm or endanger persons,"044 Acts that threaten, harass or control",-,-,NT Balance,Thamarrurr,1
4/08/2026,2024,6,04 Harm or endanger persons,"044 Acts that threaten, harass or control",-,-,NT Balance,Yuendumu - Anmatjere,1
4/08/2026,2024,6,04 Harm or endanger persons,"044 Acts that threaten, harass or control",-,-,NT Balance,Unknown ,2
4/08/2026,2024,6,04 Harm or endanger persons,045 Driving causing serious injury,-,-,Alice Springs,,1
4/08/2026,2024,6,04 Harm or endanger persons,045 Driving causing serious injury,-,-,NT Balance,Sandover - Plenty,1
4/08/2026,2024,6,04 Harm or endanger persons,049 Other acts that harm or endanger persons,-,-,Darwin,,9
4/08/2026,2024,6,04 Harm or endanger persons,049 Other acts that harm or endanger persons,-,-,Palmerston,,2
4/08/2026,2024,6,04 Harm or endanger persons,049 Other acts that harm or endanger persons,-,-,Alice Springs,,4
4/08/2026,2024,6,04 Harm or endanger persons,049 Other acts that harm or endanger persons,-,-,NT Balance,Anindilyakwa,1
4/08/2026,2024,6,04 Harm or endanger persons,049 Other acts that harm or endanger persons,-,-,NT Balance,Barkly,1
4/08/2026,2024,6,04 Harm or endanger persons,049 Other acts that harm or endanger persons,-,-,NT Balance,Virginia,1
4/08/2026,2024,6,04 Harm or endanger persons,049 Other acts that harm or endanger persons,-,-,NT Balance,West Arnhem,2
4/08/2026,2024,6,04 Harm or endanger persons,049 Other acts that harm or endanger persons,-,-,NT Balance,Yuendumu - Anmatjere,2
4/08/2026,2024,6,"05 Robbery, blackmail, and extortion",051 Robbery,-,-,Darwin,,10
4/08/2026,2024,6,"05 Robbery, blackmail, and extortion",051 Robbery,-,-,Palmerston,,3
4/08/2026,2024,6,"05 Robbery, blackmail, and extortion",051 Robbery,-,-,Alice Springs,,4
4/08/2026,2024,6,"05 Robbery, blackmail, and extortion",051 Robbery,-,-,Katherine,,3
4/08/2026,2024,6,"05 Robbery, blackmail, and extortion",051 Robbery,-,-,NT Balance,East Arnhem,1
4/08/2026,2024,6,"05 Robbery, blackmail, and extortion",051 Robbery,-,-,NT Balance,Thamarrurr,1
4/08/2026,2024,6,"05 Robbery, blackmail, and extortion",051 Robbery,-,-,NT Balance,West Arnhem,1
4/08/2026,2024,6,061 Burglary - dwelling,"061 Burglary - dwelling (house break-ins), actual",-,-,Darwin,,32
4/08/2026,2024,6,061 Burglary - dwelling,"061 Burglary - dwelling (house break-ins), actual",-,-,Palmerston,,15
4/08/2026,2024,6,061 Burglary - dwelling,"061 Burglary - dwelling (house break-ins), actual",-,-,Alice Springs,,59
4/08/2026,2024,6,061 Burglary - dwelling,"061 Burglary - dwelling (house break-ins), actual",-,-,Katherine,,19
4/08/2026,2024,6,061 Burglary - dwelling,"061 Burglary - dwelling (house break-ins), actual",-,-,Tennant Creek,,17
4/08/2026,2024,6,061 Burglary - dwelling,"061 Burglary - dwelling (house break-ins), actual",-,-,Nhulunbuy,,11
4/08/2026,2024,6,061 Burglary - dwelling,"061 Burglary - dwelling (house break-ins), actual",-,-,NT Balance,Anindilyakwa,1
4/08/2026,2024,6,061 Burglary - dwelling,"061 Burglary - dwelling (house break-ins), actual",-,-,NT Balance,Barkly,3
4/08/2026,2024,6,061 Burglary - dwelling,"061 Burglary - dwelling (house break-ins), actual",-,-,NT Balance,Daly,1
4/08/2026,2024,6,061 Burglary - dwelling,"061 Burglary - dwelling (house break-ins), actual",-,-,NT Balance,East Arnhem,4
4/08/2026,2024,6,061 Burglary - dwelling,"061 Burglary - dwelling (house break-ins), actual",-,-,NT Balance,Gulf,2
4/08/2026,2024,6,061 Burglary - dwelling,"061 Burglary - dwelling (house break-ins), actual",-,-,NT Balance,Humpty Doo,1
4/08/2026,2024,6,061 Burglary - dwelling,"061 Burglary - dwelling (house break-ins), actual",-,-,NT Balance,Petermann - Simpson,1
4/08/2026,2024,6,061 Burglary - dwelling,"061 Burglary - dwelling (house break-ins), actual",-,-,NT Balance,Sandover - Plenty,2
4/08/2026,2024,6,061 Burglary - dwelling,"061 Burglary - dwelling (house break-ins), actual",-,-,NT Balance,Tanami,1
4/08/2026,2024,6,061 Burglary - dwelling,"061 Burglary - dwelling (house break-ins), actual",-,-,NT Balance,Thamarrurr,6
4/08/2026,2024,6,061 Burglary - dwelling,"061 Burglary - dwelling (house break-ins), actual",-,-,NT Balance,Tiwi Islands,1
4/08/2026,2024,6,061 Burglary - dwelling,"061 Burglary - dwelling (house break-ins), actual",-,-,NT Balance,Victoria River,2
4/08/2026,2024,6,061 Burglary - dwelling,"061 Burglary - dwelling (house break-ins), actual",-,-,NT Balance,West Arnhem,2
4/08/2026,2024,6,061 Burglary - dwelling,"061 Burglary - dwelling (house break-ins), actual",-,-,NT Balance,Unknown ,2
4/08/2026,2024,6,061 Burglary - dwelling,"061 Burglary - dweling (house break-ins), attempted",-,-,Darwin,,9
4/08/2026,2024,6,061 Burglary - dwelling,"061 Burglary - dweling (house break-ins), attempted",-,-,Palmerston,,1
4/08/2026,2024,6,061 Burglary - dwelling,"061 Burglary - dweling (house break-ins), attempted",-,-,Alice Springs,,8
4/08/2026,2024,6,061 Burglary - dwelling,"061 Burglary - dweling (house break-ins), attempted",-,-,Katherine,,4
4/08/2026,2024,6,061 Burglary - dwelling,"061 Burglary - dweling (house break-ins), attempted",-,-,Tennant Creek,,3
4/08/2026,2024,6,061 Burglary - dwelling,"061 Burglary - dweling (house break-ins), attempted",-,-,NT Balance,Alligator,1
4/08/2026,2024,6,061 Burglary - dwelling,"061 Burglary - dweling (house break-ins), attempted",-,-,NT Balance,East Arnhem,3
4/08/2026,2024,6,061 Burglary - dwelling,"061 Burglary - dweling (house break-ins), attempted",-,-,NT Balance,Sandover - Plenty,1
4/08/2026,2024,6,061 Burglary - dwelling,"061 Burglary - dweling (house break-ins), attempted",-,-,NT Balance,Thamarrurr,1
4/08/2026,2024,6,062 Burglary - non-residential,"062 Burglary - non-residential (commercial break-ins), actual",-,-,Darwin,,21
4/08/2026,2024,6,062 Burglary - non-residential,"062 Burglary - non-residential (commercial break-ins), actual",-,-,Palmerston,,6
4/08/2026,2024,6,062 Burglary - non-residential,"062 Burglary - non-residential (commercial break-ins), actual",-,-,Alice Springs,,11
4/08/2026,2024,6,062 Burglary - non-residential,"062 Burglary - non-residential (commercial break-ins), actual",-,-,Katherine,,20
4/08/2026,2024,6,062 Burglary - non-residential,"062 Burglary - non-residential (commercial break-ins), actual",-,-,Tennant Creek,,5
4/08/2026,2024,6,062 Burglary - non-residential,"062 Burglary - non-residential (commercial break-ins), actual",-,-,NT Balance,Anindilyakwa,4
4/08/2026,2024,6,062 Burglary - non-residential,"062 Burglary - non-residential (commercial break-ins), actual",-,-,NT Balance,Barkly,1
4/08/2026,2024,6,062 Burglary - non-residential,"062 Burglary - non-residential (commercial break-ins), actual",-,-,NT Balance,Daly,4
4/08/2026,2024,6,062 Burglary - non-residential,"062 Burglary - non-residential (commercial break-ins), actual",-,-,NT Balance,East Arnhem,5
4/08/2026,2024,6,062 Burglary - non-residential,"062 Burglary - non-residential (commercial break-ins), actual",-,-,NT Balance,Howard Springs,1
4/08/2026,2024,6,062 Burglary - non-residential,"062 Burglary - non-residential (commercial break-ins), actual",-,-,NT Balance,Sandover - Plenty,2
4/08/2026,2024,6,062 Burglary - non-residential,"062 Burglary - non-residential (commercial break-ins), actual",-,-,NT Balance,Tanami,1
4/08/2026,2024,6,062 Burglary - non-residential,"062 Burglary - non-residential (commercial break-ins), actual",-,-,NT Balance,Thamarrurr,4
4/08/2026,2024,6,062 Burglary - non-residential,"062 Burglary - non-residential (commercial break-ins), actual",-,-,NT Balance,Tiwi Islands,9
4/08/2026,2024,6,062 Burglary - non-residential,"062 Burglary - non-residential (commercial break-ins), actual",-,-,NT Balance,Victoria River,2
4/08/2026,2024,6,062 Burglary - non-residential,"062 Burglary - non-residential (commercial break-ins), actual",-,-,NT Balance,Weddell,1
4/08/2026,2024,6,062 Burglary - non-residential,"062 Burglary - non-residential (commercial break-ins), actual",-,-,NT Balance,Yuendumu - Anmatjere,1
4/08/2026,2024,6,062 Burglary - non-residential,"062 Burglary - non-residential (commercial break-ins), actual",-,-,NT Balance,Unknown ,3
4/08/2026,2024,6,062 Burglary - non-residential,"062 Burglary - non-residential (commercial break-ins), attempted",-,-,Darwin,,3
4/08/2026,2024,6,062 Burglary - non-residential,"062 Burglary - non-residential (commercial break-ins), attempted",-,-,Alice Springs,,4
4/08/2026,2024,6,062 Burglary - non-residential,"062 Burglary - non-residential (commercial break-ins), attempted",-,-,Katherine,,2
4/08/2026,2024,6,062 Burglary - non-residential,"062 Burglary - non-residential (commercial break-ins), attempted",-,-,NT Balance,Petermann - Simpson,2
4/08/2026,2024,6,062 Burglary - non-residential,"062 Burglary - non-residential (commercial break-ins), attempted",-,-,NT Balance,Tanami,1
4/08/2026,2024,6,07 Theft,071 Motor vehicle theft and related offences,-,-,Darwin,,25
4/08/2026,2024,6,07 Theft,071 Motor vehicle theft and related offences,-,-,Palmerston,,7
4/08/2026,2024,6,07 Theft,071 Motor vehicle theft and related offences,-,-,Alice Springs,,3
4/08/2026,2024,6,07 Theft,071 Motor vehicle theft and related offences,-,-,Katherine,,4
4/08/2026,2024,6,07 Theft,071 Motor vehicle theft and related offences,-,-,NT Balance,Alligator,1
4/08/2026,2024,6,07 Theft,071 Motor vehicle theft and related offences,-,-,NT Balance,Anindilyakwa,2
4/08/2026,2024,6,07 Theft,071 Motor vehicle theft and related offences,-,-,NT Balance,Howard Springs,1
4/08/2026,2024,6,07 Theft,071 Motor vehicle theft and related offences,-,-,NT Balance,Humpty Doo,1
4/08/2026,2024,6,07 Theft,071 Motor vehicle theft and related offences,-,-,NT Balance,Thamarrurr,1
4/08/2026,2024,6,07 Theft,07* Other theft,-,-,Darwin,,267
4/08/2026,2024,6,07 Theft,07* Other theft,-,-,Palmerston,,93
4/08/2026,2024,6,07 Theft,07* Other theft,-,-,Alice Springs,,163
4/08/2026,2024,6,07 Theft,07* Other theft,-,-,Katherine,,48
4/08/2026,2024,6,07 Theft,07* Other theft,-,-,Tennant Creek,,20
4/08/2026,2024,6,07 Theft,07* Other theft,-,-,Nhulunbuy,,4
4/08/2026,2024,6,07 Theft,07* Other theft,-,-,NT Balance,Alligator,7
4/08/2026,2024,6,07 Theft,07* Other theft,-,-,NT Balance,Anindilyakwa,3
4/08/2026,2024,6,07 Theft,07* Other theft,-,-,NT Balance,Barkly,6
4/08/2026,2024,6,07 Theft,07* Other theft,-,-,NT Balance,Daly,5
4/08/2026,2024,6,07 Theft,07* Other theft,-,-,NT Balance,East Arnhem,10
4/08/2026,2024,6,07 Theft,07* Other theft,-,-,NT Balance,Gulf,1
4/08/2026,2024,6,07 Theft,07* Other theft,-,-,NT Balance,Howard Springs,2
4/08/2026,2024,6,07 Theft,07* Other theft,-,-,NT Balance,Humpty Doo,5
4/08/2026,2024,6,07 Theft,07* Other theft,-,-,NT Balance,Koolpinyah,1
4/08/2026,2024,6,07 Theft,07* Other theft,-,-,NT Balance,Petermann - Simpson,3
4/08/2026,2024,6,07 Theft,07* Other theft,-,-,NT Balance,Tanami,2
4/08/2026,2024,6,07 Theft,07* Other theft,-,-,NT Balance,Thamarrurr,3
4/08/2026,2024,6,07 Theft,07* Other theft,-,-,NT Balance,Tiwi Islands,6
4/08/2026,2024,6,07 Theft,07* Other theft,-,-,NT Balance,Victoria River,3
4/08/2026,2024,6,07 Theft,07* Other theft,-,-,NT Balance,Virginia,9
4/08/2026,2024,6,07 Theft,07* Other theft,-,-,NT Balance,Weddell,6
4/08/2026,2024,6,07 Theft,07* Other theft,-,-,NT Balance,West Arnhem,1
4/08/2026,2024,6,07 Theft,07* Other theft,-,-,NT Balance,Yuendumu - Anmatjere,1
4/08/2026,2024,6,07 Theft,07* Other theft,-,-,NT Balance,Unknown ,6
4/08/2026,2024,6,11 Property damage offences,11 Property damage offences,-,-,Darwin,,136
4/08/2026,2024,6,11 Property damage offences,11 Property damage offences,-,-,Palmerston,,78
4/08/2026,2024,6,11 Property damage offences,11 Property damage offences,-,-,Alice Springs,,176
4/08/2026,2024,6,11 Property damage offences,11 Property damage offences,-,-,Katherine,,70
4/08/2026,2024,6,11 Property damage offences,11 Property damage offences,-,-,Tennant Creek,,30
4/08/2026,2024,6,11 Property damage offences,11 Property damage offences,-,-,Nhulunbuy,,9
4/08/2026,2024,6,11 Property damage offences,11 Property damage offences,-,-,NT Balance,Alligator,2
4/08/2026,2024,6,11 Property damage offences,11 Property damage offences,-,-,NT Balance,Anindilyakwa,5
4/08/2026,2024,6,11 Property damage offences,11 Property damage offences,-,-,NT Balance,Barkly,1
4/08/2026,2024,6,11 Property damage offences,11 Property damage offences,-,-,NT Balance,Daly,6
4/08/2026,2024,6,11 Property damage offences,11 Property damage offences,-,-,NT Balance,East Arnhem,17
4/08/2026,2024,6,11 Property damage offences,11 Property damage offences,-,-,NT Balance,Elsey,1
4/08/2026,2024,6,11 Property damage offences,11 Property damage offences,-,-,NT Balance,Gulf,6
4/08/2026,2024,6,11 Property damage offences,11 Property damage offences,-,-,NT Balance,Howard Springs,1
4/08/2026,2024,6,11 Property damage offences,11 Property damage offences,-,-,NT Balance,Humpty Doo,4
4/08/2026,2024,6,11 Property damage offences,11 Property damage offences,-,-,NT Balance,Koolpinyah,1
4/08/2026,2024,6,11 Property damage offences,11 Property damage offences,-,-,NT Balance,Petermann - Simpson,1
4/08/2026,2024,6,11 Property damage offences,11 Property damage offences,-,-,NT Balance,Sandover - Plenty,3
4/08/2026,2024,6,11 Property damage offences,11 Property damage offences,-,-,NT Balance,Thamarrurr,8
4/08/2026,2024,6,11 Property damage offences,11 Property damage offences,-,-,NT Balance,Tiwi Islands,9
4/08/2026,2024,6,11 Property damage offences,11 Property damage offences,-,-,NT Balance,Victoria River,1
4/08/2026,2024,6,11 Property damage offences,11 Property damage offences,-,-,NT Balance,Virginia,3
4/08/2026,2024,6,11 Property damage offences,11 Property damage offences,-,-,NT Balance,Weddell,3
4/08/2026,2024,6,11 Property damage offences,11 Property damage offences,-,-,NT Balance,West Arnhem,8
4/08/2026,2024,6,11 Property damage offences,11 Property damage offences,-,-,NT Balance,Yuendumu - Anmatjere,1
4/08/2026,2024,6,11 Property damage offences,11 Property damage offences,-,-,NT Balance,Unknown ,10
4/08/2026,2024,7,01 Homicide,0110 Murder,-,-,Katherine,,1
4/08/2026,2024,7,01 Homicide,0132 Driving causing death,-,-,Alice Springs,,1
4/08/2026,2024,7,01 Homicide,0132 Driving causing death,-,-,NT Balance,Victoria River,1
4/08/2026,2024,7,01 Homicide,0132 Driving causing death,-,-,NT Balance,Unknown ,1
4/08/2026,2024,7,02 Assault,021 Serious Assault,No,No,Darwin,,38
4/08/2026,2024,7,02 Assault,021 Serious Assault,No,No,Palmerston,,10
4/08/2026,2024,7,02 Assault,021 Serious Assault,No,No,Alice Springs,,26
4/08/2026,2024,7,02 Assault,021 Serious Assault,No,No,Katherine,,10
4/08/2026,2024,7,02 Assault,021 Serious Assault,No,No,Tennant Creek,,1
4/08/2026,2024,7,02 Assault,021 Serious Assault,No,No,Nhulunbuy,,1
4/08/2026,2024,7,02 Assault,021 Serious Assault,No,No,NT Balance,Alligator,1
4/08/2026,2024,7,02 Assault,021 Serious Assault,No,No,NT Balance,Anindilyakwa,1
4/08/2026,2024,7,02 Assault,021 Serious Assault,No,No,NT Balance,Barkly,3
4/08/2026,2024,7,02 Assault,021 Serious Assault,No,No,NT Balance,Daly,3
4/08/2026,2024,7,02 Assault,021 Serious Assault,No,No,NT Balance,East Arnhem,4
4/08/2026,2024,7,02 Assault,021 Serious Assault,No,No,NT Balance,Gulf,1
4/08/2026,2024,7,02 Assault,021 Serious Assault,No,No,NT Balance,Howard Springs,13
4/08/2026,2024,7,02 Assault,021 Serious Assault,No,No,NT Balance,Humpty Doo,2
4/08/2026,2024,7,02 Assault,021 Serious Assault,No,No,NT Balance,Sandover - Plenty,2
4/08/2026,2024,7,02 Assault,021 Serious Assault,No,No,NT Balance,Tanami,1
4/08/2026,2024,7,02 Assault,021 Serious Assault,No,No,NT Balance,Thamarrurr,2
4/08/2026,2024,7,02 Assault,021 Serious Assault,No,No,NT Balance,Tiwi Islands,1
4/08/2026,2024,7,02 Assault,021 Serious Assault,No,No,NT Balance,Victoria River,1
4/08/2026,2024,7,02 Assault,021 Serious Assault,No,No,NT Balance,Virginia,1
4/08/2026,2024,7,02 Assault,021 Serious Assault,No,No,NT Balance,Weddell,2
4/08/2026,2024,7,02 Assault,021 Serious Assault,No,No,NT Balance,West Arnhem,4
4/08/2026,2024,7,02 Assault,021 Serious Assault,No,Yes,Darwin,,56
4/08/2026,2024,7,02 Assault,021 Serious Assault,No,Yes,Palmerston,,21
4/08/2026,2024,7,02 Assault,021 Serious Assault,No,Yes,Alice Springs,,85
4/08/2026,2024,7,02 Assault,021 Serious Assault,No,Yes,Katherine,,19
4/08/2026,2024,7,02 Assault,021 Serious Assault,No,Yes,Tennant Creek,,6
4/08/2026,2024,7,02 Assault,021 Serious Assault,No,Yes,Nhulunbuy,,6
4/08/2026,2024,7,02 Assault,021 Serious Assault,No,Yes,NT Balance,Alligator,2
4/08/2026,2024,7,02 Assault,021 Serious Assault,No,Yes,NT Balance,Anindilyakwa,3
4/08/2026,2024,7,02 Assault,021 Serious Assault,No,Yes,NT Balance,Barkly,3
4/08/2026,2024,7,02 Assault,021 Serious Assault,No,Yes,NT Balance,East Arnhem,17
4/08/2026,2024,7,02 Assault,021 Serious Assault,No,Yes,NT Balance,Elsey,2
4/08/2026,2024,7,02 Assault,021 Serious Assault,No,Yes,NT Balance,Gulf,7
4/08/2026,2024,7,02 Assault,021 Serious Assault,No,Yes,NT Balance,Humpty Doo,2
4/08/2026,2024,7,02 Assault,021 Serious Assault,No,Yes,NT Balance,Petermann - Simpson,6
4/08/2026,2024,7,02 Assault,021 Serious Assault,No,Yes,NT Balance,Sandover - Plenty,6
4/08/2026,2024,7,02 Assault,021 Serious Assault,No,Yes,NT Balance,Tanami,6
4/08/2026,2024,7,02 Assault,021 Serious Assault,No,Yes,NT Balance,Thamarrurr,19
4/08/2026,2024,7,02 Assault,021 Serious Assault,No,Yes,NT Balance,Tiwi Islands,10
4/08/2026,2024,7,02 Assault,021 Serious Assault,No,Yes,NT Balance,Victoria River,7
4/08/2026,2024,7,02 Assault,021 Serious Assault,No,Yes,NT Balance,Weddell,1
4/08/2026,2024,7,02 Assault,021 Serious Assault,No,Yes,NT Balance,West Arnhem,15
4/08/2026,2024,7,02 Assault,021 Serious Assault,No,Yes,NT Balance,Yuendumu - Anmatjere,8
4/08/2026,2024,7,02 Assault,021 Serious Assault,No,Yes,NT Balance,Unknown ,3
4/08/2026,2024,7,02 Assault,021 Serious Assault,Yes,No,Darwin,,27
4/08/2026,2024,7,02 Assault,021 Serious Assault,Yes,No,Palmerston,,13
4/08/2026,2024,7,02 Assault,021 Serious Assault,Yes,No,Alice Springs,,16
4/08/2026,2024,7,02 Assault,021 Serious Assault,Yes,No,Katherine,,3
4/08/2026,2024,7,02 Assault,021 Serious Assault,Yes,No,Tennant Creek,,2
4/08/2026,2024,7,02 Assault,021 Serious Assault,Yes,No,Nhulunbuy,,1
4/08/2026,2024,7,02 Assault,021 Serious Assault,Yes,No,NT Balance,Daly,3
4/08/2026,2024,7,02 Assault,021 Serious Assault,Yes,No,NT Balance,Gulf,1
4/08/2026,2024,7,02 Assault,021 Serious Assault,Yes,No,NT Balance,Thamarrurr,1
4/08/2026,2024,7,02 Assault,021 Serious Assault,Yes,No,NT Balance,West Arnhem,1
4/08/2026,2024,7,02 Assault,021 Serious Assault,Yes,No,NT Balance,Yuendumu - Anmatjere,1
4/08/2026,2024,7,02 Assault,021 Serious Assault,Yes,No,NT Balance,Unknown ,1
4/08/2026,2024,7,02 Assault,021 Serious Assault,Yes,Yes,Darwin,,49
4/08/2026,2024,7,02 Assault,021 Serious Assault,Yes,Yes,Palmerston,,29
4/08/2026,2024,7,02 Assault,021 Serious Assault,Yes,Yes,Alice Springs,,48
4/08/2026,2024,7,02 Assault,021 Serious Assault,Yes,Yes,Katherine,,43
4/08/2026,2024,7,02 Assault,021 Serious Assault,Yes,Yes,Tennant Creek,,20
4/08/2026,2024,7,02 Assault,021 Serious Assault,Yes,Yes,Nhulunbuy,,3
4/08/2026,2024,7,02 Assault,021 Serious Assault,Yes,Yes,NT Balance,Alligator,2
4/08/2026,2024,7,02 Assault,021 Serious Assault,Yes,Yes,NT Balance,Barkly,6
4/08/2026,2024,7,02 Assault,021 Serious Assault,Yes,Yes,NT Balance,Daly,3
4/08/2026,2024,7,02 Assault,021 Serious Assault,Yes,Yes,NT Balance,East Arnhem,2
4/08/2026,2024,7,02 Assault,021 Serious Assault,Yes,Yes,NT Balance,Elsey,3
4/08/2026,2024,7,02 Assault,021 Serious Assault,Yes,Yes,NT Balance,Gulf,6
4/08/2026,2024,7,02 Assault,021 Serious Assault,Yes,Yes,NT Balance,Howard Springs,2
4/08/2026,2024,7,02 Assault,021 Serious Assault,Yes,Yes,NT Balance,Petermann - Simpson,1
4/08/2026,2024,7,02 Assault,021 Serious Assault,Yes,Yes,NT Balance,Sandover - Plenty,5
4/08/2026,2024,7,02 Assault,021 Serious Assault,Yes,Yes,NT Balance,Tanami,3
4/08/2026,2024,7,02 Assault,021 Serious Assault,Yes,Yes,NT Balance,Thamarrurr,3
4/08/2026,2024,7,02 Assault,021 Serious Assault,Yes,Yes,NT Balance,Tiwi Islands,1
4/08/2026,2024,7,02 Assault,021 Serious Assault,Yes,Yes,NT Balance,Victoria River,2
4/08/2026,2024,7,02 Assault,021 Serious Assault,Yes,Yes,NT Balance,Virginia,1
4/08/2026,2024,7,02 Assault,021 Serious Assault,Yes,Yes,NT Balance,West Arnhem,5
4/08/2026,2024,7,02 Assault,021 Serious Assault,Yes,Yes,NT Balance,Yuendumu - Anmatjere,2
4/08/2026,2024,7,02 Assault,021 Serious Assault,Yes,Yes,NT Balance,Unknown ,3
4/08/2026,2024,7,02 Assault,022 Assault of a prescribed officer,No,No,Darwin,,5
4/08/2026,2024,7,02 Assault,022 Assault of a prescribed officer,No,No,Palmerston,,2
4/08/2026,2024,7,02 Assault,022 Assault of a prescribed officer,No,No,Alice Springs,,4
4/08/2026,2024,7,02 Assault,022 Assault of a prescribed officer,No,No,Tennant Creek,,1
4/08/2026,2024,7,02 Assault,022 Assault of a prescribed officer,No,No,Nhulunbuy,,2
4/08/2026,2024,7,02 Assault,022 Assault of a prescribed officer,No,No,NT Balance,Daly,1
4/08/2026,2024,7,02 Assault,022 Assault of a prescribed officer,No,No,NT Balance,Elsey,1
4/08/2026,2024,7,02 Assault,022 Assault of a prescribed officer,No,No,NT Balance,West Arnhem,1
4/08/2026,2024,7,02 Assault,022 Assault of a prescribed officer,No,No,NT Balance,Unknown ,1
4/08/2026,2024,7,02 Assault,022 Assault of a prescribed officer,No,Yes,Alice Springs,,1
4/08/2026,2024,7,02 Assault,022 Assault of a prescribed officer,No,Yes,NT Balance,Barkly,1
4/08/2026,2024,7,02 Assault,022 Assault of a prescribed officer,Yes,No,Darwin,,2
4/08/2026,2024,7,02 Assault,022 Assault of a prescribed officer,Yes,No,Alice Springs,,1
4/08/2026,2024,7,02 Assault,022 Assault of a prescribed officer,Yes,No,Katherine,,1
4/08/2026,2024,7,02 Assault,022 Assault of a prescribed officer,Yes,No,Tennant Creek,,1
4/08/2026,2024,7,02 Assault,022 Assault of a prescribed officer,Yes,No,NT Balance,Daly,1
4/08/2026,2024,7,02 Assault,022 Assault of a prescribed officer,Yes,Yes,Darwin,,2
4/08/2026,2024,7,02 Assault,022 Assault of a prescribed officer,Yes,Yes,Alice Springs,,1
4/08/2026,2024,7,02 Assault,022 Assault of a prescribed officer,Yes,Yes,Katherine,,1
4/08/2026,2024,7,02 Assault,023 Common Assault,No,No,Darwin,,27
4/08/2026,2024,7,02 Assault,023 Common Assault,No,No,Palmerston,,6
4/08/2026,2024,7,02 Assault,023 Common Assault,No,No,Alice Springs,,16
4/08/2026,2024,7,02 Assault,023 Common Assault,No,No,Katherine,,5
4/08/2026,2024,7,02 Assault,023 Common Assault,No,No,Tennant Creek,,1
4/08/2026,2024,7,02 Assault,023 Common Assault,No,No,Nhulunbuy,,1
4/08/2026,2024,7,02 Assault,023 Common Assault,No,No,NT Balance,Anindilyakwa,1
4/08/2026,2024,7,02 Assault,023 Common Assault,No,No,NT Balance,Barkly,1
4/08/2026,2024,7,02 Assault,023 Common Assault,No,No,NT Balance,East Arnhem,1
4/08/2026,2024,7,02 Assault,023 Common Assault,No,No,NT Balance,Howard Springs,4
4/08/2026,2024,7,02 Assault,023 Common Assault,No,No,NT Balance,Sandover - Plenty,3
4/08/2026,2024,7,02 Assault,023 Common Assault,No,No,NT Balance,Thamarrurr,3
4/08/2026,2024,7,02 Assault,023 Common Assault,No,No,NT Balance,Tiwi Islands,1
4/08/2026,2024,7,02 Assault,023 Common Assault,No,No,NT Balance,West Arnhem,1
4/08/2026,2024,7,02 Assault,023 Common Assault,No,No,NT Balance,Unknown ,3
4/08/2026,2024,7,02 Assault,023 Common Assault,No,Yes,Darwin,,7
4/08/2026,2024,7,02 Assault,023 Common Assault,No,Yes,Palmerston,,1
4/08/2026,2024,7,02 Assault,023 Common Assault,No,Yes,Alice Springs,,12
4/08/2026,2024,7,02 Assault,023 Common Assault,No,Yes,Katherine,,3
4/08/2026,2024,7,02 Assault,023 Common Assault,No,Yes,NT Balance,Alligator,1
4/08/2026,2024,7,02 Assault,023 Common Assault,No,Yes,NT Balance,Barkly,1
4/08/2026,2024,7,02 Assault,023 Common Assault,No,Yes,NT Balance,Daly,1
4/08/2026,2024,7,02 Assault,023 Common Assault,No,Yes,NT Balance,East Arnhem,3
4/08/2026,2024,7,02 Assault,023 Common Assault,No,Yes,NT Balance,Gulf,2
4/08/2026,2024,7,02 Assault,023 Common Assault,No,Yes,NT Balance,Sandover - Plenty,1
4/08/2026,2024,7,02 Assault,023 Common Assault,No,Yes,NT Balance,Thamarrurr,3
4/08/2026,2024,7,02 Assault,023 Common Assault,No,Yes,NT Balance,Tiwi Islands,2
4/08/2026,2024,7,02 Assault,023 Common Assault,No,Yes,NT Balance,Victoria River,1
4/08/2026,2024,7,02 Assault,023 Common Assault,No,Yes,NT Balance,West Arnhem,4
4/08/2026,2024,7,02 Assault,023 Common Assault,No,Yes,NT Balance,Unknown ,1
4/08/2026,2024,7,02 Assault,023 Common Assault,Yes,No,Darwin,,11
4/08/2026,2024,7,02 Assault,023 Common Assault,Yes,No,Palmerston,,4
4/08/2026,2024,7,02 Assault,023 Common Assault,Yes,No,Alice Springs,,9
4/08/2026,2024,7,02 Assault,023 Common Assault,Yes,No,Katherine,,1
4/08/2026,2024,7,02 Assault,023 Common Assault,Yes,No,NT Balance,Alligator,1
4/08/2026,2024,7,02 Assault,023 Common Assault,Yes,No,NT Balance,Gulf,2
4/08/2026,2024,7,02 Assault,023 Common Assault,Yes,No,NT Balance,Humpty Doo,1
4/08/2026,2024,7,02 Assault,023 Common Assault,Yes,No,NT Balance,Petermann - Simpson,1
4/08/2026,2024,7,02 Assault,023 Common Assault,Yes,No,NT Balance,Sandover - Plenty,1
4/08/2026,2024,7,02 Assault,023 Common Assault,Yes,No,NT Balance,Thamarrurr,1
4/08/2026,2024,7,02 Assault,023 Common Assault,Yes,No,NT Balance,Victoria River,1
4/08/2026,2024,7,02 Assault,023 Common Assault,Yes,No,NT Balance,Virginia,1
4/08/2026,2024,7,02 Assault,023 Common Assault,Yes,No,NT Balance,West Arnhem,1
4/08/2026,2024,7,02 Assault,023 Common Assault,Yes,No,NT Balance,Unknown ,2
4/08/2026,2024,7,02 Assault,023 Common Assault,Yes,Yes,Darwin,,8
4/08/2026,2024,7,02 Assault,023 Common Assault,Yes,Yes,Palmerston,,2
4/08/2026,2024,7,02 Assault,023 Common Assault,Yes,Yes,Alice Springs,,8
4/08/2026,2024,7,02 Assault,023 Common Assault,Yes,Yes,Katherine,,4
4/08/2026,2024,7,02 Assault,023 Common Assault,Yes,Yes,Tennant Creek,,2
4/08/2026,2024,7,02 Assault,023 Common Assault,Yes,Yes,NT Balance,Barkly,1
4/08/2026,2024,7,02 Assault,023 Common Assault,Yes,Yes,NT Balance,Gulf,1
4/08/2026,2024,7,02 Assault,023 Common Assault,Yes,Yes,NT Balance,Humpty Doo,1
4/08/2026,2024,7,02 Assault,023 Common Assault,Yes,Yes,NT Balance,Tiwi Islands,2
4/08/2026,2024,7,03 Sexual offences,031 Sexual assault of an adult,-,-,Darwin,,9
4/08/2026,2024,7,03 Sexual offences,031 Sexual assault of an adult,-,-,Palmerston,,5
4/08/2026,2024,7,03 Sexual offences,031 Sexual assault of an adult,-,-,Alice Springs,,7
4/08/2026,2024,7,03 Sexual offences,031 Sexual assault of an adult,-,-,Katherine,,2
4/08/2026,2024,7,03 Sexual offences,031 Sexual assault of an adult,-,-,Tennant Creek,,1
4/08/2026,2024,7,03 Sexual offences,031 Sexual assault of an adult,-,-,NT Balance,Daly,1
4/08/2026,2024,7,03 Sexual offences,031 Sexual assault of an adult,-,-,NT Balance,Gulf,2
4/08/2026,2024,7,03 Sexual offences,031 Sexual assault of an adult,-,-,NT Balance,Thamarrurr,2
4/08/2026,2024,7,03 Sexual offences,031 Sexual assault of an adult,-,-,NT Balance,Virginia,1
4/08/2026,2024,7,03 Sexual offences,031 Sexual assault of an adult,-,-,NT Balance,Unknown ,2
4/08/2026,2024,7,03 Sexual offences,032 Sexual assault of a child,-,-,Darwin,,1
4/08/2026,2024,7,03 Sexual offences,032 Sexual assault of a child,-,-,Palmerston,,1
4/08/2026,2024,7,03 Sexual offences,032 Sexual assault of a child,-,-,Alice Springs,,2
4/08/2026,2024,7,03 Sexual offences,032 Sexual assault of a child,-,-,Katherine,,2
4/08/2026,2024,7,03 Sexual offences,032 Sexual assault of a child,-,-,Nhulunbuy,,1
4/08/2026,2024,7,03 Sexual offences,032 Sexual assault of a child,-,-,NT Balance,East Arnhem,2
4/08/2026,2024,7,03 Sexual offences,"033, 034 Other child-related sexual offences",-,-,Palmerston,,4
4/08/2026,2024,7,03 Sexual offences,"033, 034 Other child-related sexual offences",-,-,Katherine,,3
4/08/2026,2024,7,03 Sexual offences,"033, 034 Other child-related sexual offences",-,-,NT Balance,Alligator,1
4/08/2026,2024,7,03 Sexual offences,"035, 039 Other sexual offences",-,-,Darwin,,1
4/08/2026,2024,7,03 Sexual offences,"035, 039 Other sexual offences",-,-,Alice Springs,,1
4/08/2026,2024,7,03 Sexual offences,"035, 039 Other sexual offences",-,-,Katherine,,4
4/08/2026,2024,7,03 Sexual offences,"035, 039 Other sexual offences",-,-,Tennant Creek,,1
4/08/2026,2024,7,03 Sexual offences,"035, 039 Other sexual offences",-,-,NT Balance,Sandover - Plenty,1
4/08/2026,2024,7,04 Harm or endanger persons,"041, 042, 043 Human trafficking, abduction, deprivation of liberty",-,-,Palmerston,,2
4/08/2026,2024,7,04 Harm or endanger persons,"041, 042, 043 Human trafficking, abduction, deprivation of liberty",-,-,Alice Springs,,1
4/08/2026,2024,7,04 Harm or endanger persons,"041, 042, 043 Human trafficking, abduction, deprivation of liberty",-,-,NT Balance,Thamarrurr,1
4/08/2026,2024,7,04 Harm or endanger persons,"044 Acts that threaten, harass or control",-,-,Darwin,,22
4/08/2026,2024,7,04 Harm or endanger persons,"044 Acts that threaten, harass or control",-,-,Palmerston,,8
4/08/2026,2024,7,04 Harm or endanger persons,"044 Acts that threaten, harass or control",-,-,Alice Springs,,11
4/08/2026,2024,7,04 Harm or endanger persons,"044 Acts that threaten, harass or control",-,-,Katherine,,7
4/08/2026,2024,7,04 Harm or endanger persons,"044 Acts that threaten, harass or control",-,-,NT Balance,Gulf,3
4/08/2026,2024,7,04 Harm or endanger persons,"044 Acts that threaten, harass or control",-,-,NT Balance,Howard Springs,1
4/08/2026,2024,7,04 Harm or endanger persons,"044 Acts that threaten, harass or control",-,-,NT Balance,Petermann - Simpson,1
4/08/2026,2024,7,04 Harm or endanger persons,"044 Acts that threaten, harass or control",-,-,NT Balance,Sandover - Plenty,3
4/08/2026,2024,7,04 Harm or endanger persons,"044 Acts that threaten, harass or control",-,-,NT Balance,Thamarrurr,1
4/08/2026,2024,7,04 Harm or endanger persons,"044 Acts that threaten, harass or control",-,-,NT Balance,Victoria River,2
4/08/2026,2024,7,04 Harm or endanger persons,"044 Acts that threaten, harass or control",-,-,NT Balance,Unknown ,1
4/08/2026,2024,7,04 Harm or endanger persons,045 Driving causing serious injury,-,-,Darwin,,1
4/08/2026,2024,7,04 Harm or endanger persons,045 Driving causing serious injury,-,-,Palmerston,,2
4/08/2026,2024,7,04 Harm or endanger persons,045 Driving causing serious injury,-,-,Alice Springs,,1
4/08/2026,2024,7,04 Harm or endanger persons,049 Other acts that harm or endanger persons,-,-,Darwin,,7
4/08/2026,2024,7,04 Harm or endanger persons,049 Other acts that harm or endanger persons,-,-,Palmerston,,2
4/08/2026,2024,7,04 Harm or endanger persons,049 Other acts that harm or endanger persons,-,-,Alice Springs,,3
4/08/2026,2024,7,04 Harm or endanger persons,049 Other acts that harm or endanger persons,-,-,Katherine,,4
4/08/2026,2024,7,04 Harm or endanger persons,049 Other acts that harm or endanger persons,-,-,NT Balance,Barkly,1
4/08/2026,2024,7,04 Harm or endanger persons,049 Other acts that harm or endanger persons,-,-,NT Balance,Daly,1
4/08/2026,2024,7,04 Harm or endanger persons,049 Other acts that harm or endanger persons,-,-,NT Balance,Gulf,1
4/08/2026,2024,7,04 Harm or endanger persons,049 Other acts that harm or endanger persons,-,-,NT Balance,Koolpinyah,1
4/08/2026,2024,7,04 Harm or endanger persons,049 Other acts that harm or endanger persons,-,-,NT Balance,Weddell,1
4/08/2026,2024,7,04 Harm or endanger persons,049 Other acts that harm or endanger persons,-,-,NT Balance,West Arnhem,1
4/08/2026,2024,7,"05 Robbery, blackmail, and extortion",051 Robbery,-,-,Darwin,,16
4/08/2026,2024,7,"05 Robbery, blackmail, and extortion",051 Robbery,-,-,Palmerston,,2
4/08/2026,2024,7,"05 Robbery, blackmail, and extortion",051 Robbery,-,-,Alice Springs,,7
4/08/2026,2024,7,"05 Robbery, blackmail, and extortion",051 Robbery,-,-,Katherine,,4
4/08/2026,2024,7,"05 Robbery, blackmail, and extortion",051 Robbery,-,-,Tennant Creek,,3
4/08/2026,2024,7,"05 Robbery, blackmail, and extortion",051 Robbery,-,-,NT Balance,East Arnhem,1
4/08/2026,2024,7,"05 Robbery, blackmail, and extortion",051 Robbery,-,-,NT Balance,Thamarrurr,1
4/08/2026,2024,7,"05 Robbery, blackmail, and extortion",051 Robbery,-,-,NT Balance,Unknown ,2
4/08/2026,2024,7,061 Burglary - dwelling,"061 Burglary - dwelling (house break-ins), actual",-,-,Darwin,,35
4/08/2026,2024,7,061 Burglary - dwelling,"061 Burglary - dwelling (house break-ins), actual",-,-,Palmerston,,18
4/08/2026,2024,7,061 Burglary - dwelling,"061 Burglary - dwelling (house break-ins), actual",-,-,Alice Springs,,78
4/08/2026,2024,7,061 Burglary - dwelling,"061 Burglary - dwelling (house break-ins), actual",-,-,Katherine,,25
4/08/2026,2024,7,061 Burglary - dwelling,"061 Burglary - dwelling (house break-ins), actual",-,-,Tennant Creek,,13
4/08/2026,2024,7,061 Burglary - dwelling,"061 Burglary - dwelling (house break-ins), actual",-,-,Nhulunbuy,,2
4/08/2026,2024,7,061 Burglary - dwelling,"061 Burglary - dwelling (house break-ins), actual",-,-,NT Balance,Alligator,2
4/08/2026,2024,7,061 Burglary - dwelling,"061 Burglary - dwelling (house break-ins), actual",-,-,NT Balance,East Arnhem,8
4/08/2026,2024,7,061 Burglary - dwelling,"061 Burglary - dwelling (house break-ins), actual",-,-,NT Balance,Gulf,2
4/08/2026,2024,7,061 Burglary - dwelling,"061 Burglary - dwelling (house break-ins), actual",-,-,NT Balance,Humpty Doo,2
4/08/2026,2024,7,061 Burglary - dwelling,"061 Burglary - dwelling (house break-ins), actual",-,-,NT Balance,Tanami,2
4/08/2026,2024,7,061 Burglary - dwelling,"061 Burglary - dwelling (house break-ins), actual",-,-,NT Balance,Virginia,1
4/08/2026,2024,7,061 Burglary - dwelling,"061 Burglary - dwelling (house break-ins), actual",-,-,NT Balance,Yuendumu - Anmatjere,2
4/08/2026,2024,7,061 Burglary - dwelling,"061 Burglary - dwelling (house break-ins), actual",-,-,NT Balance,Unknown ,1
4/08/2026,2024,7,061 Burglary - dwelling,"061 Burglary - dweling (house break-ins), attempted",-,-,Darwin,,4
4/08/2026,2024,7,061 Burglary - dwelling,"061 Burglary - dweling (house break-ins), attempted",-,-,Palmerston,,3
4/08/2026,2024,7,061 Burglary - dwelling,"061 Burglary - dweling (house break-ins), attempted",-,-,Alice Springs,,25
4/08/2026,2024,7,061 Burglary - dwelling,"061 Burglary - dweling (house break-ins), attempted",-,-,Katherine,,4
4/08/2026,2024,7,061 Burglary - dwelling,"061 Burglary - dweling (house break-ins), attempted",-,-,NT Balance,East Arnhem,2
4/08/2026,2024,7,061 Burglary - dwelling,"061 Burglary - dweling (house break-ins), attempted",-,-,NT Balance,Gulf,1
4/08/2026,2024,7,061 Burglary - dwelling,"061 Burglary - dweling (house break-ins), attempted",-,-,NT Balance,Unknown ,1
4/08/2026,2024,7,062 Burglary - non-residential,"062 Burglary - non-residential (commercial break-ins), actual",-,-,Darwin,,20
4/08/2026,2024,7,062 Burglary - non-residential,"062 Burglary - non-residential (commercial break-ins), actual",-,-,Palmerston,,7
4/08/2026,2024,7,062 Burglary - non-residential,"062 Burglary - non-residential (commercial break-ins), actual",-,-,Alice Springs,,26
4/08/2026,2024,7,062 Burglary - non-residential,"062 Burglary - non-residential (commercial break-ins), actual",-,-,Katherine,,10
4/08/2026,2024,7,062 Burglary - non-residential,"062 Burglary - non-residential (commercial break-ins), actual",-,-,Tennant Creek,,6
4/08/2026,2024,7,062 Burglary - non-residential,"062 Burglary - non-residential (commercial break-ins), actual",-,-,Nhulunbuy,,1
4/08/2026,2024,7,062 Burglary - non-residential,"062 Burglary - non-residential (commercial break-ins), actual",-,-,NT Balance,Anindilyakwa,3
4/08/2026,2024,7,062 Burglary - non-residential,"062 Burglary - non-residential (commercial break-ins), actual",-,-,NT Balance,Daly,1
4/08/2026,2024,7,062 Burglary - non-residential,"062 Burglary - non-residential (commercial break-ins), actual",-,-,NT Balance,East Arnhem,16
4/08/2026,2024,7,062 Burglary - non-residential,"062 Burglary - non-residential (commercial break-ins), actual",-,-,NT Balance,Elsey,1
4/08/2026,2024,7,062 Burglary - non-residential,"062 Burglary - non-residential (commercial break-ins), actual",-,-,NT Balance,Gulf,2
4/08/2026,2024,7,062 Burglary - non-residential,"062 Burglary - non-residential (commercial break-ins), actual",-,-,NT Balance,Howard Springs,2
4/08/2026,2024,7,062 Burglary - non-residential,"062 Burglary - non-residential (commercial break-ins), actual",-,-,NT Balance,Petermann - Simpson,2
4/08/2026,2024,7,062 Burglary - non-residential,"062 Burglary - non-residential (commercial break-ins), actual",-,-,NT Balance,Sandover - Plenty,1
4/08/2026,2024,7,062 Burglary - non-residential,"062 Burglary - non-residential (commercial break-ins), actual",-,-,NT Balance,Tanami,3
4/08/2026,2024,7,062 Burglary - non-residential,"062 Burglary - non-residential (commercial break-ins), actual",-,-,NT Balance,Tiwi Islands,1
4/08/2026,2024,7,062 Burglary - non-residential,"062 Burglary - non-residential (commercial break-ins), actual",-,-,NT Balance,Weddell,1
4/08/2026,2024,7,062 Burglary - non-residential,"062 Burglary - non-residential (commercial break-ins), actual",-,-,NT Balance,Unknown ,2
4/08/2026,2024,7,062 Burglary - non-residential,"062 Burglary - non-residential (commercial break-ins), attempted",-,-,Darwin,,6
4/08/2026,2024,7,062 Burglary - non-residential,"062 Burglary - non-residential (commercial break-ins), attempted",-,-,Palmerston,,3
4/08/2026,2024,7,062 Burglary - non-residential,"062 Burglary - non-residential (commercial break-ins), attempted",-,-,Alice Springs,,3
4/08/2026,2024,7,062 Burglary - non-residential,"062 Burglary - non-residential (commercial break-ins), attempted",-,-,Katherine,,2
4/08/2026,2024,7,062 Burglary - non-residential,"062 Burglary - non-residential (commercial break-ins), attempted",-,-,NT Balance,Howard Springs,1
4/08/2026,2024,7,062 Burglary - non-residential,"062 Burglary - non-residential (commercial break-ins), attempted",-,-,NT Balance,West Arnhem,1
4/08/2026,2024,7,062 Burglary - non-residential,"062 Burglary - non-residential (commercial break-ins), attempted",-,-,NT Balance,Unknown ,1
4/08/2026,2024,7,07 Theft,071 Motor vehicle theft and related offences,-,-,Darwin,,21
4/08/2026,2024,7,07 Theft,071 Motor vehicle theft and related offences,-,-,Palmerston,,5
4/08/2026,2024,7,07 Theft,071 Motor vehicle theft and related offences,-,-,Alice Springs,,12
4/08/2026,2024,7,07 Theft,071 Motor vehicle theft and related offences,-,-,NT Balance,Daly,2
4/08/2026,2024,7,07 Theft,071 Motor vehicle theft and related offences,-,-,NT Balance,Weddell,2
4/08/2026,2024,7,07 Theft,071 Motor vehicle theft and related offences,-,-,NT Balance,West Arnhem,1
4/08/2026,2024,7,07 Theft,071 Motor vehicle theft and related offences,-,-,NT Balance,Unknown ,1
4/08/2026,2024,7,07 Theft,07* Other theft,-,-,Darwin,,222
4/08/2026,2024,7,07 Theft,07* Other theft,-,-,Palmerston,,68
4/08/2026,2024,7,07 Theft,07* Other theft,-,-,Alice Springs,,171
4/08/2026,2024,7,07 Theft,07* Other theft,-,-,Katherine,,31
4/08/2026,2024,7,07 Theft,07* Other theft,-,-,Tennant Creek,,23
4/08/2026,2024,7,07 Theft,07* Other theft,-,-,Nhulunbuy,,2
4/08/2026,2024,7,07 Theft,07* Other theft,-,-,NT Balance,Alligator,6
4/08/2026,2024,7,07 Theft,07* Other theft,-,-,NT Balance,Anindilyakwa,3
4/08/2026,2024,7,07 Theft,07* Other theft,-,-,NT Balance,Barkly,3
4/08/2026,2024,7,07 Theft,07* Other theft,-,-,NT Balance,Daly,5
4/08/2026,2024,7,07 Theft,07* Other theft,-,-,NT Balance,East Arnhem,13
4/08/2026,2024,7,07 Theft,07* Other theft,-,-,NT Balance,Gulf,4
4/08/2026,2024,7,07 Theft,07* Other theft,-,-,NT Balance,Howard Springs,11
4/08/2026,2024,7,07 Theft,07* Other theft,-,-,NT Balance,Humpty Doo,5
4/08/2026,2024,7,07 Theft,07* Other theft,-,-,NT Balance,Koolpinyah,1
4/08/2026,2024,7,07 Theft,07* Other theft,-,-,NT Balance,Petermann - Simpson,8
4/08/2026,2024,7,07 Theft,07* Other theft,-,-,NT Balance,Sandover - Plenty,2
4/08/2026,2024,7,07 Theft,07* Other theft,-,-,NT Balance,Tanami,2
4/08/2026,2024,7,07 Theft,07* Other theft,-,-,NT Balance,Thamarrurr,3
4/08/2026,2024,7,07 Theft,07* Other theft,-,-,NT Balance,Tiwi Islands,2
4/08/2026,2024,7,07 Theft,07* Other theft,-,-,NT Balance,Victoria River,4
4/08/2026,2024,7,07 Theft,07* Other theft,-,-,NT Balance,Virginia,14
4/08/2026,2024,7,07 Theft,07* Other theft,-,-,NT Balance,Weddell,4
4/08/2026,2024,7,07 Theft,07* Other theft,-,-,NT Balance,West Arnhem,1
4/08/2026,2024,7,07 Theft,07* Other theft,-,-,NT Balance,Yuendumu - Anmatjere,1
4/08/2026,2024,7,07 Theft,07* Other theft,-,-,NT Balance,Unknown ,10
4/08/2026,2024,7,11 Property damage offences,11 Property damage offences,-,-,Darwin,,135
4/08/2026,2024,7,11 Property damage offences,11 Property damage offences,-,-,Palmerston,,65
4/08/2026,2024,7,11 Property damage offences,11 Property damage offences,-,-,Alice Springs,,228
4/08/2026,2024,7,11 Property damage offences,11 Property damage offences,-,-,Katherine,,50
4/08/2026,2024,7,11 Property damage offences,11 Property damage offences,-,-,Tennant Creek,,35
4/08/2026,2024,7,11 Property damage offences,11 Property damage offences,-,-,Nhulunbuy,,6
4/08/2026,2024,7,11 Property damage offences,11 Property damage offences,-,-,NT Balance,Alligator,5
4/08/2026,2024,7,11 Property damage offences,11 Property damage offences,-,-,NT Balance,Anindilyakwa,4
4/08/2026,2024,7,11 Property damage offences,11 Property damage offences,-,-,NT Balance,Barkly,2
4/08/2026,2024,7,11 Property damage offences,11 Property damage offences,-,-,NT Balance,Daly,6
4/08/2026,2024,7,11 Property damage offences,11 Property damage offences,-,-,NT Balance,East Arnhem,31
4/08/2026,2024,7,11 Property damage offences,11 Property damage offences,-,-,NT Balance,Elsey,2
4/08/2026,2024,7,11 Property damage offences,11 Property damage offences,-,-,NT Balance,Gulf,4
4/08/2026,2024,7,11 Property damage offences,11 Property damage offences,-,-,NT Balance,Howard Springs,3
4/08/2026,2024,7,11 Property damage offences,11 Property damage offences,-,-,NT Balance,Humpty Doo,5
4/08/2026,2024,7,11 Property damage offences,11 Property damage offences,-,-,NT Balance,Koolpinyah,1
4/08/2026,2024,7,11 Property damage offences,11 Property damage offences,-,-,NT Balance,Petermann - Simpson,2
4/08/2026,2024,7,11 Property damage offences,11 Property damage offences,-,-,NT Balance,Sandover - Plenty,16
4/08/2026,2024,7,11 Property damage offences,11 Property damage offences,-,-,NT Balance,Tanami,5
4/08/2026,2024,7,11 Property damage offences,11 Property damage offences,-,-,NT Balance,Thamarrurr,6
4/08/2026,2024,7,11 Property damage offences,11 Property damage offences,-,-,NT Balance,Tiwi Islands,7
4/08/2026,2024,7,11 Property damage offences,11 Property damage offences,-,-,NT Balance,Victoria River,8
4/08/2026,2024,7,11 Property damage offences,11 Property damage offences,-,-,NT Balance,Virginia,6
4/08/2026,2024,7,11 Property damage offences,11 Property damage offences,-,-,NT Balance,Weddell,4
4/08/2026,2024,7,11 Property damage offences,11 Property damage offences,-,-,NT Balance,West Arnhem,4
4/08/2026,2024,7,11 Property damage offences,11 Property damage offences,-,-,NT Balance,Yuendumu - Anmatjere,1
4/08/2026,2024,7,11 Property damage offences,11 Property damage offences,-,-,NT Balance,Unknown ,11
4/08/2026,2024,8,01 Homicide,0110 Murder,-,-,Darwin,,1
4/08/2026,2024,8,01 Homicide,0132 Driving causing death,-,-,NT Balance,Tanami,1
4/08/2026,2024,8,01 Homicide,0132 Driving causing death,-,-,NT Balance,West Arnhem,1
4/08/2026,2024,8,02 Assault,021 Serious Assault,No,No,Darwin,,41
4/08/2026,2024,8,02 Assault,021 Serious Assault,No,No,Palmerston,,15
4/08/2026,2024,8,02 Assault,021 Serious Assault,No,No,Alice Springs,,25
4/08/2026,2024,8,02 Assault,021 Serious Assault,No,No,Katherine,,9
4/08/2026,2024,8,02 Assault,021 Serious Assault,No,No,Tennant Creek,,3
4/08/2026,2024,8,02 Assault,021 Serious Assault,No,No,Nhulunbuy,,1
4/08/2026,2024,8,02 Assault,021 Serious Assault,No,No,NT Balance,Alligator,1
4/08/2026,2024,8,02 Assault,021 Serious Assault,No,No,NT Balance,Anindilyakwa,1
4/08/2026,2024,8,02 Assault,021 Serious Assault,No,No,NT Balance,Daly,1
4/08/2026,2024,8,02 Assault,021 Serious Assault,No,No,NT Balance,East Arnhem,3
4/08/2026,2024,8,02 Assault,021 Serious Assault,No,No,NT Balance,Elsey,3
4/08/2026,2024,8,02 Assault,021 Serious Assault,No,No,NT Balance,Gulf,5
4/08/2026,2024,8,02 Assault,021 Serious Assault,No,No,NT Balance,Howard Springs,5
4/08/2026,2024,8,02 Assault,021 Serious Assault,No,No,NT Balance,Sandover - Plenty,2
4/08/2026,2024,8,02 Assault,021 Serious Assault,No,No,NT Balance,Thamarrurr,3
4/08/2026,2024,8,02 Assault,021 Serious Assault,No,No,NT Balance,Tiwi Islands,1
4/08/2026,2024,8,02 Assault,021 Serious Assault,No,No,NT Balance,Weddell,1
4/08/2026,2024,8,02 Assault,021 Serious Assault,No,No,NT Balance,West Arnhem,1
4/08/2026,2024,8,02 Assault,021 Serious Assault,No,No,NT Balance,Unknown ,2
4/08/2026,2024,8,02 Assault,021 Serious Assault,No,Yes,Darwin,,42
4/08/2026,2024,8,02 Assault,021 Serious Assault,No,Yes,Palmerston,,17
4/08/2026,2024,8,02 Assault,021 Serious Assault,No,Yes,Alice Springs,,69
4/08/2026,2024,8,02 Assault,021 Serious Assault,No,Yes,Katherine,,15
4/08/2026,2024,8,02 Assault,021 Serious Assault,No,Yes,Tennant Creek,,7
4/08/2026,2024,8,02 Assault,021 Serious Assault,No,Yes,Nhulunbuy,,3
4/08/2026,2024,8,02 Assault,021 Serious Assault,No,Yes,NT Balance,Alligator,1
4/08/2026,2024,8,02 Assault,021 Serious Assault,No,Yes,NT Balance,Anindilyakwa,1
4/08/2026,2024,8,02 Assault,021 Serious Assault,No,Yes,NT Balance,Barkly,1
4/08/2026,2024,8,02 Assault,021 Serious Assault,No,Yes,NT Balance,Daly,3
4/08/2026,2024,8,02 Assault,021 Serious Assault,No,Yes,NT Balance,East Arnhem,19
4/08/2026,2024,8,02 Assault,021 Serious Assault,No,Yes,NT Balance,Elsey,2
4/08/2026,2024,8,02 Assault,021 Serious Assault,No,Yes,NT Balance,Gulf,16
4/08/2026,2024,8,02 Assault,021 Serious Assault,No,Yes,NT Balance,Howard Springs,3
4/08/2026,2024,8,02 Assault,021 Serious Assault,No,Yes,NT Balance,Petermann - Simpson,6
4/08/2026,2024,8,02 Assault,021 Serious Assault,No,Yes,NT Balance,Sandover - Plenty,10
4/08/2026,2024,8,02 Assault,021 Serious Assault,No,Yes,NT Balance,Tanami,4
4/08/2026,2024,8,02 Assault,021 Serious Assault,No,Yes,NT Balance,Thamarrurr,27
4/08/2026,2024,8,02 Assault,021 Serious Assault,No,Yes,NT Balance,Tiwi Islands,9
4/08/2026,2024,8,02 Assault,021 Serious Assault,No,Yes,NT Balance,Victoria River,7
4/08/2026,2024,8,02 Assault,021 Serious Assault,No,Yes,NT Balance,Weddell,1
4/08/2026,2024,8,02 Assault,021 Serious Assault,No,Yes,NT Balance,West Arnhem,6
4/08/2026,2024,8,02 Assault,021 Serious Assault,No,Yes,NT Balance,Yuendumu - Anmatjere,7
4/08/2026,2024,8,02 Assault,021 Serious Assault,No,Yes,NT Balance,Unknown ,1
4/08/2026,2024,8,02 Assault,021 Serious Assault,Yes,No,Darwin,,20
4/08/2026,2024,8,02 Assault,021 Serious Assault,Yes,No,Palmerston,,13
4/08/2026,2024,8,02 Assault,021 Serious Assault,Yes,No,Alice Springs,,21
4/08/2026,2024,8,02 Assault,021 Serious Assault,Yes,No,Katherine,,8
4/08/2026,2024,8,02 Assault,021 Serious Assault,Yes,No,Tennant Creek,,1
4/08/2026,2024,8,02 Assault,021 Serious Assault,Yes,No,Nhulunbuy,,3
4/08/2026,2024,8,02 Assault,021 Serious Assault,Yes,No,NT Balance,Alligator,2
4/08/2026,2024,8,02 Assault,021 Serious Assault,Yes,No,NT Balance,Daly,1
4/08/2026,2024,8,02 Assault,021 Serious Assault,Yes,No,NT Balance,East Arnhem,1
4/08/2026,2024,8,02 Assault,021 Serious Assault,Yes,No,NT Balance,Elsey,2
4/08/2026,2024,8,02 Assault,021 Serious Assault,Yes,No,NT Balance,Gulf,1
4/08/2026,2024,8,02 Assault,021 Serious Assault,Yes,No,NT Balance,Humpty Doo,1
4/08/2026,2024,8,02 Assault,021 Serious Assault,Yes,No,NT Balance,Thamarrurr,1
4/08/2026,2024,8,02 Assault,021 Serious Assault,Yes,No,NT Balance,Tiwi Islands,1
4/08/2026,2024,8,02 Assault,021 Serious Assault,Yes,No,NT Balance,Victoria River,2
4/08/2026,2024,8,02 Assault,021 Serious Assault,Yes,No,NT Balance,Unknown ,1
4/08/2026,2024,8,02 Assault,021 Serious Assault,Yes,Yes,Darwin,,57
4/08/2026,2024,8,02 Assault,021 Serious Assault,Yes,Yes,Palmerston,,33
4/08/2026,2024,8,02 Assault,021 Serious Assault,Yes,Yes,Alice Springs,,62
4/08/2026,2024,8,02 Assault,021 Serious Assault,Yes,Yes,Katherine,,40
4/08/2026,2024,8,02 Assault,021 Serious Assault,Yes,Yes,Tennant Creek,,26
4/08/2026,2024,8,02 Assault,021 Serious Assault,Yes,Yes,Nhulunbuy,,2
4/08/2026,2024,8,02 Assault,021 Serious Assault,Yes,Yes,NT Balance,Alligator,8
4/08/2026,2024,8,02 Assault,021 Serious Assault,Yes,Yes,NT Balance,Barkly,2
4/08/2026,2024,8,02 Assault,021 Serious Assault,Yes,Yes,NT Balance,Daly,1
4/08/2026,2024,8,02 Assault,021 Serious Assault,Yes,Yes,NT Balance,East Arnhem,4
4/08/2026,2024,8,02 Assault,021 Serious Assault,Yes,Yes,NT Balance,Elsey,7
4/08/2026,2024,8,02 Assault,021 Serious Assault,Yes,Yes,NT Balance,Gulf,7
4/08/2026,2024,8,02 Assault,021 Serious Assault,Yes,Yes,NT Balance,Howard Springs,1
4/08/2026,2024,8,02 Assault,021 Serious Assault,Yes,Yes,NT Balance,Sandover - Plenty,2
4/08/2026,2024,8,02 Assault,021 Serious Assault,Yes,Yes,NT Balance,Tanami,5
4/08/2026,2024,8,02 Assault,021 Serious Assault,Yes,Yes,NT Balance,Thamarrurr,17
4/08/2026,2024,8,02 Assault,021 Serious Assault,Yes,Yes,NT Balance,Tiwi Islands,5
4/08/2026,2024,8,02 Assault,021 Serious Assault,Yes,Yes,NT Balance,Victoria River,6
4/08/2026,2024,8,02 Assault,021 Serious Assault,Yes,Yes,NT Balance,Virginia,3
4/08/2026,2024,8,02 Assault,021 Serious Assault,Yes,Yes,NT Balance,West Arnhem,5
4/08/2026,2024,8,02 Assault,021 Serious Assault,Yes,Yes,NT Balance,Yuendumu - Anmatjere,3
4/08/2026,2024,8,02 Assault,021 Serious Assault,Yes,Yes,NT Balance,Unknown ,5
4/08/2026,2024,8,02 Assault,022 Assault of a prescribed officer,No,No,Darwin,,5
4/08/2026,2024,8,02 Assault,022 Assault of a prescribed officer,No,No,Palmerston,,1
4/08/2026,2024,8,02 Assault,022 Assault of a prescribed officer,No,No,Alice Springs,,6
4/08/2026,2024,8,02 Assault,022 Assault of a prescribed officer,No,No,Katherine,,2
4/08/2026,2024,8,02 Assault,022 Assault of a prescribed officer,No,No,NT Balance,East Arnhem,2
4/08/2026,2024,8,02 Assault,022 Assault of a prescribed officer,No,Yes,Darwin,,1
4/08/2026,2024,8,02 Assault,022 Assault of a prescribed officer,No,Yes,Alice Springs,,1
4/08/2026,2024,8,02 Assault,022 Assault of a prescribed officer,Yes,No,Darwin,,2
4/08/2026,2024,8,02 Assault,022 Assault of a prescribed officer,Yes,No,Alice Springs,,2
4/08/2026,2024,8,02 Assault,022 Assault of a prescribed officer,Yes,No,Tennant Creek,,1
4/08/2026,2024,8,02 Assault,022 Assault of a prescribed officer,Yes,No,NT Balance,Barkly,1
4/08/2026,2024,8,02 Assault,022 Assault of a prescribed officer,Yes,No,NT Balance,Daly,1
4/08/2026,2024,8,02 Assault,022 Assault of a prescribed officer,Yes,Yes,Darwin,,2
4/08/2026,2024,8,02 Assault,022 Assault of a prescribed officer,Yes,Yes,Katherine,,1
4/08/2026,2024,8,02 Assault,022 Assault of a prescribed officer,Yes,Yes,Tennant Creek,,2
4/08/2026,2024,8,02 Assault,022 Assault of a prescribed officer,Yes,Yes,NT Balance,Tiwi Islands,1
4/08/2026,2024,8,02 Assault,023 Common Assault,No,No,Darwin,,18
4/08/2026,2024,8,02 Assault,023 Common Assault,No,No,Palmerston,,5
4/08/2026,2024,8,02 Assault,023 Common Assault,No,No,Alice Springs,,16
4/08/2026,2024,8,02 Assault,023 Common Assault,No,No,Katherine,,7
4/08/2026,2024,8,02 Assault,023 Common Assault,No,No,Tennant Creek,,1
4/08/2026,2024,8,02 Assault,023 Common Assault,No,No,Nhulunbuy,,2
4/08/2026,2024,8,02 Assault,023 Common Assault,No,No,NT Balance,East Arnhem,2
4/08/2026,2024,8,02 Assault,023 Common Assault,No,No,NT Balance,Gulf,1
4/08/2026,2024,8,02 Assault,023 Common Assault,No,No,NT Balance,Howard Springs,3
4/08/2026,2024,8,02 Assault,023 Common Assault,No,No,NT Balance,Humpty Doo,2
4/08/2026,2024,8,02 Assault,023 Common Assault,No,No,NT Balance,Petermann - Simpson,2
4/08/2026,2024,8,02 Assault,023 Common Assault,No,No,NT Balance,Sandover - Plenty,1
4/08/2026,2024,8,02 Assault,023 Common Assault,No,No,NT Balance,Thamarrurr,1
4/08/2026,2024,8,02 Assault,023 Common Assault,No,No,NT Balance,Tiwi Islands,1
4/08/2026,2024,8,02 Assault,023 Common Assault,No,No,NT Balance,Victoria River,1
4/08/2026,2024,8,02 Assault,023 Common Assault,No,No,NT Balance,Virginia,1
4/08/2026,2024,8,02 Assault,023 Common Assault,No,No,NT Balance,Unknown ,3
4/08/2026,2024,8,02 Assault,023 Common Assault,No,Yes,Darwin,,7
4/08/2026,2024,8,02 Assault,023 Common Assault,No,Yes,Palmerston,,2
4/08/2026,2024,8,02 Assault,023 Common Assault,No,Yes,Alice Springs,,13
4/08/2026,2024,8,02 Assault,023 Common Assault,No,Yes,Katherine,,4
4/08/2026,2024,8,02 Assault,023 Common Assault,No,Yes,Tennant Creek,,2
4/08/2026,2024,8,02 Assault,023 Common Assault,No,Yes,NT Balance,Alligator,1
4/08/2026,2024,8,02 Assault,023 Common Assault,No,Yes,NT Balance,Barkly,1
4/08/2026,2024,8,02 Assault,023 Common Assault,No,Yes,NT Balance,Daly,1
4/08/2026,2024,8,02 Assault,023 Common Assault,No,Yes,NT Balance,East Arnhem,1
4/08/2026,2024,8,02 Assault,023 Common Assault,No,Yes,NT Balance,Gulf,6
4/08/2026,2024,8,02 Assault,023 Common Assault,No,Yes,NT Balance,Sandover - Plenty,3
4/08/2026,2024,8,02 Assault,023 Common Assault,No,Yes,NT Balance,Tanami,1
4/08/2026,2024,8,02 Assault,023 Common Assault,No,Yes,NT Balance,Thamarrurr,1
4/08/2026,2024,8,02 Assault,023 Common Assault,No,Yes,NT Balance,Tiwi Islands,2
4/08/2026,2024,8,02 Assault,023 Common Assault,No,Yes,NT Balance,Victoria River,1
4/08/2026,2024,8,02 Assault,023 Common Assault,No,Yes,NT Balance,West Arnhem,2
4/08/2026,2024,8,02 Assault,023 Common Assault,No,Yes,NT Balance,Unknown ,2
4/08/2026,2024,8,02 Assault,023 Common Assault,Yes,No,Darwin,,10
4/08/2026,2024,8,02 Assault,023 Common Assault,Yes,No,Palmerston,,4
4/08/2026,2024,8,02 Assault,023 Common Assault,Yes,No,Alice Springs,,7
4/08/2026,2024,8,02 Assault,023 Common Assault,Yes,No,Katherine,,1
4/08/2026,2024,8,02 Assault,023 Common Assault,Yes,No,Tennant Creek,,2
4/08/2026,2024,8,02 Assault,023 Common Assault,Yes,No,NT Balance,Gulf,1
4/08/2026,2024,8,02 Assault,023 Common Assault,Yes,No,NT Balance,Unknown ,1
4/08/2026,2024,8,02 Assault,023 Common Assault,Yes,Yes,Darwin,,7
4/08/2026,2024,8,02 Assault,023 Common Assault,Yes,Yes,Palmerston,,3
4/08/2026,2024,8,02 Assault,023 Common Assault,Yes,Yes,Alice Springs,,7
4/08/2026,2024,8,02 Assault,023 Common Assault,Yes,Yes,Katherine,,2
4/08/2026,2024,8,02 Assault,023 Common Assault,Yes,Yes,Tennant Creek,,2
4/08/2026,2024,8,02 Assault,023 Common Assault,Yes,Yes,NT Balance,Barkly,1
4/08/2026,2024,8,02 Assault,023 Common Assault,Yes,Yes,NT Balance,Daly,1
4/08/2026,2024,8,02 Assault,023 Common Assault,Yes,Yes,NT Balance,Gulf,1
4/08/2026,2024,8,02 Assault,023 Common Assault,Yes,Yes,NT Balance,Sandover - Plenty,2
4/08/2026,2024,8,02 Assault,023 Common Assault,Yes,Yes,NT Balance,Thamarrurr,4
4/08/2026,2024,8,02 Assault,023 Common Assault,Yes,Yes,NT Balance,Yuendumu - Anmatjere,1
4/08/2026,2024,8,03 Sexual offences,031 Sexual assault of an adult,-,-,Darwin,,11
4/08/2026,2024,8,03 Sexual offences,031 Sexual assault of an adult,-,-,Palmerston,,6
4/08/2026,2024,8,03 Sexual offences,031 Sexual assault of an adult,-,-,Alice Springs,,9
4/08/2026,2024,8,03 Sexual offences,031 Sexual assault of an adult,-,-,Katherine,,7
4/08/2026,2024,8,03 Sexual offences,031 Sexual assault of an adult,-,-,NT Balance,East Arnhem,2
4/08/2026,2024,8,03 Sexual offences,031 Sexual assault of an adult,-,-,NT Balance,Elsey,1
4/08/2026,2024,8,03 Sexual offences,031 Sexual assault of an adult,-,-,NT Balance,Howard Springs,1
4/08/2026,2024,8,03 Sexual offences,031 Sexual assault of an adult,-,-,NT Balance,Petermann - Simpson,2
4/08/2026,2024,8,03 Sexual offences,031 Sexual assault of an adult,-,-,NT Balance,Thamarrurr,1
4/08/2026,2024,8,03 Sexual offences,031 Sexual assault of an adult,-,-,NT Balance,Tiwi Islands,2
4/08/2026,2024,8,03 Sexual offences,031 Sexual assault of an adult,-,-,NT Balance,West Arnhem,1
4/08/2026,2024,8,03 Sexual offences,031 Sexual assault of an adult,-,-,NT Balance,Unknown ,1
4/08/2026,2024,8,03 Sexual offences,032 Sexual assault of a child,-,-,Darwin,,1
4/08/2026,2024,8,03 Sexual offences,032 Sexual assault of a child,-,-,Palmerston,,1
4/08/2026,2024,8,03 Sexual offences,032 Sexual assault of a child,-,-,Alice Springs,,4
4/08/2026,2024,8,03 Sexual offences,032 Sexual assault of a child,-,-,Katherine,,2
4/08/2026,2024,8,03 Sexual offences,032 Sexual assault of a child,-,-,NT Balance,East Arnhem,1
4/08/2026,2024,8,03 Sexual offences,032 Sexual assault of a child,-,-,NT Balance,Sandover - Plenty,1
4/08/2026,2024,8,03 Sexual offences,032 Sexual assault of a child,-,-,NT Balance,Victoria River,1
4/08/2026,2024,8,03 Sexual offences,"033, 034 Other child-related sexual offences",-,-,Darwin,,1
4/08/2026,2024,8,03 Sexual offences,"033, 034 Other child-related sexual offences",-,-,Palmerston,,1
4/08/2026,2024,8,03 Sexual offences,"033, 034 Other child-related sexual offences",-,-,Katherine,,8
4/08/2026,2024,8,03 Sexual offences,"035, 039 Other sexual offences",-,-,Darwin,,4
4/08/2026,2024,8,03 Sexual offences,"035, 039 Other sexual offences",-,-,Palmerston,,1
4/08/2026,2024,8,03 Sexual offences,"035, 039 Other sexual offences",-,-,Alice Springs,,3
4/08/2026,2024,8,03 Sexual offences,"035, 039 Other sexual offences",-,-,NT Balance,Tanami,1
4/08/2026,2024,8,04 Harm or endanger persons,"041, 042, 043 Human trafficking, abduction, deprivation of liberty",-,-,Darwin,,3
4/08/2026,2024,8,04 Harm or endanger persons,"041, 042, 043 Human trafficking, abduction, deprivation of liberty",-,-,Palmerston,,3
4/08/2026,2024,8,04 Harm or endanger persons,"041, 042, 043 Human trafficking, abduction, deprivation of liberty",-,-,Alice Springs,,1
4/08/2026,2024,8,04 Harm or endanger persons,"041, 042, 043 Human trafficking, abduction, deprivation of liberty",-,-,Katherine,,1
4/08/2026,2024,8,04 Harm or endanger persons,"044 Acts that threaten, harass or control",-,-,Darwin,,15
4/08/2026,2024,8,04 Harm or endanger persons,"044 Acts that threaten, harass or control",-,-,Palmerston,,8
4/08/2026,2024,8,04 Harm or endanger persons,"044 Acts that threaten, harass or control",-,-,Alice Springs,,15
4/08/2026,2024,8,04 Harm or endanger persons,"044 Acts that threaten, harass or control",-,-,Katherine,,7
4/08/2026,2024,8,04 Harm or endanger persons,"044 Acts that threaten, harass or control",-,-,Nhulunbuy,,1
4/08/2026,2024,8,04 Harm or endanger persons,"044 Acts that threaten, harass or control",-,-,NT Balance,Daly,1
4/08/2026,2024,8,04 Harm or endanger persons,"044 Acts that threaten, harass or control",-,-,NT Balance,East Arnhem,2
4/08/2026,2024,8,04 Harm or endanger persons,"044 Acts that threaten, harass or control",-,-,NT Balance,Gulf,1
4/08/2026,2024,8,04 Harm or endanger persons,"044 Acts that threaten, harass or control",-,-,NT Balance,Howard Springs,1
4/08/2026,2024,8,04 Harm or endanger persons,"044 Acts that threaten, harass or control",-,-,NT Balance,Humpty Doo,1
4/08/2026,2024,8,04 Harm or endanger persons,"044 Acts that threaten, harass or control",-,-,NT Balance,Sandover - Plenty,1
4/08/2026,2024,8,04 Harm or endanger persons,"044 Acts that threaten, harass or control",-,-,NT Balance,Tanami,4
4/08/2026,2024,8,04 Harm or endanger persons,"044 Acts that threaten, harass or control",-,-,NT Balance,Thamarrurr,3
4/08/2026,2024,8,04 Harm or endanger persons,"044 Acts that threaten, harass or control",-,-,NT Balance,Tiwi Islands,1
4/08/2026,2024,8,04 Harm or endanger persons,"044 Acts that threaten, harass or control",-,-,NT Balance,Victoria River,3
4/08/2026,2024,8,04 Harm or endanger persons,"044 Acts that threaten, harass or control",-,-,NT Balance,Weddell,1
4/08/2026,2024,8,04 Harm or endanger persons,045 Driving causing serious injury,-,-,Darwin,,1
4/08/2026,2024,8,04 Harm or endanger persons,049 Other acts that harm or endanger persons,-,-,Darwin,,9
4/08/2026,2024,8,04 Harm or endanger persons,049 Other acts that harm or endanger persons,-,-,Alice Springs,,6
4/08/2026,2024,8,04 Harm or endanger persons,049 Other acts that harm or endanger persons,-,-,Katherine,,5
4/08/2026,2024,8,04 Harm or endanger persons,049 Other acts that harm or endanger persons,-,-,Tennant Creek,,1
4/08/2026,2024,8,04 Harm or endanger persons,049 Other acts that harm or endanger persons,-,-,NT Balance,Daly,1
4/08/2026,2024,8,04 Harm or endanger persons,049 Other acts that harm or endanger persons,-,-,NT Balance,Sandover - Plenty,1
4/08/2026,2024,8,04 Harm or endanger persons,049 Other acts that harm or endanger persons,-,-,NT Balance,Thamarrurr,1
4/08/2026,2024,8,"05 Robbery, blackmail, and extortion",051 Robbery,-,-,Darwin,,12
4/08/2026,2024,8,"05 Robbery, blackmail, and extortion",051 Robbery,-,-,Palmerston,,6
4/08/2026,2024,8,"05 Robbery, blackmail, and extortion",051 Robbery,-,-,Alice Springs,,4
4/08/2026,2024,8,"05 Robbery, blackmail, and extortion",051 Robbery,-,-,Katherine,,4
4/08/2026,2024,8,"05 Robbery, blackmail, and extortion",051 Robbery,-,-,Tennant Creek,,1
4/08/2026,2024,8,"05 Robbery, blackmail, and extortion",051 Robbery,-,-,Nhulunbuy,,1
4/08/2026,2024,8,"05 Robbery, blackmail, and extortion",051 Robbery,-,-,NT Balance,East Arnhem,1
4/08/2026,2024,8,"05 Robbery, blackmail, and extortion",051 Robbery,-,-,NT Balance,Howard Springs,1
4/08/2026,2024,8,"05 Robbery, blackmail, and extortion",051 Robbery,-,-,NT Balance,Sandover - Plenty,1
4/08/2026,2024,8,061 Burglary - dwelling,"061 Burglary - dwelling (house break-ins), actual",-,-,Darwin,,38
4/08/2026,2024,8,061 Burglary - dwelling,"061 Burglary - dwelling (house break-ins), actual",-,-,Palmerston,,20
4/08/2026,2024,8,061 Burglary - dwelling,"061 Burglary - dwelling (house break-ins), actual",-,-,Alice Springs,,73
4/08/2026,2024,8,061 Burglary - dwelling,"061 Burglary - dwelling (house break-ins), actual",-,-,Katherine,,35
4/08/2026,2024,8,061 Burglary - dwelling,"061 Burglary - dwelling (house break-ins), actual",-,-,Tennant Creek,,7
4/08/2026,2024,8,061 Burglary - dwelling,"061 Burglary - dwelling (house break-ins), actual",-,-,Nhulunbuy,,1
4/08/2026,2024,8,061 Burglary - dwelling,"061 Burglary - dwelling (house break-ins), actual",-,-,NT Balance,Alligator,1
4/08/2026,2024,8,061 Burglary - dwelling,"061 Burglary - dwelling (house break-ins), actual",-,-,NT Balance,Anindilyakwa,1
4/08/2026,2024,8,061 Burglary - dwelling,"061 Burglary - dwelling (house break-ins), actual",-,-,NT Balance,Barkly,1
4/08/2026,2024,8,061 Burglary - dwelling,"061 Burglary - dwelling (house break-ins), actual",-,-,NT Balance,Daly,2
4/08/2026,2024,8,061 Burglary - dwelling,"061 Burglary - dwelling (house break-ins), actual",-,-,NT Balance,East Arnhem,8
4/08/2026,2024,8,061 Burglary - dwelling,"061 Burglary - dwelling (house break-ins), actual",-,-,NT Balance,Tanami,2
4/08/2026,2024,8,061 Burglary - dwelling,"061 Burglary - dwelling (house break-ins), actual",-,-,NT Balance,Tiwi Islands,1
4/08/2026,2024,8,061 Burglary - dwelling,"061 Burglary - dwelling (house break-ins), actual",-,-,NT Balance,Weddell,2
4/08/2026,2024,8,061 Burglary - dwelling,"061 Burglary - dwelling (house break-ins), actual",-,-,NT Balance,Yuendumu - Anmatjere,1
4/08/2026,2024,8,061 Burglary - dwelling,"061 Burglary - dweling (house break-ins), attempted",-,-,Darwin,,10
4/08/2026,2024,8,061 Burglary - dwelling,"061 Burglary - dweling (house break-ins), attempted",-,-,Palmerston,,3
4/08/2026,2024,8,061 Burglary - dwelling,"061 Burglary - dweling (house break-ins), attempted",-,-,Alice Springs,,16
4/08/2026,2024,8,061 Burglary - dwelling,"061 Burglary - dweling (house break-ins), attempted",-,-,Katherine,,4
4/08/2026,2024,8,061 Burglary - dwelling,"061 Burglary - dweling (house break-ins), attempted",-,-,NT Balance,Barkly,1
4/08/2026,2024,8,061 Burglary - dwelling,"061 Burglary - dweling (house break-ins), attempted",-,-,NT Balance,East Arnhem,3
4/08/2026,2024,8,062 Burglary - non-residential,"062 Burglary - non-residential (commercial break-ins), actual",-,-,Darwin,,18
4/08/2026,2024,8,062 Burglary - non-residential,"062 Burglary - non-residential (commercial break-ins), actual",-,-,Palmerston,,14
4/08/2026,2024,8,062 Burglary - non-residential,"062 Burglary - non-residential (commercial break-ins), actual",-,-,Alice Springs,,50
4/08/2026,2024,8,062 Burglary - non-residential,"062 Burglary - non-residential (commercial break-ins), actual",-,-,Katherine,,17
4/08/2026,2024,8,062 Burglary - non-residential,"062 Burglary - non-residential (commercial break-ins), actual",-,-,Tennant Creek,,4
4/08/2026,2024,8,062 Burglary - non-residential,"062 Burglary - non-residential (commercial break-ins), actual",-,-,Nhulunbuy,,6
4/08/2026,2024,8,062 Burglary - non-residential,"062 Burglary - non-residential (commercial break-ins), actual",-,-,NT Balance,Alligator,1
4/08/2026,2024,8,062 Burglary - non-residential,"062 Burglary - non-residential (commercial break-ins), actual",-,-,NT Balance,Anindilyakwa,1
4/08/2026,2024,8,062 Burglary - non-residential,"062 Burglary - non-residential (commercial break-ins), actual",-,-,NT Balance,Daly,1
4/08/2026,2024,8,062 Burglary - non-residential,"062 Burglary - non-residential (commercial break-ins), actual",-,-,NT Balance,East Arnhem,23
4/08/2026,2024,8,062 Burglary - non-residential,"062 Burglary - non-residential (commercial break-ins), actual",-,-,NT Balance,Elsey,2
4/08/2026,2024,8,062 Burglary - non-residential,"062 Burglary - non-residential (commercial break-ins), actual",-,-,NT Balance,Petermann - Simpson,2
4/08/2026,2024,8,062 Burglary - non-residential,"062 Burglary - non-residential (commercial break-ins), actual",-,-,NT Balance,Tanami,6
4/08/2026,2024,8,062 Burglary - non-residential,"062 Burglary - non-residential (commercial break-ins), actual",-,-,NT Balance,Victoria River,1
4/08/2026,2024,8,062 Burglary - non-residential,"062 Burglary - non-residential (commercial break-ins), actual",-,-,NT Balance,Weddell,1
4/08/2026,2024,8,062 Burglary - non-residential,"062 Burglary - non-residential (commercial break-ins), actual",-,-,NT Balance,West Arnhem,1
4/08/2026,2024,8,062 Burglary - non-residential,"062 Burglary - non-residential (commercial break-ins), actual",-,-,NT Balance,Yuendumu - Anmatjere,1
4/08/2026,2024,8,062 Burglary - non-residential,"062 Burglary - non-residential (commercial break-ins), actual",-,-,NT Balance,Unknown ,3
4/08/2026,2024,8,062 Burglary - non-residential,"062 Burglary - non-residential (commercial break-ins), attempted",-,-,Darwin,,4
4/08/2026,2024,8,062 Burglary - non-residential,"062 Burglary - non-residential (commercial break-ins), attempted",-,-,Palmerston,,2
4/08/2026,2024,8,062 Burglary - non-residential,"062 Burglary - non-residential (commercial break-ins), attempted",-,-,Alice Springs,,6
4/08/2026,2024,8,062 Burglary - non-residential,"062 Burglary - non-residential (commercial break-ins), attempted",-,-,Katherine,,1
4/08/2026,2024,8,07 Theft,071 Motor vehicle theft and related offences,-,-,Darwin,,22
4/08/2026,2024,8,07 Theft,071 Motor vehicle theft and related offences,-,-,Palmerston,,10
4/08/2026,2024,8,07 Theft,071 Motor vehicle theft and related offences,-,-,Alice Springs,,14
4/08/2026,2024,8,07 Theft,071 Motor vehicle theft and related offences,-,-,Katherine,,1
4/08/2026,2024,8,07 Theft,071 Motor vehicle theft and related offences,-,-,Tennant Creek,,2
4/08/2026,2024,8,07 Theft,071 Motor vehicle theft and related offences,-,-,Nhulunbuy,,1
4/08/2026,2024,8,07 Theft,071 Motor vehicle theft and related offences,-,-,NT Balance,Anindilyakwa,1
4/08/2026,2024,8,07 Theft,071 Motor vehicle theft and related offences,-,-,NT Balance,Daly,1
4/08/2026,2024,8,07 Theft,071 Motor vehicle theft and related offences,-,-,NT Balance,Weddell,1
4/08/2026,2024,8,07 Theft,07* Other theft,-,-,Darwin,,221
4/08/2026,2024,8,07 Theft,07* Other theft,-,-,Palmerston,,96
4/08/2026,2024,8,07 Theft,07* Other theft,-,-,Alice Springs,,193
4/08/2026,2024,8,07 Theft,07* Other theft,-,-,Katherine,,45
4/08/2026,2024,8,07 Theft,07* Other theft,-,-,Tennant Creek,,16
4/08/2026,2024,8,07 Theft,07* Other theft,-,-,Nhulunbuy,,4
4/08/2026,2024,8,07 Theft,07* Other theft,-,-,NT Balance,Alligator,8
4/08/2026,2024,8,07 Theft,07* Other theft,-,-,NT Balance,Anindilyakwa,2
4/08/2026,2024,8,07 Theft,07* Other theft,-,-,NT Balance,Barkly,7
4/08/2026,2024,8,07 Theft,07* Other theft,-,-,NT Balance,Daly,1
4/08/2026,2024,8,07 Theft,07* Other theft,-,-,NT Balance,East Arnhem,6
4/08/2026,2024,8,07 Theft,07* Other theft,-,-,NT Balance,Elsey,1
4/08/2026,2024,8,07 Theft,07* Other theft,-,-,NT Balance,Gulf,3
4/08/2026,2024,8,07 Theft,07* Other theft,-,-,NT Balance,Howard Springs,6
4/08/2026,2024,8,07 Theft,07* Other theft,-,-,NT Balance,Humpty Doo,5
4/08/2026,2024,8,07 Theft,07* Other theft,-,-,NT Balance,Petermann - Simpson,3
4/08/2026,2024,8,07 Theft,07* Other theft,-,-,NT Balance,Sandover - Plenty,1
4/08/2026,2024,8,07 Theft,07* Other theft,-,-,NT Balance,Tanami,1
4/08/2026,2024,8,07 Theft,07* Other theft,-,-,NT Balance,Victoria River,1
4/08/2026,2024,8,07 Theft,07* Other theft,-,-,NT Balance,Virginia,13
4/08/2026,2024,8,07 Theft,07* Other theft,-,-,NT Balance,Weddell,3
4/08/2026,2024,8,07 Theft,07* Other theft,-,-,NT Balance,West Arnhem,1
4/08/2026,2024,8,07 Theft,07* Other theft,-,-,NT Balance,Yuendumu - Anmatjere,2
4/08/2026,2024,8,07 Theft,07* Other theft,-,-,NT Balance,Unknown ,16
4/08/2026,2024,8,11 Property damage offences,11 Property damage offences,-,-,Darwin,,161
4/08/2026,2024,8,11 Property damage offences,11 Property damage offences,-,-,Palmerston,,45
4/08/2026,2024,8,11 Property damage offences,11 Property damage offences,-,-,Alice Springs,,331
4/08/2026,2024,8,11 Property damage offences,11 Property damage offences,-,-,Katherine,,41
4/08/2026,2024,8,11 Property damage offences,11 Property damage offences,-,-,Tennant Creek,,18
4/08/2026,2024,8,11 Property damage offences,11 Property damage offences,-,-,Nhulunbuy,,8
4/08/2026,2024,8,11 Property damage offences,11 Property damage offences,-,-,NT Balance,Alligator,10
4/08/2026,2024,8,11 Property damage offences,11 Property damage offences,-,-,NT Balance,Anindilyakwa,4
4/08/2026,2024,8,11 Property damage offences,11 Property damage offences,-,-,NT Balance,Barkly,1
4/08/2026,2024,8,11 Property damage offences,11 Property damage offences,-,-,NT Balance,Daly,2
4/08/2026,2024,8,11 Property damage offences,11 Property damage offences,-,-,NT Balance,East Arnhem,32
4/08/2026,2024,8,11 Property damage offences,11 Property damage offences,-,-,NT Balance,Elsey,2
4/08/2026,2024,8,11 Property damage offences,11 Property damage offences,-,-,NT Balance,Gulf,4
4/08/2026,2024,8,11 Property damage offences,11 Property damage offences,-,-,NT Balance,Howard Springs,5
4/08/2026,2024,8,11 Property damage offences,11 Property damage offences,-,-,NT Balance,Humpty Doo,4
4/08/2026,2024,8,11 Property damage offences,11 Property damage offences,-,-,NT Balance,Petermann - Simpson,3
4/08/2026,2024,8,11 Property damage offences,11 Property damage offences,-,-,NT Balance,Sandover - Plenty,5
4/08/2026,2024,8,11 Property damage offences,11 Property damage offences,-,-,NT Balance,Tanami,4
4/08/2026,2024,8,11 Property damage offences,11 Property damage offences,-,-,NT Balance,Thamarrurr,8
4/08/2026,2024,8,11 Property damage offences,11 Property damage offences,-,-,NT Balance,Tiwi Islands,3
4/08/2026,2024,8,11 Property damage offences,11 Property damage offences,-,-,NT Balance,Victoria River,2
4/08/2026,2024,8,11 Property damage offences,11 Property damage offences,-,-,NT Balance,Virginia,2
4/08/2026,2024,8,11 Property damage offences,11 Property damage offences,-,-,NT Balance,Weddell,3
4/08/2026,2024,8,11 Property damage offences,11 Property damage offences,-,-,NT Balance,West Arnhem,3
4/08/2026,2024,8,11 Property damage offences,11 Property damage offences,-,-,NT Balance,Yuendumu - Anmatjere,3
4/08/2026,2024,8,11 Property damage offences,11 Property damage offences,-,-,NT Balance,Unknown ,10
4/08/2026,2024,9,01 Homicide,0110 Murder,-,-,Katherine,,1
4/08/2026,2024,9,01 Homicide,0132 Driving causing death,-,-,Darwin,,2
4/08/2026,2024,9,01 Homicide,0132 Driving causing death,-,-,Palmerston,,1
4/08/2026,2024,9,01 Homicide,0132 Driving causing death,-,-,NT Balance,Weddell,1
4/08/2026,2024,9,02 Assault,021 Serious Assault,No,No,Darwin,,31
4/08/2026,2024,9,02 Assault,021 Serious Assault,No,No,Palmerston,,14
4/08/2026,2024,9,02 Assault,021 Serious Assault,No,No,Alice Springs,,23
4/08/2026,2024,9,02 Assault,021 Serious Assault,No,No,Katherine,,9
4/08/2026,2024,9,02 Assault,021 Serious Assault,No,No,Tennant Creek,,4
4/08/2026,2024,9,02 Assault,021 Serious Assault,No,No,Nhulunbuy,,2
4/08/2026,2024,9,02 Assault,021 Serious Assault,No,No,NT Balance,Anindilyakwa,1
4/08/2026,2024,9,02 Assault,021 Serious Assault,No,No,NT Balance,Barkly,1
4/08/2026,2024,9,02 Assault,021 Serious Assault,No,No,NT Balance,Daly,2
4/08/2026,2024,9,02 Assault,021 Serious Assault,No,No,NT Balance,East Arnhem,4
4/08/2026,2024,9,02 Assault,021 Serious Assault,No,No,NT Balance,Elsey,2
4/08/2026,2024,9,02 Assault,021 Serious Assault,No,No,NT Balance,Gulf,4
4/08/2026,2024,9,02 Assault,021 Serious Assault,No,No,NT Balance,Howard Springs,9
4/08/2026,2024,9,02 Assault,021 Serious Assault,No,No,NT Balance,Humpty Doo,1
4/08/2026,2024,9,02 Assault,021 Serious Assault,No,No,NT Balance,Sandover - Plenty,3
4/08/2026,2024,9,02 Assault,021 Serious Assault,No,No,NT Balance,Tanami,7
4/08/2026,2024,9,02 Assault,021 Serious Assault,No,No,NT Balance,Thamarrurr,2
4/08/2026,2024,9,02 Assault,021 Serious Assault,No,No,NT Balance,Tiwi Islands,2
4/08/2026,2024,9,02 Assault,021 Serious Assault,No,No,NT Balance,Victoria River,1
4/08/2026,2024,9,02 Assault,021 Serious Assault,No,No,NT Balance,Virginia,2
4/08/2026,2024,9,02 Assault,021 Serious Assault,No,No,NT Balance,West Arnhem,3
4/08/2026,2024,9,02 Assault,021 Serious Assault,No,No,NT Balance,Yuendumu - Anmatjere,1
4/08/2026,2024,9,02 Assault,021 Serious Assault,No,No,NT Balance,Unknown ,3
4/08/2026,2024,9,02 Assault,021 Serious Assault,No,Yes,Darwin,,65
4/08/2026,2024,9,02 Assault,021 Serious Assault,No,Yes,Palmerston,,16
4/08/2026,2024,9,02 Assault,021 Serious Assault,No,Yes,Alice Springs,,62
4/08/2026,2024,9,02 Assault,021 Serious Assault,No,Yes,Katherine,,13
4/08/2026,2024,9,02 Assault,021 Serious Assault,No,Yes,Tennant Creek,,10
4/08/2026,2024,9,02 Assault,021 Serious Assault,No,Yes,Nhulunbuy,,3
4/08/2026,2024,9,02 Assault,021 Serious Assault,No,Yes,NT Balance,Alligator,2
4/08/2026,2024,9,02 Assault,021 Serious Assault,No,Yes,NT Balance,Anindilyakwa,3
4/08/2026,2024,9,02 Assault,021 Serious Assault,No,Yes,NT Balance,Barkly,3
4/08/2026,2024,9,02 Assault,021 Serious Assault,No,Yes,NT Balance,Daly,1
4/08/2026,2024,9,02 Assault,021 Serious Assault,No,Yes,NT Balance,East Arnhem,23
4/08/2026,2024,9,02 Assault,021 Serious Assault,No,Yes,NT Balance,Elsey,6
4/08/2026,2024,9,02 Assault,021 Serious Assault,No,Yes,NT Balance,Gulf,16
4/08/2026,2024,9,02 Assault,021 Serious Assault,No,Yes,NT Balance,Howard Springs,2
4/08/2026,2024,9,02 Assault,021 Serious Assault,No,Yes,NT Balance,Humpty Doo,1
4/08/2026,2024,9,02 Assault,021 Serious Assault,No,Yes,NT Balance,Petermann - Simpson,4
4/08/2026,2024,9,02 Assault,021 Serious Assault,No,Yes,NT Balance,Sandover - Plenty,5
4/08/2026,2024,9,02 Assault,021 Serious Assault,No,Yes,NT Balance,Tanami,6
4/08/2026,2024,9,02 Assault,021 Serious Assault,No,Yes,NT Balance,Thamarrurr,21
4/08/2026,2024,9,02 Assault,021 Serious Assault,No,Yes,NT Balance,Tiwi Islands,8
4/08/2026,2024,9,02 Assault,021 Serious Assault,No,Yes,NT Balance,Victoria River,10
4/08/2026,2024,9,02 Assault,021 Serious Assault,No,Yes,NT Balance,West Arnhem,15
4/08/2026,2024,9,02 Assault,021 Serious Assault,No,Yes,NT Balance,Yuendumu - Anmatjere,2
4/08/2026,2024,9,02 Assault,021 Serious Assault,No,Yes,NT Balance,Unknown ,6
4/08/2026,2024,9,02 Assault,021 Serious Assault,Yes,No,Darwin,,23
4/08/2026,2024,9,02 Assault,021 Serious Assault,Yes,No,Palmerston,,11
4/08/2026,2024,9,02 Assault,021 Serious Assault,Yes,No,Alice Springs,,11
4/08/2026,2024,9,02 Assault,021 Serious Assault,Yes,No,Katherine,,8
4/08/2026,2024,9,02 Assault,021 Serious Assault,Yes,No,Tennant Creek,,3
4/08/2026,2024,9,02 Assault,021 Serious Assault,Yes,No,Nhulunbuy,,1
4/08/2026,2024,9,02 Assault,021 Serious Assault,Yes,No,NT Balance,Daly,1
4/08/2026,2024,9,02 Assault,021 Serious Assault,Yes,No,NT Balance,Gulf,1
4/08/2026,2024,9,02 Assault,021 Serious Assault,Yes,No,NT Balance,Petermann - Simpson,2
4/08/2026,2024,9,02 Assault,021 Serious Assault,Yes,No,NT Balance,Sandover - Plenty,1
4/08/2026,2024,9,02 Assault,021 Serious Assault,Yes,No,NT Balance,Thamarrurr,2
4/08/2026,2024,9,02 Assault,021 Serious Assault,Yes,No,NT Balance,Tiwi Islands,2
4/08/2026,2024,9,02 Assault,021 Serious Assault,Yes,No,NT Balance,Victoria River,3
4/08/2026,2024,9,02 Assault,021 Serious Assault,Yes,No,NT Balance,Weddell,1
4/08/2026,2024,9,02 Assault,021 Serious Assault,Yes,No,NT Balance,Unknown ,3
4/08/2026,2024,9,02 Assault,021 Serious Assault,Yes,Yes,Darwin,,52
4/08/2026,2024,9,02 Assault,021 Serious Assault,Yes,Yes,Palmerston,,28
4/08/2026,2024,9,02 Assault,021 Serious Assault,Yes,Yes,Alice Springs,,54
4/08/2026,2024,9,02 Assault,021 Serious Assault,Yes,Yes,Katherine,,40
4/08/2026,2024,9,02 Assault,021 Serious Assault,Yes,Yes,Tennant Creek,,17
4/08/2026,2024,9,02 Assault,021 Serious Assault,Yes,Yes,NT Balance,Alligator,4
4/08/2026,2024,9,02 Assault,021 Serious Assault,Yes,Yes,NT Balance,Barkly,1
4/08/2026,2024,9,02 Assault,021 Serious Assault,Yes,Yes,NT Balance,Daly,4
4/08/2026,2024,9,02 Assault,021 Serious Assault,Yes,Yes,NT Balance,East Arnhem,2
4/08/2026,2024,9,02 Assault,021 Serious Assault,Yes,Yes,NT Balance,Elsey,4
4/08/2026,2024,9,02 Assault,021 Serious Assault,Yes,Yes,NT Balance,Gulf,8
4/08/2026,2024,9,02 Assault,021 Serious Assault,Yes,Yes,NT Balance,Howard Springs,1
4/08/2026,2024,9,02 Assault,021 Serious Assault,Yes,Yes,NT Balance,Humpty Doo,1
4/08/2026,2024,9,02 Assault,021 Serious Assault,Yes,Yes,NT Balance,Petermann - Simpson,2
4/08/2026,2024,9,02 Assault,021 Serious Assault,Yes,Yes,NT Balance,Sandover - Plenty,1
4/08/2026,2024,9,02 Assault,021 Serious Assault,Yes,Yes,NT Balance,Thamarrurr,12
4/08/2026,2024,9,02 Assault,021 Serious Assault,Yes,Yes,NT Balance,Tiwi Islands,4
4/08/2026,2024,9,02 Assault,021 Serious Assault,Yes,Yes,NT Balance,Victoria River,8
4/08/2026,2024,9,02 Assault,021 Serious Assault,Yes,Yes,NT Balance,Weddell,2
4/08/2026,2024,9,02 Assault,021 Serious Assault,Yes,Yes,NT Balance,West Arnhem,5
4/08/2026,2024,9,02 Assault,021 Serious Assault,Yes,Yes,NT Balance,Yuendumu - Anmatjere,3
4/08/2026,2024,9,02 Assault,021 Serious Assault,Yes,Yes,NT Balance,Unknown ,4
4/08/2026,2024,9,02 Assault,022 Assault of a prescribed officer,No,No,Darwin,,2
4/08/2026,2024,9,02 Assault,022 Assault of a prescribed officer,No,No,Alice Springs,,4
4/08/2026,2024,9,02 Assault,022 Assault of a prescribed officer,No,No,NT Balance,Barkly,1
4/08/2026,2024,9,02 Assault,022 Assault of a prescribed officer,No,No,NT Balance,Thamarrurr,1
4/08/2026,2024,9,02 Assault,022 Assault of a prescribed officer,No,No,NT Balance,West Arnhem,1
4/08/2026,2024,9,02 Assault,022 Assault of a prescribed officer,No,Yes,Palmerston,,1
4/08/2026,2024,9,02 Assault,022 Assault of a prescribed officer,No,Yes,Alice Springs,,3
4/08/2026,2024,9,02 Assault,022 Assault of a prescribed officer,Yes,No,Darwin,,6
4/08/2026,2024,9,02 Assault,022 Assault of a prescribed officer,Yes,No,Palmerston,,1
4/08/2026,2024,9,02 Assault,022 Assault of a prescribed officer,Yes,No,Alice Springs,,2
4/08/2026,2024,9,02 Assault,022 Assault of a prescribed officer,Yes,No,Tennant Creek,,2
4/08/2026,2024,9,02 Assault,022 Assault of a prescribed officer,Yes,No,NT Balance,Sandover - Plenty,1
4/08/2026,2024,9,02 Assault,022 Assault of a prescribed officer,Yes,Yes,Darwin,,2
4/08/2026,2024,9,02 Assault,022 Assault of a prescribed officer,Yes,Yes,Palmerston,,1
4/08/2026,2024,9,02 Assault,023 Common Assault,No,No,Darwin,,25
4/08/2026,2024,9,02 Assault,023 Common Assault,No,No,Palmerston,,8
4/08/2026,2024,9,02 Assault,023 Common Assault,No,No,Alice Springs,,16
4/08/2026,2024,9,02 Assault,023 Common Assault,No,No,Katherine,,3
4/08/2026,2024,9,02 Assault,023 Common Assault,No,No,Tennant Creek,,2
4/08/2026,2024,9,02 Assault,023 Common Assault,No,No,NT Balance,Alligator,1
4/08/2026,2024,9,02 Assault,023 Common Assault,No,No,NT Balance,Daly,2
4/08/2026,2024,9,02 Assault,023 Common Assault,No,No,NT Balance,East Arnhem,1
4/08/2026,2024,9,02 Assault,023 Common Assault,No,No,NT Balance,Elsey,1
4/08/2026,2024,9,02 Assault,023 Common Assault,No,No,NT Balance,Gulf,1
4/08/2026,2024,9,02 Assault,023 Common Assault,No,No,NT Balance,Howard Springs,3
4/08/2026,2024,9,02 Assault,023 Common Assault,No,No,NT Balance,Petermann - Simpson,1
4/08/2026,2024,9,02 Assault,023 Common Assault,No,No,NT Balance,Sandover - Plenty,2
4/08/2026,2024,9,02 Assault,023 Common Assault,No,No,NT Balance,Thamarrurr,1
4/08/2026,2024,9,02 Assault,023 Common Assault,No,No,NT Balance,Victoria River,2
4/08/2026,2024,9,02 Assault,023 Common Assault,No,No,NT Balance,Yuendumu - Anmatjere,1
4/08/2026,2024,9,02 Assault,023 Common Assault,No,No,NT Balance,Unknown ,3
4/08/2026,2024,9,02 Assault,023 Common Assault,No,Yes,Darwin,,7
4/08/2026,2024,9,02 Assault,023 Common Assault,No,Yes,Palmerston,,4
4/08/2026,2024,9,02 Assault,023 Common Assault,No,Yes,Alice Springs,,2
4/08/2026,2024,9,02 Assault,023 Common Assault,No,Yes,Tennant Creek,,1
4/08/2026,2024,9,02 Assault,023 Common Assault,No,Yes,NT Balance,Anindilyakwa,1
4/08/2026,2024,9,02 Assault,023 Common Assault,No,Yes,NT Balance,East Arnhem,2
4/08/2026,2024,9,02 Assault,023 Common Assault,No,Yes,NT Balance,Gulf,1
4/08/2026,2024,9,02 Assault,023 Common Assault,No,Yes,NT Balance,Petermann - Simpson,1
4/08/2026,2024,9,02 Assault,023 Common Assault,No,Yes,NT Balance,Tiwi Islands,3
4/08/2026,2024,9,02 Assault,023 Common Assault,No,Yes,NT Balance,Victoria River,1
4/08/2026,2024,9,02 Assault,023 Common Assault,No,Yes,NT Balance,Unknown ,4
4/08/2026,2024,9,02 Assault,023 Common Assault,Yes,No,Darwin,,12
4/08/2026,2024,9,02 Assault,023 Common Assault,Yes,No,Palmerston,,2
4/08/2026,2024,9,02 Assault,023 Common Assault,Yes,No,Alice Springs,,6
4/08/2026,2024,9,02 Assault,023 Common Assault,Yes,No,Katherine,,3
4/08/2026,2024,9,02 Assault,023 Common Assault,Yes,No,Tennant Creek,,1
4/08/2026,2024,9,02 Assault,023 Common Assault,Yes,No,NT Balance,Sandover - Plenty,1
4/08/2026,2024,9,02 Assault,023 Common Assault,Yes,No,NT Balance,Thamarrurr,1
4/08/2026,2024,9,02 Assault,023 Common Assault,Yes,No,NT Balance,Tiwi Islands,1
4/08/2026,2024,9,02 Assault,023 Common Assault,Yes,Yes,Darwin,,11
4/08/2026,2024,9,02 Assault,023 Common Assault,Yes,Yes,Palmerston,,3
4/08/2026,2024,9,02 Assault,023 Common Assault,Yes,Yes,Alice Springs,,5
4/08/2026,2024,9,02 Assault,023 Common Assault,Yes,Yes,Katherine,,2
4/08/2026,2024,9,02 Assault,023 Common Assault,Yes,Yes,Tennant Creek,,5
4/08/2026,2024,9,02 Assault,023 Common Assault,Yes,Yes,NT Balance,Alligator,1
4/08/2026,2024,9,02 Assault,023 Common Assault,Yes,Yes,NT Balance,Barkly,1
4/08/2026,2024,9,02 Assault,023 Common Assault,Yes,Yes,NT Balance,Gulf,1
4/08/2026,2024,9,02 Assault,023 Common Assault,Yes,Yes,NT Balance,Howard Springs,1
4/08/2026,2024,9,02 Assault,023 Common Assault,Yes,Yes,NT Balance,Tiwi Islands,1
4/08/2026,2024,9,02 Assault,023 Common Assault,Yes,Yes,NT Balance,Unknown ,1
4/08/2026,2024,9,03 Sexual offences,031 Sexual assault of an adult,-,-,Darwin,,6
4/08/2026,2024,9,03 Sexual offences,031 Sexual assault of an adult,-,-,Palmerston,,3
4/08/2026,2024,9,03 Sexual offences,031 Sexual assault of an adult,-,-,Alice Springs,,13
4/08/2026,2024,9,03 Sexual offences,031 Sexual assault of an adult,-,-,Katherine,,2
4/08/2026,2024,9,03 Sexual offences,031 Sexual assault of an adult,-,-,Tennant Creek,,2
4/08/2026,2024,9,03 Sexual offences,031 Sexual assault of an adult,-,-,NT Balance,East Arnhem,1
4/08/2026,2024,9,03 Sexual offences,031 Sexual assault of an adult,-,-,NT Balance,Howard Springs,1
4/08/2026,2024,9,03 Sexual offences,031 Sexual assault of an adult,-,-,NT Balance,Petermann - Simpson,1
4/08/2026,2024,9,03 Sexual offences,031 Sexual assault of an adult,-,-,NT Balance,Sandover - Plenty,1
4/08/2026,2024,9,03 Sexual offences,031 Sexual assault of an adult,-,-,NT Balance,Victoria River,1
4/08/2026,2024,9,03 Sexual offences,031 Sexual assault of an adult,-,-,NT Balance,Unknown ,1
4/08/2026,2024,9,03 Sexual offences,032 Sexual assault of a child,-,-,Darwin,,3
4/08/2026,2024,9,03 Sexual offences,032 Sexual assault of a child,-,-,Palmerston,,3
4/08/2026,2024,9,03 Sexual offences,032 Sexual assault of a child,-,-,Alice Springs,,1
4/08/2026,2024,9,03 Sexual offences,032 Sexual assault of a child,-,-,Katherine,,1
4/08/2026,2024,9,03 Sexual offences,032 Sexual assault of a child,-,-,NT Balance,Howard Springs,1
4/08/2026,2024,9,03 Sexual offences,032 Sexual assault of a child,-,-,NT Balance,Unknown ,1
4/08/2026,2024,9,03 Sexual offences,"033, 034 Other child-related sexual offences",-,-,Darwin,,3
4/08/2026,2024,9,03 Sexual offences,"033, 034 Other child-related sexual offences",-,-,Katherine,,4
4/08/2026,2024,9,03 Sexual offences,"033, 034 Other child-related sexual offences",-,-,Tennant Creek,,1
4/08/2026,2024,9,03 Sexual offences,"035, 039 Other sexual offences",-,-,Darwin,,2
4/08/2026,2024,9,03 Sexual offences,"035, 039 Other sexual offences",-,-,Alice Springs,,2
4/08/2026,2024,9,03 Sexual offences,"035, 039 Other sexual offences",-,-,Tennant Creek,,1
4/08/2026,2024,9,03 Sexual offences,"035, 039 Other sexual offences",-,-,NT Balance,Petermann - Simpson,1
4/08/2026,2024,9,04 Harm or endanger persons,"041, 042, 043 Human trafficking, abduction, deprivation of liberty",-,-,Darwin,,2
4/08/2026,2024,9,04 Harm or endanger persons,"041, 042, 043 Human trafficking, abduction, deprivation of liberty",-,-,Alice Springs,,1
4/08/2026,2024,9,04 Harm or endanger persons,"041, 042, 043 Human trafficking, abduction, deprivation of liberty",-,-,Katherine,,1
4/08/2026,2024,9,04 Harm or endanger persons,"044 Acts that threaten, harass or control",-,-,Darwin,,16
4/08/2026,2024,9,04 Harm or endanger persons,"044 Acts that threaten, harass or control",-,-,Palmerston,,3
4/08/2026,2024,9,04 Harm or endanger persons,"044 Acts that threaten, harass or control",-,-,Alice Springs,,24
4/08/2026,2024,9,04 Harm or endanger persons,"044 Acts that threaten, harass or control",-,-,Katherine,,5
4/08/2026,2024,9,04 Harm or endanger persons,"044 Acts that threaten, harass or control",-,-,Tennant Creek,,3
4/08/2026,2024,9,04 Harm or endanger persons,"044 Acts that threaten, harass or control",-,-,Nhulunbuy,,1
4/08/2026,2024,9,04 Harm or endanger persons,"044 Acts that threaten, harass or control",-,-,NT Balance,Daly,1
4/08/2026,2024,9,04 Harm or endanger persons,"044 Acts that threaten, harass or control",-,-,NT Balance,East Arnhem,2
4/08/2026,2024,9,04 Harm or endanger persons,"044 Acts that threaten, harass or control",-,-,NT Balance,Elsey,1
4/08/2026,2024,9,04 Harm or endanger persons,"044 Acts that threaten, harass or control",-,-,NT Balance,Gulf,1
4/08/2026,2024,9,04 Harm or endanger persons,"044 Acts that threaten, harass or control",-,-,NT Balance,Howard Springs,3
4/08/2026,2024,9,04 Harm or endanger persons,"044 Acts that threaten, harass or control",-,-,NT Balance,Humpty Doo,2
4/08/2026,2024,9,04 Harm or endanger persons,"044 Acts that threaten, harass or control",-,-,NT Balance,Petermann - Simpson,1
4/08/2026,2024,9,04 Harm or endanger persons,"044 Acts that threaten, harass or control",-,-,NT Balance,Sandover - Plenty,1
4/08/2026,2024,9,04 Harm or endanger persons,"044 Acts that threaten, harass or control",-,-,NT Balance,Tanami,4
4/08/2026,2024,9,04 Harm or endanger persons,"044 Acts that threaten, harass or control",-,-,NT Balance,Thamarrurr,1
4/08/2026,2024,9,04 Harm or endanger persons,"044 Acts that threaten, harass or control",-,-,NT Balance,West Arnhem,1
4/08/2026,2024,9,04 Harm or endanger persons,"044 Acts that threaten, harass or control",-,-,NT Balance,Yuendumu - Anmatjere,3
4/08/2026,2024,9,04 Harm or endanger persons,"044 Acts that threaten, harass or control",-,-,NT Balance,Unknown ,2
4/08/2026,2024,9,04 Harm or endanger persons,045 Driving causing serious injury,-,-,NT Balance,Alligator,1
4/08/2026,2024,9,04 Harm or endanger persons,049 Other acts that harm or endanger persons,-,-,Darwin,,7
4/08/2026,2024,9,04 Harm or endanger persons,049 Other acts that harm or endanger persons,-,-,Palmerston,,2
4/08/2026,2024,9,04 Harm or endanger persons,049 Other acts that harm or endanger persons,-,-,Alice Springs,,5
4/08/2026,2024,9,04 Harm or endanger persons,049 Other acts that harm or endanger persons,-,-,Katherine,,4
4/08/2026,2024,9,04 Harm or endanger persons,049 Other acts that harm or endanger persons,-,-,Tennant Creek,,1
4/08/2026,2024,9,04 Harm or endanger persons,049 Other acts that harm or endanger persons,-,-,Nhulunbuy,,1
4/08/2026,2024,9,04 Harm or endanger persons,049 Other acts that harm or endanger persons,-,-,NT Balance,Barkly,1
4/08/2026,2024,9,04 Harm or endanger persons,049 Other acts that harm or endanger persons,-,-,NT Balance,Daly,1
4/08/2026,2024,9,04 Harm or endanger persons,049 Other acts that harm or endanger persons,-,-,NT Balance,East Arnhem,1
4/08/2026,2024,9,04 Harm or endanger persons,049 Other acts that harm or endanger persons,-,-,NT Balance,Gulf,1
4/08/2026,2024,9,04 Harm or endanger persons,049 Other acts that harm or endanger persons,-,-,NT Balance,Howard Springs,1
4/08/2026,2024,9,04 Harm or endanger persons,049 Other acts that harm or endanger persons,-,-,NT Balance,Koolpinyah,1
4/08/2026,2024,9,04 Harm or endanger persons,049 Other acts that harm or endanger persons,-,-,NT Balance,Thamarrurr,3
4/08/2026,2024,9,04 Harm or endanger persons,049 Other acts that harm or endanger persons,-,-,NT Balance,West Arnhem,1
4/08/2026,2024,9,"05 Robbery, blackmail, and extortion",051 Robbery,-,-,Darwin,,14
4/08/2026,2024,9,"05 Robbery, blackmail, and extortion",051 Robbery,-,-,Alice Springs,,8
4/08/2026,2024,9,"05 Robbery, blackmail, and extortion",051 Robbery,-,-,Katherine,,5
4/08/2026,2024,9,"05 Robbery, blackmail, and extortion",051 Robbery,-,-,NT Balance,Anindilyakwa,2
4/08/2026,2024,9,"05 Robbery, blackmail, and extortion",051 Robbery,-,-,NT Balance,Daly,1
4/08/2026,2024,9,"05 Robbery, blackmail, and extortion",051 Robbery,-,-,NT Balance,East Arnhem,1
4/08/2026,2024,9,"05 Robbery, blackmail, and extortion",051 Robbery,-,-,NT Balance,Elsey,1
4/08/2026,2024,9,"05 Robbery, blackmail, and extortion",051 Robbery,-,-,NT Balance,Koolpinyah,2
4/08/2026,2024,9,"05 Robbery, blackmail, and extortion",051 Robbery,-,-,NT Balance,Unknown ,2
4/08/2026,2024,9,061 Burglary - dwelling,"061 Burglary - dwelling (house break-ins), actual",-,-,Darwin,,48
4/08/2026,2024,9,061 Burglary - dwelling,"061 Burglary - dwelling (house break-ins), actual",-,-,Palmerston,,17
4/08/2026,2024,9,061 Burglary - dwelling,"061 Burglary - dwelling (house break-ins), actual",-,-,Alice Springs,,70
4/08/2026,2024,9,061 Burglary - dwelling,"061 Burglary - dwelling (house break-ins), actual",-,-,Katherine,,6
4/08/2026,2024,9,061 Burglary - dwelling,"061 Burglary - dwelling (house break-ins), actual",-,-,Tennant Creek,,14
4/08/2026,2024,9,061 Burglary - dwelling,"061 Burglary - dwelling (house break-ins), actual",-,-,Nhulunbuy,,1
4/08/2026,2024,9,061 Burglary - dwelling,"061 Burglary - dwelling (house break-ins), actual",-,-,NT Balance,Alligator,2
4/08/2026,2024,9,061 Burglary - dwelling,"061 Burglary - dwelling (house break-ins), actual",-,-,NT Balance,Barkly,3
4/08/2026,2024,9,061 Burglary - dwelling,"061 Burglary - dwelling (house break-ins), actual",-,-,NT Balance,Daly,2
4/08/2026,2024,9,061 Burglary - dwelling,"061 Burglary - dwelling (house break-ins), actual",-,-,NT Balance,East Arnhem,11
4/08/2026,2024,9,061 Burglary - dwelling,"061 Burglary - dwelling (house break-ins), actual",-,-,NT Balance,Gulf,1
4/08/2026,2024,9,061 Burglary - dwelling,"061 Burglary - dwelling (house break-ins), actual",-,-,NT Balance,Petermann - Simpson,3
4/08/2026,2024,9,061 Burglary - dwelling,"061 Burglary - dwelling (house break-ins), actual",-,-,NT Balance,Sandover - Plenty,1
4/08/2026,2024,9,061 Burglary - dwelling,"061 Burglary - dwelling (house break-ins), actual",-,-,NT Balance,Tanami,1
4/08/2026,2024,9,061 Burglary - dwelling,"061 Burglary - dwelling (house break-ins), actual",-,-,NT Balance,Thamarrurr,1
4/08/2026,2024,9,061 Burglary - dwelling,"061 Burglary - dwelling (house break-ins), actual",-,-,NT Balance,Tiwi Islands,2
4/08/2026,2024,9,061 Burglary - dwelling,"061 Burglary - dwelling (house break-ins), actual",-,-,NT Balance,West Arnhem,4
4/08/2026,2024,9,061 Burglary - dwelling,"061 Burglary - dwelling (house break-ins), actual",-,-,NT Balance,Unknown ,3
4/08/2026,2024,9,061 Burglary - dwelling,"061 Burglary - dweling (house break-ins), attempted",-,-,Darwin,,10
4/08/2026,2024,9,061 Burglary - dwelling,"061 Burglary - dweling (house break-ins), attempted",-,-,Palmerston,,4
4/08/2026,2024,9,061 Burglary - dwelling,"061 Burglary - dweling (house break-ins), attempted",-,-,Alice Springs,,20
4/08/2026,2024,9,061 Burglary - dwelling,"061 Burglary - dweling (house break-ins), attempted",-,-,Katherine,,3
4/08/2026,2024,9,061 Burglary - dwelling,"061 Burglary - dweling (house break-ins), attempted",-,-,Nhulunbuy,,1
4/08/2026,2024,9,061 Burglary - dwelling,"061 Burglary - dweling (house break-ins), attempted",-,-,NT Balance,East Arnhem,2
4/08/2026,2024,9,061 Burglary - dwelling,"061 Burglary - dweling (house break-ins), attempted",-,-,NT Balance,Thamarrurr,1
4/08/2026,2024,9,061 Burglary - dwelling,"061 Burglary - dweling (house break-ins), attempted",-,-,NT Balance,Unknown ,1
4/08/2026,2024,9,062 Burglary - non-residential,"062 Burglary - non-residential (commercial break-ins), actual",-,-,Darwin,,26
4/08/2026,2024,9,062 Burglary - non-residential,"062 Burglary - non-residential (commercial break-ins), actual",-,-,Palmerston,,9
4/08/2026,2024,9,062 Burglary - non-residential,"062 Burglary - non-residential (commercial break-ins), actual",-,-,Alice Springs,,38
4/08/2026,2024,9,062 Burglary - non-residential,"062 Burglary - non-residential (commercial break-ins), actual",-,-,Katherine,,12
4/08/2026,2024,9,062 Burglary - non-residential,"062 Burglary - non-residential (commercial break-ins), actual",-,-,Tennant Creek,,6
4/08/2026,2024,9,062 Burglary - non-residential,"062 Burglary - non-residential (commercial break-ins), actual",-,-,Nhulunbuy,,1
4/08/2026,2024,9,062 Burglary - non-residential,"062 Burglary - non-residential (commercial break-ins), actual",-,-,NT Balance,Alligator,2
4/08/2026,2024,9,062 Burglary - non-residential,"062 Burglary - non-residential (commercial break-ins), actual",-,-,NT Balance,Barkly,2
4/08/2026,2024,9,062 Burglary - non-residential,"062 Burglary - non-residential (commercial break-ins), actual",-,-,NT Balance,Daly,2
4/08/2026,2024,9,062 Burglary - non-residential,"062 Burglary - non-residential (commercial break-ins), actual",-,-,NT Balance,East Arnhem,14
4/08/2026,2024,9,062 Burglary - non-residential,"062 Burglary - non-residential (commercial break-ins), actual",-,-,NT Balance,Elsey,1
4/08/2026,2024,9,062 Burglary - non-residential,"062 Burglary - non-residential (commercial break-ins), actual",-,-,NT Balance,Gulf,3
4/08/2026,2024,9,062 Burglary - non-residential,"062 Burglary - non-residential (commercial break-ins), actual",-,-,NT Balance,Sandover - Plenty,1
4/08/2026,2024,9,062 Burglary - non-residential,"062 Burglary - non-residential (commercial break-ins), actual",-,-,NT Balance,Tanami,3
4/08/2026,2024,9,062 Burglary - non-residential,"062 Burglary - non-residential (commercial break-ins), actual",-,-,NT Balance,Thamarrurr,2
4/08/2026,2024,9,062 Burglary - non-residential,"062 Burglary - non-residential (commercial break-ins), actual",-,-,NT Balance,Tiwi Islands,2
4/08/2026,2024,9,062 Burglary - non-residential,"062 Burglary - non-residential (commercial break-ins), actual",-,-,NT Balance,Victoria River,1
4/08/2026,2024,9,062 Burglary - non-residential,"062 Burglary - non-residential (commercial break-ins), actual",-,-,NT Balance,West Arnhem,2
4/08/2026,2024,9,062 Burglary - non-residential,"062 Burglary - non-residential (commercial break-ins), actual",-,-,NT Balance,Yuendumu - Anmatjere,2
4/08/2026,2024,9,062 Burglary - non-residential,"062 Burglary - non-residential (commercial break-ins), actual",-,-,NT Balance,Unknown ,3
4/08/2026,2024,9,062 Burglary - non-residential,"062 Burglary - non-residential (commercial break-ins), attempted",-,-,Darwin,,3
4/08/2026,2024,9,062 Burglary - non-residential,"062 Burglary - non-residential (commercial break-ins), attempted",-,-,Palmerston,,1
4/08/2026,2024,9,062 Burglary - non-residential,"062 Burglary - non-residential (commercial break-ins), attempted",-,-,Alice Springs,,1
4/08/2026,2024,9,062 Burglary - non-residential,"062 Burglary - non-residential (commercial break-ins), attempted",-,-,Katherine,,3
4/08/2026,2024,9,062 Burglary - non-residential,"062 Burglary - non-residential (commercial break-ins), attempted",-,-,NT Balance,East Arnhem,2
4/08/2026,2024,9,062 Burglary - non-residential,"062 Burglary - non-residential (commercial break-ins), attempted",-,-,NT Balance,Gulf,1
4/08/2026,2024,9,062 Burglary - non-residential,"062 Burglary - non-residential (commercial break-ins), attempted",-,-,NT Balance,Howard Springs,1
4/08/2026,2024,9,062 Burglary - non-residential,"062 Burglary - non-residential (commercial break-ins), attempted",-,-,NT Balance,West Arnhem,1
4/08/2026,2024,9,07 Theft,071 Motor vehicle theft and related offences,-,-,Darwin,,27
4/08/2026,2024,9,07 Theft,071 Motor vehicle theft and related offences,-,-,Palmerston,,4
4/08/2026,2024,9,07 Theft,071 Motor vehicle theft and related offences,-,-,Alice Springs,,24
4/08/2026,2024,9,07 Theft,071 Motor vehicle theft and related offences,-,-,Katherine,,1
4/08/2026,2024,9,07 Theft,071 Motor vehicle theft and related offences,-,-,Tennant Creek,,1
4/08/2026,2024,9,07 Theft,071 Motor vehicle theft and related offences,-,-,NT Balance,Daly,1
4/08/2026,2024,9,07 Theft,071 Motor vehicle theft and related offences,-,-,NT Balance,Howard Springs,1
4/08/2026,2024,9,07 Theft,071 Motor vehicle theft and related offences,-,-,NT Balance,Thamarrurr,2
4/08/2026,2024,9,07 Theft,071 Motor vehicle theft and related offences,-,-,NT Balance,Weddell,2
4/08/2026,2024,9,07 Theft,071 Motor vehicle theft and related offences,-,-,NT Balance,West Arnhem,2
4/08/2026,2024,9,07 Theft,071 Motor vehicle theft and related offences,-,-,NT Balance,Unknown ,2
4/08/2026,2024,9,07 Theft,07* Other theft,-,-,Darwin,,306
4/08/2026,2024,9,07 Theft,07* Other theft,-,-,Palmerston,,81
4/08/2026,2024,9,07 Theft,07* Other theft,-,-,Alice Springs,,146
4/08/2026,2024,9,07 Theft,07* Other theft,-,-,Katherine,,32
4/08/2026,2024,9,07 Theft,07* Other theft,-,-,Tennant Creek,,13
4/08/2026,2024,9,07 Theft,07* Other theft,-,-,Nhulunbuy,,4
4/08/2026,2024,9,07 Theft,07* Other theft,-,-,NT Balance,Alligator,9
4/08/2026,2024,9,07 Theft,07* Other theft,-,-,NT Balance,Barkly,4
4/08/2026,2024,9,07 Theft,07* Other theft,-,-,NT Balance,Daly,5
4/08/2026,2024,9,07 Theft,07* Other theft,-,-,NT Balance,East Arnhem,8
4/08/2026,2024,9,07 Theft,07* Other theft,-,-,NT Balance,Elsey,1
4/08/2026,2024,9,07 Theft,07* Other theft,-,-,NT Balance,Gulf,8
4/08/2026,2024,9,07 Theft,07* Other theft,-,-,NT Balance,Howard Springs,9
4/08/2026,2024,9,07 Theft,07* Other theft,-,-,NT Balance,Humpty Doo,2
4/08/2026,2024,9,07 Theft,07* Other theft,-,-,NT Balance,Koolpinyah,1
4/08/2026,2024,9,07 Theft,07* Other theft,-,-,NT Balance,Petermann - Simpson,4
4/08/2026,2024,9,07 Theft,07* Other theft,-,-,NT Balance,Thamarrurr,2
4/08/2026,2024,9,07 Theft,07* Other theft,-,-,NT Balance,Tiwi Islands,1
4/08/2026,2024,9,07 Theft,07* Other theft,-,-,NT Balance,Virginia,10
4/08/2026,2024,9,07 Theft,07* Other theft,-,-,NT Balance,Weddell,11
4/08/2026,2024,9,07 Theft,07* Other theft,-,-,NT Balance,West Arnhem,3
4/08/2026,2024,9,07 Theft,07* Other theft,-,-,NT Balance,Yuendumu - Anmatjere,3
4/08/2026,2024,9,07 Theft,07* Other theft,-,-,NT Balance,Unknown ,15
4/08/2026,2024,9,11 Property damage offences,11 Property damage offences,-,-,Darwin,,164
4/08/2026,2024,9,11 Property damage offences,11 Property damage offences,-,-,Palmerston,,64
4/08/2026,2024,9,11 Property damage offences,11 Property damage offences,-,-,Alice Springs,,338
4/08/2026,2024,9,11 Property damage offences,11 Property damage offences,-,-,Katherine,,34
4/08/2026,2024,9,11 Property damage offences,11 Property damage offences,-,-,Tennant Creek,,30
4/08/2026,2024,9,11 Property damage offences,11 Property damage offences,-,-,Nhulunbuy,,5
4/08/2026,2024,9,11 Property damage offences,11 Property damage offences,-,-,NT Balance,Alligator,8
4/08/2026,2024,9,11 Property damage offences,11 Property damage offences,-,-,NT Balance,Anindilyakwa,1
4/08/2026,2024,9,11 Property damage offences,11 Property damage offences,-,-,NT Balance,Barkly,4
4/08/2026,2024,9,11 Property damage offences,11 Property damage offences,-,-,NT Balance,Daly,5
4/08/2026,2024,9,11 Property damage offences,11 Property damage offences,-,-,NT Balance,East Arnhem,31
4/08/2026,2024,9,11 Property damage offences,11 Property damage offences,-,-,NT Balance,Elsey,3
4/08/2026,2024,9,11 Property damage offences,11 Property damage offences,-,-,NT Balance,Gulf,10
4/08/2026,2024,9,11 Property damage offences,11 Property damage offences,-,-,NT Balance,Howard Springs,2
4/08/2026,2024,9,11 Property damage offences,11 Property damage offences,-,-,NT Balance,Humpty Doo,1
4/08/2026,2024,9,11 Property damage offences,11 Property damage offences,-,-,NT Balance,Koolpinyah,1
4/08/2026,2024,9,11 Property damage offences,11 Property damage offences,-,-,NT Balance,Petermann - Simpson,2
4/08/2026,2024,9,11 Property damage offences,11 Property damage offences,-,-,NT Balance,Sandover - Plenty,2
4/08/2026,2024,9,11 Property damage offences,11 Property damage offences,-,-,NT Balance,Tanami,4
4/08/2026,2024,9,11 Property damage offences,11 Property damage offences,-,-,NT Balance,Thamarrurr,6
4/08/2026,2024,9,11 Property damage offences,11 Property damage offences,-,-,NT Balance,Tiwi Islands,4
4/08/2026,2024,9,11 Property damage offences,11 Property damage offences,-,-,NT Balance,Victoria River,3
4/08/2026,2024,9,11 Property damage offences,11 Property damage offences,-,-,NT Balance,Virginia,1
4/08/2026,2024,9,11 Property damage offences,11 Property damage offences,-,-,NT Balance,Weddell,1
4/08/2026,2024,9,11 Property damage offences,11 Property damage offences,-,-,NT Balance,West Arnhem,12
4/08/2026,2024,9,11 Property damage offences,11 Property damage offences,-,-,NT Balance,Yuendumu - Anmatjere,6
4/08/2026,2024,9,11 Property damage offences,11 Property damage offences,-,-,NT Balance,Unknown ,16
4/08/2026,2024,10,01 Homicide,0110 Murder,-,-,Darwin,,1
4/08/2026,2024,10,01 Homicide,0110 Murder,-,-,Katherine,,1
4/08/2026,2024,10,01 Homicide,0110 Murder,-,-,NT Balance,Victoria River,1
4/08/2026,2024,10,01 Homicide,0132 Driving causing death,-,-,Palmerston,,1
4/08/2026,2024,10,02 Assault,021 Serious Assault,No,No,Darwin,,38
4/08/2026,2024,10,02 Assault,021 Serious Assault,No,No,Palmerston,,13
4/08/2026,2024,10,02 Assault,021 Serious Assault,No,No,Alice Springs,,16
4/08/2026,2024,10,02 Assault,021 Serious Assault,No,No,Katherine,,15
4/08/2026,2024,10,02 Assault,021 Serious Assault,No,No,Tennant Creek,,10
4/08/2026,2024,10,02 Assault,021 Serious Assault,No,No,NT Balance,Alligator,1
4/08/2026,2024,10,02 Assault,021 Serious Assault,No,No,NT Balance,Barkly,1
4/08/2026,2024,10,02 Assault,021 Serious Assault,No,No,NT Balance,Daly,2
4/08/2026,2024,10,02 Assault,021 Serious Assault,No,No,NT Balance,East Arnhem,2
4/08/2026,2024,10,02 Assault,021 Serious Assault,No,No,NT Balance,Elsey,1
4/08/2026,2024,10,02 Assault,021 Serious Assault,No,No,NT Balance,Gulf,2
4/08/2026,2024,10,02 Assault,021 Serious Assault,No,No,NT Balance,Howard Springs,3
4/08/2026,2024,10,02 Assault,021 Serious Assault,No,No,NT Balance,Petermann - Simpson,3
4/08/2026,2024,10,02 Assault,021 Serious Assault,No,No,NT Balance,Sandover - Plenty,4
4/08/2026,2024,10,02 Assault,021 Serious Assault,No,No,NT Balance,Thamarrurr,3
4/08/2026,2024,10,02 Assault,021 Serious Assault,No,No,NT Balance,Tiwi Islands,2
4/08/2026,2024,10,02 Assault,021 Serious Assault,No,No,NT Balance,Victoria River,3
4/08/2026,2024,10,02 Assault,021 Serious Assault,No,No,NT Balance,West Arnhem,4
4/08/2026,2024,10,02 Assault,021 Serious Assault,No,No,NT Balance,Yuendumu - Anmatjere,4
4/08/2026,2024,10,02 Assault,021 Serious Assault,No,No,NT Balance,Unknown ,7
4/08/2026,2024,10,02 Assault,021 Serious Assault,No,Yes,Darwin,,50
4/08/2026,2024,10,02 Assault,021 Serious Assault,No,Yes,Palmerston,,15
4/08/2026,2024,10,02 Assault,021 Serious Assault,No,Yes,Alice Springs,,58
4/08/2026,2024,10,02 Assault,021 Serious Assault,No,Yes,Katherine,,19
4/08/2026,2024,10,02 Assault,021 Serious Assault,No,Yes,Tennant Creek,,8
4/08/2026,2024,10,02 Assault,021 Serious Assault,No,Yes,Nhulunbuy,,1
4/08/2026,2024,10,02 Assault,021 Serious Assault,No,Yes,NT Balance,Alligator,2
4/08/2026,2024,10,02 Assault,021 Serious Assault,No,Yes,NT Balance,Anindilyakwa,1
4/08/2026,2024,10,02 Assault,021 Serious Assault,No,Yes,NT Balance,Barkly,6
4/08/2026,2024,10,02 Assault,021 Serious Assault,No,Yes,NT Balance,Daly,1
4/08/2026,2024,10,02 Assault,021 Serious Assault,No,Yes,NT Balance,East Arnhem,16
4/08/2026,2024,10,02 Assault,021 Serious Assault,No,Yes,NT Balance,Elsey,9
4/08/2026,2024,10,02 Assault,021 Serious Assault,No,Yes,NT Balance,Gulf,21
4/08/2026,2024,10,02 Assault,021 Serious Assault,No,Yes,NT Balance,Howard Springs,1
4/08/2026,2024,10,02 Assault,021 Serious Assault,No,Yes,NT Balance,Humpty Doo,1
4/08/2026,2024,10,02 Assault,021 Serious Assault,No,Yes,NT Balance,Petermann - Simpson,5
4/08/2026,2024,10,02 Assault,021 Serious Assault,No,Yes,NT Balance,Sandover - Plenty,3
4/08/2026,2024,10,02 Assault,021 Serious Assault,No,Yes,NT Balance,Tanami,8
4/08/2026,2024,10,02 Assault,021 Serious Assault,No,Yes,NT Balance,Thamarrurr,21
4/08/2026,2024,10,02 Assault,021 Serious Assault,No,Yes,NT Balance,Tiwi Islands,3
4/08/2026,2024,10,02 Assault,021 Serious Assault,No,Yes,NT Balance,Victoria River,7
4/08/2026,2024,10,02 Assault,021 Serious Assault,No,Yes,NT Balance,Virginia,1
4/08/2026,2024,10,02 Assault,021 Serious Assault,No,Yes,NT Balance,Weddell,1
4/08/2026,2024,10,02 Assault,021 Serious Assault,No,Yes,NT Balance,West Arnhem,15
4/08/2026,2024,10,02 Assault,021 Serious Assault,No,Yes,NT Balance,Yuendumu - Anmatjere,3
4/08/2026,2024,10,02 Assault,021 Serious Assault,No,Yes,NT Balance,Unknown ,4
4/08/2026,2024,10,02 Assault,021 Serious Assault,Yes,No,Darwin,,23
4/08/2026,2024,10,02 Assault,021 Serious Assault,Yes,No,Palmerston,,15
4/08/2026,2024,10,02 Assault,021 Serious Assault,Yes,No,Alice Springs,,12
4/08/2026,2024,10,02 Assault,021 Serious Assault,Yes,No,Katherine,,8
4/08/2026,2024,10,02 Assault,021 Serious Assault,Yes,No,Tennant Creek,,6
4/08/2026,2024,10,02 Assault,021 Serious Assault,Yes,No,Nhulunbuy,,3
4/08/2026,2024,10,02 Assault,021 Serious Assault,Yes,No,NT Balance,East Arnhem,1
4/08/2026,2024,10,02 Assault,021 Serious Assault,Yes,No,NT Balance,Elsey,2
4/08/2026,2024,10,02 Assault,021 Serious Assault,Yes,No,NT Balance,Gulf,1
4/08/2026,2024,10,02 Assault,021 Serious Assault,Yes,No,NT Balance,Thamarrurr,1
4/08/2026,2024,10,02 Assault,021 Serious Assault,Yes,No,NT Balance,Victoria River,1
4/08/2026,2024,10,02 Assault,021 Serious Assault,Yes,No,NT Balance,Yuendumu - Anmatjere,2
4/08/2026,2024,10,02 Assault,021 Serious Assault,Yes,No,NT Balance,Unknown ,2
4/08/2026,2024,10,02 Assault,021 Serious Assault,Yes,Yes,Darwin,,60
4/08/2026,2024,10,02 Assault,021 Serious Assault,Yes,Yes,Palmerston,,30
4/08/2026,2024,10,02 Assault,021 Serious Assault,Yes,Yes,Alice Springs,,62
4/08/2026,2024,10,02 Assault,021 Serious Assault,Yes,Yes,Katherine,,44
4/08/2026,2024,10,02 Assault,021 Serious Assault,Yes,Yes,Tennant Creek,,28
4/08/2026,2024,10,02 Assault,021 Serious Assault,Yes,Yes,Nhulunbuy,,3
4/08/2026,2024,10,02 Assault,021 Serious Assault,Yes,Yes,NT Balance,Alligator,2
4/08/2026,2024,10,02 Assault,021 Serious Assault,Yes,Yes,NT Balance,Barkly,4
4/08/2026,2024,10,02 Assault,021 Serious Assault,Yes,Yes,NT Balance,Daly,1
4/08/2026,2024,10,02 Assault,021 Serious Assault,Yes,Yes,NT Balance,East Arnhem,1
4/08/2026,2024,10,02 Assault,021 Serious Assault,Yes,Yes,NT Balance,Elsey,2
4/08/2026,2024,10,02 Assault,021 Serious Assault,Yes,Yes,NT Balance,Gulf,7
4/08/2026,2024,10,02 Assault,021 Serious Assault,Yes,Yes,NT Balance,Humpty Doo,1
4/08/2026,2024,10,02 Assault,021 Serious Assault,Yes,Yes,NT Balance,Petermann - Simpson,2
4/08/2026,2024,10,02 Assault,021 Serious Assault,Yes,Yes,NT Balance,Sandover - Plenty,2
4/08/2026,2024,10,02 Assault,021 Serious Assault,Yes,Yes,NT Balance,Tanami,2
4/08/2026,2024,10,02 Assault,021 Serious Assault,Yes,Yes,NT Balance,Thamarrurr,14
4/08/2026,2024,10,02 Assault,021 Serious Assault,Yes,Yes,NT Balance,Tiwi Islands,2
4/08/2026,2024,10,02 Assault,021 Serious Assault,Yes,Yes,NT Balance,Victoria River,6
4/08/2026,2024,10,02 Assault,021 Serious Assault,Yes,Yes,NT Balance,West Arnhem,5
4/08/2026,2024,10,02 Assault,021 Serious Assault,Yes,Yes,NT Balance,Yuendumu - Anmatjere,2
4/08/2026,2024,10,02 Assault,021 Serious Assault,Yes,Yes,NT Balance,Unknown ,5
4/08/2026,2024,10,02 Assault,022 Assault of a prescribed officer,No,No,Darwin,,2
4/08/2026,2024,10,02 Assault,022 Assault of a prescribed officer,No,No,Palmerston,,1
4/08/2026,2024,10,02 Assault,022 Assault of a prescribed officer,No,No,Alice Springs,,5
4/08/2026,2024,10,02 Assault,022 Assault of a prescribed officer,No,No,NT Balance,Elsey,1
4/08/2026,2024,10,02 Assault,022 Assault of a prescribed officer,No,No,NT Balance,Thamarrurr,2
4/08/2026,2024,10,02 Assault,022 Assault of a prescribed officer,No,No,NT Balance,Tiwi Islands,2
4/08/2026,2024,10,02 Assault,022 Assault of a prescribed officer,No,No,NT Balance,Yuendumu - Anmatjere,1
4/08/2026,2024,10,02 Assault,022 Assault of a prescribed officer,No,Yes,NT Balance,Gulf,1
4/08/2026,2024,10,02 Assault,022 Assault of a prescribed officer,Yes,No,Palmerston,,2
4/08/2026,2024,10,02 Assault,022 Assault of a prescribed officer,Yes,No,Alice Springs,,2
4/08/2026,2024,10,02 Assault,022 Assault of a prescribed officer,Yes,No,Katherine,,4
4/08/2026,2024,10,02 Assault,022 Assault of a prescribed officer,Yes,No,NT Balance,Alligator,1
4/08/2026,2024,10,02 Assault,022 Assault of a prescribed officer,Yes,No,NT Balance,Elsey,1
4/08/2026,2024,10,02 Assault,022 Assault of a prescribed officer,Yes,No,NT Balance,Thamarrurr,1
4/08/2026,2024,10,02 Assault,022 Assault of a prescribed officer,Yes,Yes,Darwin,,2
4/08/2026,2024,10,02 Assault,022 Assault of a prescribed officer,Yes,Yes,Alice Springs,,1
4/08/2026,2024,10,02 Assault,022 Assault of a prescribed officer,Yes,Yes,Katherine,,1
4/08/2026,2024,10,02 Assault,022 Assault of a prescribed officer,Yes,Yes,Tennant Creek,,1
4/08/2026,2024,10,02 Assault,022 Assault of a prescribed officer,Yes,Yes,NT Balance,Tiwi Islands,1
4/08/2026,2024,10,02 Assault,023 Common Assault,No,No,Darwin,,23
4/08/2026,2024,10,02 Assault,023 Common Assault,No,No,Palmerston,,11
4/08/2026,2024,10,02 Assault,023 Common Assault,No,No,Alice Springs,,8
4/08/2026,2024,10,02 Assault,023 Common Assault,No,No,Katherine,,2
4/08/2026,2024,10,02 Assault,023 Common Assault,No,No,Tennant Creek,,1
4/08/2026,2024,10,02 Assault,023 Common Assault,No,No,NT Balance,Gulf,3
4/08/2026,2024,10,02 Assault,023 Common Assault,No,No,NT Balance,Howard Springs,3
4/08/2026,2024,10,02 Assault,023 Common Assault,No,No,NT Balance,Humpty Doo,1
4/08/2026,2024,10,02 Assault,023 Common Assault,No,No,NT Balance,Petermann - Simpson,1
4/08/2026,2024,10,02 Assault,023 Common Assault,No,No,NT Balance,Sandover - Plenty,3
4/08/2026,2024,10,02 Assault,023 Common Assault,No,No,NT Balance,Thamarrurr,1
4/08/2026,2024,10,02 Assault,023 Common Assault,No,No,NT Balance,Tiwi Islands,3
4/08/2026,2024,10,02 Assault,023 Common Assault,No,No,NT Balance,Virginia,1
4/08/2026,2024,10,02 Assault,023 Common Assault,No,Yes,Darwin,,7
4/08/2026,2024,10,02 Assault,023 Common Assault,No,Yes,Palmerston,,4
4/08/2026,2024,10,02 Assault,023 Common Assault,No,Yes,Alice Springs,,6
4/08/2026,2024,10,02 Assault,023 Common Assault,No,Yes,Nhulunbuy,,1
4/08/2026,2024,10,02 Assault,023 Common Assault,No,Yes,NT Balance,Alligator,1
4/08/2026,2024,10,02 Assault,023 Common Assault,No,Yes,NT Balance,Barkly,1
4/08/2026,2024,10,02 Assault,023 Common Assault,No,Yes,NT Balance,East Arnhem,6
4/08/2026,2024,10,02 Assault,023 Common Assault,No,Yes,NT Balance,Elsey,1
4/08/2026,2024,10,02 Assault,023 Common Assault,No,Yes,NT Balance,Gulf,2
4/08/2026,2024,10,02 Assault,023 Common Assault,No,Yes,NT Balance,Petermann - Simpson,1
4/08/2026,2024,10,02 Assault,023 Common Assault,No,Yes,NT Balance,Thamarrurr,2
4/08/2026,2024,10,02 Assault,023 Common Assault,No,Yes,NT Balance,West Arnhem,3
4/08/2026,2024,10,02 Assault,023 Common Assault,No,Yes,NT Balance,Unknown ,1
4/08/2026,2024,10,02 Assault,023 Common Assault,Yes,No,Darwin,,7
4/08/2026,2024,10,02 Assault,023 Common Assault,Yes,No,Palmerston,,6
4/08/2026,2024,10,02 Assault,023 Common Assault,Yes,No,Alice Springs,,2
4/08/2026,2024,10,02 Assault,023 Common Assault,Yes,No,Katherine,,1
4/08/2026,2024,10,02 Assault,023 Common Assault,Yes,No,Tennant Creek,,1
4/08/2026,2024,10,02 Assault,023 Common Assault,Yes,No,NT Balance,Alligator,1
4/08/2026,2024,10,02 Assault,023 Common Assault,Yes,No,NT Balance,Elsey,1
4/08/2026,2024,10,02 Assault,023 Common Assault,Yes,No,NT Balance,Howard Springs,1
4/08/2026,2024,10,02 Assault,023 Common Assault,Yes,Yes,Darwin,,7
4/08/2026,2024,10,02 Assault,023 Common Assault,Yes,Yes,Palmerston,,3
4/08/2026,2024,10,02 Assault,023 Common Assault,Yes,Yes,Alice Springs,,5
4/08/2026,2024,10,02 Assault,023 Common Assault,Yes,Yes,Katherine,,3
4/08/2026,2024,10,02 Assault,023 Common Assault,Yes,Yes,Tennant Creek,,2
4/08/2026,2024,10,02 Assault,023 Common Assault,Yes,Yes,Nhulunbuy,,1
4/08/2026,2024,10,02 Assault,023 Common Assault,Yes,Yes,NT Balance,Sandover - Plenty,1
4/08/2026,2024,10,02 Assault,023 Common Assault,Yes,Yes,NT Balance,Thamarrurr,1
4/08/2026,2024,10,02 Assault,023 Common Assault,Yes,Yes,NT Balance,West Arnhem,1
4/08/2026,2024,10,03 Sexual offences,031 Sexual assault of an adult,-,-,Darwin,,16
4/08/2026,2024,10,03 Sexual offences,031 Sexual assault of an adult,-,-,Palmerston,,2
4/08/2026,2024,10,03 Sexual offences,031 Sexual assault of an adult,-,-,Alice Springs,,12
4/08/2026,2024,10,03 Sexual offences,031 Sexual assault of an adult,-,-,Katherine,,2
4/08/2026,2024,10,03 Sexual offences,031 Sexual assault of an adult,-,-,NT Balance,East Arnhem,1
4/08/2026,2024,10,03 Sexual offences,031 Sexual assault of an adult,-,-,NT Balance,Elsey,1
4/08/2026,2024,10,03 Sexual offences,031 Sexual assault of an adult,-,-,NT Balance,Gulf,1
4/08/2026,2024,10,03 Sexual offences,031 Sexual assault of an adult,-,-,NT Balance,Howard Springs,1
4/08/2026,2024,10,03 Sexual offences,031 Sexual assault of an adult,-,-,NT Balance,Sandover - Plenty,1
4/08/2026,2024,10,03 Sexual offences,031 Sexual assault of an adult,-,-,NT Balance,Thamarrurr,2
4/08/2026,2024,10,03 Sexual offences,031 Sexual assault of an adult,-,-,NT Balance,West Arnhem,2
4/08/2026,2024,10,03 Sexual offences,031 Sexual assault of an adult,-,-,NT Balance,Unknown ,3
4/08/2026,2024,10,03 Sexual offences,032 Sexual assault of a child,-,-,Darwin,,1
4/08/2026,2024,10,03 Sexual offences,032 Sexual assault of a child,-,-,Palmerston,,2
4/08/2026,2024,10,03 Sexual offences,032 Sexual assault of a child,-,-,Alice Springs,,4
4/08/2026,2024,10,03 Sexual offences,032 Sexual assault of a child,-,-,Katherine,,1
4/08/2026,2024,10,03 Sexual offences,032 Sexual assault of a child,-,-,Tennant Creek,,1
4/08/2026,2024,10,03 Sexual offences,032 Sexual assault of a child,-,-,NT Balance,Alligator,1
4/08/2026,2024,10,03 Sexual offences,032 Sexual assault of a child,-,-,NT Balance,Thamarrurr,1
4/08/2026,2024,10,03 Sexual offences,"033, 034 Other child-related sexual offences",-,-,Darwin,,1
4/08/2026,2024,10,03 Sexual offences,"033, 034 Other child-related sexual offences",-,-,Palmerston,,1
4/08/2026,2024,10,03 Sexual offences,"033, 034 Other child-related sexual offences",-,-,NT Balance,East Arnhem,1
4/08/2026,2024,10,03 Sexual offences,"033, 034 Other child-related sexual offences",-,-,NT Balance,Howard Springs,1
4/08/2026,2024,10,03 Sexual offences,"035, 039 Other sexual offences",-,-,Darwin,,5
4/08/2026,2024,10,03 Sexual offences,"035, 039 Other sexual offences",-,-,Palmerston,,1
4/08/2026,2024,10,03 Sexual offences,"035, 039 Other sexual offences",-,-,Nhulunbuy,,2
4/08/2026,2024,10,03 Sexual offences,"035, 039 Other sexual offences",-,-,NT Balance,Thamarrurr,1
4/08/2026,2024,10,04 Harm or endanger persons,"041, 042, 043 Human trafficking, abduction, deprivation of liberty",-,-,Darwin,,2
4/08/2026,2024,10,04 Harm or endanger persons,"041, 042, 043 Human trafficking, abduction, deprivation of liberty",-,-,Katherine,,1
4/08/2026,2024,10,04 Harm or endanger persons,"041, 042, 043 Human trafficking, abduction, deprivation of liberty",-,-,NT Balance,Thamarrurr,1
4/08/2026,2024,10,04 Harm or endanger persons,"044 Acts that threaten, harass or control",-,-,Darwin,,8
4/08/2026,2024,10,04 Harm or endanger persons,"044 Acts that threaten, harass or control",-,-,Alice Springs,,12
4/08/2026,2024,10,04 Harm or endanger persons,"044 Acts that threaten, harass or control",-,-,Katherine,,7
4/08/2026,2024,10,04 Harm or endanger persons,"044 Acts that threaten, harass or control",-,-,Nhulunbuy,,1
4/08/2026,2024,10,04 Harm or endanger persons,"044 Acts that threaten, harass or control",-,-,NT Balance,Barkly,1
4/08/2026,2024,10,04 Harm or endanger persons,"044 Acts that threaten, harass or control",-,-,NT Balance,Daly,1
4/08/2026,2024,10,04 Harm or endanger persons,"044 Acts that threaten, harass or control",-,-,NT Balance,East Arnhem,1
4/08/2026,2024,10,04 Harm or endanger persons,"044 Acts that threaten, harass or control",-,-,NT Balance,Gulf,1
4/08/2026,2024,10,04 Harm or endanger persons,"044 Acts that threaten, harass or control",-,-,NT Balance,Howard Springs,1
4/08/2026,2024,10,04 Harm or endanger persons,"044 Acts that threaten, harass or control",-,-,NT Balance,Tanami,2
4/08/2026,2024,10,04 Harm or endanger persons,"044 Acts that threaten, harass or control",-,-,NT Balance,Thamarrurr,2
4/08/2026,2024,10,04 Harm or endanger persons,"044 Acts that threaten, harass or control",-,-,NT Balance,Victoria River,2
4/08/2026,2024,10,04 Harm or endanger persons,"044 Acts that threaten, harass or control",-,-,NT Balance,Virginia,2
4/08/2026,2024,10,04 Harm or endanger persons,"044 Acts that threaten, harass or control",-,-,NT Balance,Weddell,2
4/08/2026,2024,10,04 Harm or endanger persons,"044 Acts that threaten, harass or control",-,-,NT Balance,West Arnhem,3
4/08/2026,2024,10,04 Harm or endanger persons,"044 Acts that threaten, harass or control",-,-,NT Balance,Yuendumu - Anmatjere,2
4/08/2026,2024,10,04 Harm or endanger persons,"044 Acts that threaten, harass or control",-,-,NT Balance,Unknown ,1
4/08/2026,2024,10,04 Harm or endanger persons,045 Driving causing serious injury,-,-,Alice Springs,,1
4/08/2026,2024,10,04 Harm or endanger persons,049 Other acts that harm or endanger persons,-,-,Darwin,,5
4/08/2026,2024,10,04 Harm or endanger persons,049 Other acts that harm or endanger persons,-,-,Palmerston,,3
4/08/2026,2024,10,04 Harm or endanger persons,049 Other acts that harm or endanger persons,-,-,Alice Springs,,4
4/08/2026,2024,10,04 Harm or endanger persons,049 Other acts that harm or endanger persons,-,-,Katherine,,3
4/08/2026,2024,10,04 Harm or endanger persons,049 Other acts that harm or endanger persons,-,-,Tennant Creek,,2
4/08/2026,2024,10,04 Harm or endanger persons,049 Other acts that harm or endanger persons,-,-,NT Balance,Anindilyakwa,1
4/08/2026,2024,10,04 Harm or endanger persons,049 Other acts that harm or endanger persons,-,-,NT Balance,Daly,1
4/08/2026,2024,10,04 Harm or endanger persons,049 Other acts that harm or endanger persons,-,-,NT Balance,Petermann - Simpson,1
4/08/2026,2024,10,04 Harm or endanger persons,049 Other acts that harm or endanger persons,-,-,NT Balance,Tanami,1
4/08/2026,2024,10,04 Harm or endanger persons,049 Other acts that harm or endanger persons,-,-,NT Balance,Thamarrurr,5
4/08/2026,2024,10,04 Harm or endanger persons,049 Other acts that harm or endanger persons,-,-,NT Balance,Tiwi Islands,1
4/08/2026,2024,10,04 Harm or endanger persons,049 Other acts that harm or endanger persons,-,-,NT Balance,Victoria River,1
4/08/2026,2024,10,04 Harm or endanger persons,049 Other acts that harm or endanger persons,-,-,NT Balance,Unknown ,1
4/08/2026,2024,10,"05 Robbery, blackmail, and extortion",051 Robbery,-,-,Darwin,,13
4/08/2026,2024,10,"05 Robbery, blackmail, and extortion",051 Robbery,-,-,Palmerston,,3
4/08/2026,2024,10,"05 Robbery, blackmail, and extortion",051 Robbery,-,-,Alice Springs,,6
4/08/2026,2024,10,"05 Robbery, blackmail, and extortion",051 Robbery,-,-,Katherine,,5
4/08/2026,2024,10,"05 Robbery, blackmail, and extortion",051 Robbery,-,-,NT Balance,Gulf,1
4/08/2026,2024,10,"05 Robbery, blackmail, and extortion",051 Robbery,-,-,NT Balance,Thamarrurr,1
4/08/2026,2024,10,"05 Robbery, blackmail, and extortion",052 Blackmail or other extortion,-,-,NT Balance,Humpty Doo,1
4/08/2026,2024,10,061 Burglary - dwelling,"061 Burglary - dwelling (house break-ins), actual",-,-,Darwin,,67
4/08/2026,2024,10,061 Burglary - dwelling,"061 Burglary - dwelling (house break-ins), actual",-,-,Palmerston,,27
4/08/2026,2024,10,061 Burglary - dwelling,"061 Burglary - dwelling (house break-ins), actual",-,-,Alice Springs,,95
4/08/2026,2024,10,061 Burglary - dwelling,"061 Burglary - dwelling (house break-ins), actual",-,-,Katherine,,20
4/08/2026,2024,10,061 Burglary - dwelling,"061 Burglary - dwelling (house break-ins), actual",-,-,Tennant Creek,,14
4/08/2026,2024,10,061 Burglary - dwelling,"061 Burglary - dwelling (house break-ins), actual",-,-,Nhulunbuy,,4
4/08/2026,2024,10,061 Burglary - dwelling,"061 Burglary - dwelling (house break-ins), actual",-,-,NT Balance,Alligator,1
4/08/2026,2024,10,061 Burglary - dwelling,"061 Burglary - dwelling (house break-ins), actual",-,-,NT Balance,Anindilyakwa,1
4/08/2026,2024,10,061 Burglary - dwelling,"061 Burglary - dwelling (house break-ins), actual",-,-,NT Balance,Daly,3
4/08/2026,2024,10,061 Burglary - dwelling,"061 Burglary - dwelling (house break-ins), actual",-,-,NT Balance,East Arnhem,2
4/08/2026,2024,10,061 Burglary - dwelling,"061 Burglary - dwelling (house break-ins), actual",-,-,NT Balance,Gulf,1
4/08/2026,2024,10,061 Burglary - dwelling,"061 Burglary - dwelling (house break-ins), actual",-,-,NT Balance,Humpty Doo,3
4/08/2026,2024,10,061 Burglary - dwelling,"061 Burglary - dwelling (house break-ins), actual",-,-,NT Balance,Petermann - Simpson,1
4/08/2026,2024,10,061 Burglary - dwelling,"061 Burglary - dwelling (house break-ins), actual",-,-,NT Balance,Sandover - Plenty,1
4/08/2026,2024,10,061 Burglary - dwelling,"061 Burglary - dwelling (house break-ins), actual",-,-,NT Balance,Thamarrurr,1
4/08/2026,2024,10,061 Burglary - dwelling,"061 Burglary - dwelling (house break-ins), actual",-,-,NT Balance,Tiwi Islands,2
4/08/2026,2024,10,061 Burglary - dwelling,"061 Burglary - dwelling (house break-ins), actual",-,-,NT Balance,Victoria River,2
4/08/2026,2024,10,061 Burglary - dwelling,"061 Burglary - dwelling (house break-ins), actual",-,-,NT Balance,West Arnhem,1
4/08/2026,2024,10,061 Burglary - dwelling,"061 Burglary - dweling (house break-ins), attempted",-,-,Darwin,,6
4/08/2026,2024,10,061 Burglary - dwelling,"061 Burglary - dweling (house break-ins), attempted",-,-,Palmerston,,5
4/08/2026,2024,10,061 Burglary - dwelling,"061 Burglary - dweling (house break-ins), attempted",-,-,Alice Springs,,11
4/08/2026,2024,10,061 Burglary - dwelling,"061 Burglary - dweling (house break-ins), attempted",-,-,Katherine,,1
4/08/2026,2024,10,061 Burglary - dwelling,"061 Burglary - dweling (house break-ins), attempted",-,-,Tennant Creek,,2
4/08/2026,2024,10,061 Burglary - dwelling,"061 Burglary - dweling (house break-ins), attempted",-,-,NT Balance,Howard Springs,1
4/08/2026,2024,10,061 Burglary - dwelling,"061 Burglary - dweling (house break-ins), attempted",-,-,NT Balance,Tiwi Islands,1
4/08/2026,2024,10,062 Burglary - non-residential,"062 Burglary - non-residential (commercial break-ins), actual",-,-,Darwin,,22
4/08/2026,2024,10,062 Burglary - non-residential,"062 Burglary - non-residential (commercial break-ins), actual",-,-,Palmerston,,9
4/08/2026,2024,10,062 Burglary - non-residential,"062 Burglary - non-residential (commercial break-ins), actual",-,-,Alice Springs,,24
4/08/2026,2024,10,062 Burglary - non-residential,"062 Burglary - non-residential (commercial break-ins), actual",-,-,Katherine,,9
4/08/2026,2024,10,062 Burglary - non-residential,"062 Burglary - non-residential (commercial break-ins), actual",-,-,Tennant Creek,,2
4/08/2026,2024,10,062 Burglary - non-residential,"062 Burglary - non-residential (commercial break-ins), actual",-,-,Nhulunbuy,,2
4/08/2026,2024,10,062 Burglary - non-residential,"062 Burglary - non-residential (commercial break-ins), actual",-,-,NT Balance,Alligator,1
4/08/2026,2024,10,062 Burglary - non-residential,"062 Burglary - non-residential (commercial break-ins), actual",-,-,NT Balance,Anindilyakwa,1
4/08/2026,2024,10,062 Burglary - non-residential,"062 Burglary - non-residential (commercial break-ins), actual",-,-,NT Balance,Daly,7
4/08/2026,2024,10,062 Burglary - non-residential,"062 Burglary - non-residential (commercial break-ins), actual",-,-,NT Balance,East Arnhem,3
4/08/2026,2024,10,062 Burglary - non-residential,"062 Burglary - non-residential (commercial break-ins), actual",-,-,NT Balance,Elsey,1
4/08/2026,2024,10,062 Burglary - non-residential,"062 Burglary - non-residential (commercial break-ins), actual",-,-,NT Balance,Gulf,4
4/08/2026,2024,10,062 Burglary - non-residential,"062 Burglary - non-residential (commercial break-ins), actual",-,-,NT Balance,Howard Springs,3
4/08/2026,2024,10,062 Burglary - non-residential,"062 Burglary - non-residential (commercial break-ins), actual",-,-,NT Balance,Victoria River,1
4/08/2026,2024,10,062 Burglary - non-residential,"062 Burglary - non-residential (commercial break-ins), actual",-,-,NT Balance,Weddell,1
4/08/2026,2024,10,062 Burglary - non-residential,"062 Burglary - non-residential (commercial break-ins), actual",-,-,NT Balance,West Arnhem,4
4/08/2026,2024,10,062 Burglary - non-residential,"062 Burglary - non-residential (commercial break-ins), actual",-,-,NT Balance,Unknown ,1
4/08/2026,2024,10,062 Burglary - non-residential,"062 Burglary - non-residential (commercial break-ins), attempted",-,-,Darwin,,5
4/08/2026,2024,10,062 Burglary - non-residential,"062 Burglary - non-residential (commercial break-ins), attempted",-,-,Palmerston,,1
4/08/2026,2024,10,062 Burglary - non-residential,"062 Burglary - non-residential (commercial break-ins), attempted",-,-,Alice Springs,,3
4/08/2026,2024,10,062 Burglary - non-residential,"062 Burglary - non-residential (commercial break-ins), attempted",-,-,Katherine,,1
4/08/2026,2024,10,062 Burglary - non-residential,"062 Burglary - non-residential (commercial break-ins), attempted",-,-,NT Balance,Gulf,1
4/08/2026,2024,10,062 Burglary - non-residential,"062 Burglary - non-residential (commercial break-ins), attempted",-,-,NT Balance,Humpty Doo,1
4/08/2026,2024,10,07 Theft,071 Motor vehicle theft and related offences,-,-,Darwin,,26
4/08/2026,2024,10,07 Theft,071 Motor vehicle theft and related offences,-,-,Palmerston,,11
4/08/2026,2024,10,07 Theft,071 Motor vehicle theft and related offences,-,-,Alice Springs,,9
4/08/2026,2024,10,07 Theft,071 Motor vehicle theft and related offences,-,-,Katherine,,2
4/08/2026,2024,10,07 Theft,071 Motor vehicle theft and related offences,-,-,NT Balance,Daly,1
4/08/2026,2024,10,07 Theft,071 Motor vehicle theft and related offences,-,-,NT Balance,East Arnhem,1
4/08/2026,2024,10,07 Theft,071 Motor vehicle theft and related offences,-,-,NT Balance,Howard Springs,1
4/08/2026,2024,10,07 Theft,071 Motor vehicle theft and related offences,-,-,NT Balance,Humpty Doo,1
4/08/2026,2024,10,07 Theft,071 Motor vehicle theft and related offences,-,-,NT Balance,Sandover - Plenty,1
4/08/2026,2024,10,07 Theft,071 Motor vehicle theft and related offences,-,-,NT Balance,Thamarrurr,1
4/08/2026,2024,10,07 Theft,071 Motor vehicle theft and related offences,-,-,NT Balance,Virginia,1
4/08/2026,2024,10,07 Theft,071 Motor vehicle theft and related offences,-,-,NT Balance,Weddell,2
4/08/2026,2024,10,07 Theft,07* Other theft,-,-,Darwin,,276
4/08/2026,2024,10,07 Theft,07* Other theft,-,-,Palmerston,,106
4/08/2026,2024,10,07 Theft,07* Other theft,-,-,Alice Springs,,141
4/08/2026,2024,10,07 Theft,07* Other theft,-,-,Katherine,,29
4/08/2026,2024,10,07 Theft,07* Other theft,-,-,Tennant Creek,,20
4/08/2026,2024,10,07 Theft,07* Other theft,-,-,Nhulunbuy,,8
4/08/2026,2024,10,07 Theft,07* Other theft,-,-,NT Balance,Alligator,8
4/08/2026,2024,10,07 Theft,07* Other theft,-,-,NT Balance,Barkly,1
4/08/2026,2024,10,07 Theft,07* Other theft,-,-,NT Balance,Daly,7
4/08/2026,2024,10,07 Theft,07* Other theft,-,-,NT Balance,East Arnhem,7
4/08/2026,2024,10,07 Theft,07* Other theft,-,-,NT Balance,Gulf,3
4/08/2026,2024,10,07 Theft,07* Other theft,-,-,NT Balance,Howard Springs,16
4/08/2026,2024,10,07 Theft,07* Other theft,-,-,NT Balance,Humpty Doo,8
4/08/2026,2024,10,07 Theft,07* Other theft,-,-,NT Balance,Petermann - Simpson,2
4/08/2026,2024,10,07 Theft,07* Other theft,-,-,NT Balance,Sandover - Plenty,2
4/08/2026,2024,10,07 Theft,07* Other theft,-,-,NT Balance,Tanami,2
4/08/2026,2024,10,07 Theft,07* Other theft,-,-,NT Balance,Thamarrurr,2
4/08/2026,2024,10,07 Theft,07* Other theft,-,-,NT Balance,Tiwi Islands,5
4/08/2026,2024,10,07 Theft,07* Other theft,-,-,NT Balance,Victoria River,2
4/08/2026,2024,10,07 Theft,07* Other theft,-,-,NT Balance,Virginia,14
4/08/2026,2024,10,07 Theft,07* Other theft,-,-,NT Balance,Weddell,9
4/08/2026,2024,10,07 Theft,07* Other theft,-,-,NT Balance,West Arnhem,4
4/08/2026,2024,10,07 Theft,07* Other theft,-,-,NT Balance,Yuendumu - Anmatjere,1
4/08/2026,2024,10,07 Theft,07* Other theft,-,-,NT Balance,Unknown ,7
4/08/2026,2024,10,11 Property damage offences,11 Property damage offences,-,-,Darwin,,186
4/08/2026,2024,10,11 Property damage offences,11 Property damage offences,-,-,Palmerston,,62
4/08/2026,2024,10,11 Property damage offences,11 Property damage offences,-,-,Alice Springs,,243
4/08/2026,2024,10,11 Property damage offences,11 Property damage offences,-,-,Katherine,,33
4/08/2026,2024,10,11 Property damage offences,11 Property damage offences,-,-,Tennant Creek,,24
4/08/2026,2024,10,11 Property damage offences,11 Property damage offences,-,-,Nhulunbuy,,8
4/08/2026,2024,10,11 Property damage offences,11 Property damage offences,-,-,NT Balance,Alligator,5
4/08/2026,2024,10,11 Property damage offences,11 Property damage offences,-,-,NT Balance,Anindilyakwa,3
4/08/2026,2024,10,11 Property damage offences,11 Property damage offences,-,-,NT Balance,Barkly,3
4/08/2026,2024,10,11 Property damage offences,11 Property damage offences,-,-,NT Balance,Daly,7
4/08/2026,2024,10,11 Property damage offences,11 Property damage offences,-,-,NT Balance,East Arnhem,16
4/08/2026,2024,10,11 Property damage offences,11 Property damage offences,-,-,NT Balance,Elsey,2
4/08/2026,2024,10,11 Property damage offences,11 Property damage offences,-,-,NT Balance,Gulf,2
4/08/2026,2024,10,11 Property damage offences,11 Property damage offences,-,-,NT Balance,Howard Springs,6
4/08/2026,2024,10,11 Property damage offences,11 Property damage offences,-,-,NT Balance,Humpty Doo,4
4/08/2026,2024,10,11 Property damage offences,11 Property damage offences,-,-,NT Balance,Petermann - Simpson,3
4/08/2026,2024,10,11 Property damage offences,11 Property damage offences,-,-,NT Balance,Sandover - Plenty,5
4/08/2026,2024,10,11 Property damage offences,11 Property damage offences,-,-,NT Balance,Tanami,2
4/08/2026,2024,10,11 Property damage offences,11 Property damage offences,-,-,NT Balance,Thamarrurr,11
4/08/2026,2024,10,11 Property damage offences,11 Property damage offences,-,-,NT Balance,Tiwi Islands,3
4/08/2026,2024,10,11 Property damage offences,11 Property damage offences,-,-,NT Balance,Victoria River,5
4/08/2026,2024,10,11 Property damage offences,11 Property damage offences,-,-,NT Balance,Virginia,2
4/08/2026,2024,10,11 Property damage offences,11 Property damage offences,-,-,NT Balance,Weddell,3
4/08/2026,2024,10,11 Property damage offences,11 Property damage offences,-,-,NT Balance,West Arnhem,13
4/08/2026,2024,10,11 Property damage offences,11 Property damage offences,-,-,NT Balance,Yuendumu - Anmatjere,4
4/08/2026,2024,10,11 Property damage offences,11 Property damage offences,-,-,NT Balance,Unknown ,14
4/08/2026,2024,10,11 Property damage offences,11 Property damage offences,-,-,Unknown,Unknown,1
4/08/2026,2024,11,01 Homicide,0132 Driving causing death,-,-,Darwin,,1
4/08/2026,2024,11,01 Homicide,0132 Driving causing death,-,-,Palmerston,,1
4/08/2026,2024,11,01 Homicide,0132 Driving causing death,-,-,NT Balance,Thamarrurr,1
4/08/2026,2024,11,02 Assault,021 Serious Assault,No,No,Darwin,,45
4/08/2026,2024,11,02 Assault,021 Serious Assault,No,No,Palmerston,,8
4/08/2026,2024,11,02 Assault,021 Serious Assault,No,No,Alice Springs,,27
4/08/2026,2024,11,02 Assault,021 Serious Assault,No,No,Katherine,,5
4/08/2026,2024,11,02 Assault,021 Serious Assault,No,No,Tennant Creek,,2
4/08/2026,2024,11,02 Assault,021 Serious Assault,No,No,Nhulunbuy,,2
4/08/2026,2024,11,02 Assault,021 Serious Assault,No,No,NT Balance,Alligator,1
4/08/2026,2024,11,02 Assault,021 Serious Assault,No,No,NT Balance,Barkly,3
4/08/2026,2024,11,02 Assault,021 Serious Assault,No,No,NT Balance,Daly,1
4/08/2026,2024,11,02 Assault,021 Serious Assault,No,No,NT Balance,East Arnhem,1
4/08/2026,2024,11,02 Assault,021 Serious Assault,No,No,NT Balance,Elsey,3
4/08/2026,2024,11,02 Assault,021 Serious Assault,No,No,NT Balance,Gulf,2
4/08/2026,2024,11,02 Assault,021 Serious Assault,No,No,NT Balance,Howard Springs,15
4/08/2026,2024,11,02 Assault,021 Serious Assault,No,No,NT Balance,Humpty Doo,3
4/08/2026,2024,11,02 Assault,021 Serious Assault,No,No,NT Balance,Petermann - Simpson,1
4/08/2026,2024,11,02 Assault,021 Serious Assault,No,No,NT Balance,Sandover - Plenty,2
4/08/2026,2024,11,02 Assault,021 Serious Assault,No,No,NT Balance,Tanami,1
4/08/2026,2024,11,02 Assault,021 Serious Assault,No,No,NT Balance,Thamarrurr,5
4/08/2026,2024,11,02 Assault,021 Serious Assault,No,No,NT Balance,Tiwi Islands,2
4/08/2026,2024,11,02 Assault,021 Serious Assault,No,No,NT Balance,Victoria River,1
4/08/2026,2024,11,02 Assault,021 Serious Assault,No,No,NT Balance,Virginia,3
4/08/2026,2024,11,02 Assault,021 Serious Assault,No,No,NT Balance,West Arnhem,2
4/08/2026,2024,11,02 Assault,021 Serious Assault,No,No,NT Balance,Unknown ,3
4/08/2026,2024,11,02 Assault,021 Serious Assault,No,Yes,Darwin,,52
4/08/2026,2024,11,02 Assault,021 Serious Assault,No,Yes,Palmerston,,19
4/08/2026,2024,11,02 Assault,021 Serious Assault,No,Yes,Alice Springs,,50
4/08/2026,2024,11,02 Assault,021 Serious Assault,No,Yes,Katherine,,23
4/08/2026,2024,11,02 Assault,021 Serious Assault,No,Yes,Tennant Creek,,7
4/08/2026,2024,11,02 Assault,021 Serious Assault,No,Yes,Nhulunbuy,,2
4/08/2026,2024,11,02 Assault,021 Serious Assault,No,Yes,NT Balance,Alligator,2
4/08/2026,2024,11,02 Assault,021 Serious Assault,No,Yes,NT Balance,Anindilyakwa,5
4/08/2026,2024,11,02 Assault,021 Serious Assault,No,Yes,NT Balance,Barkly,5
4/08/2026,2024,11,02 Assault,021 Serious Assault,No,Yes,NT Balance,Daly,1
4/08/2026,2024,11,02 Assault,021 Serious Assault,No,Yes,NT Balance,East Arnhem,18
4/08/2026,2024,11,02 Assault,021 Serious Assault,No,Yes,NT Balance,Elsey,3
4/08/2026,2024,11,02 Assault,021 Serious Assault,No,Yes,NT Balance,Gulf,16
4/08/2026,2024,11,02 Assault,021 Serious Assault,No,Yes,NT Balance,Howard Springs,1
4/08/2026,2024,11,02 Assault,021 Serious Assault,No,Yes,NT Balance,Humpty Doo,3
4/08/2026,2024,11,02 Assault,021 Serious Assault,No,Yes,NT Balance,Petermann - Simpson,8
4/08/2026,2024,11,02 Assault,021 Serious Assault,No,Yes,NT Balance,Sandover - Plenty,3
4/08/2026,2024,11,02 Assault,021 Serious Assault,No,Yes,NT Balance,Tanami,12
4/08/2026,2024,11,02 Assault,021 Serious Assault,No,Yes,NT Balance,Thamarrurr,22
4/08/2026,2024,11,02 Assault,021 Serious Assault,No,Yes,NT Balance,Tiwi Islands,6
4/08/2026,2024,11,02 Assault,021 Serious Assault,No,Yes,NT Balance,Victoria River,7
4/08/2026,2024,11,02 Assault,021 Serious Assault,No,Yes,NT Balance,Virginia,3
4/08/2026,2024,11,02 Assault,021 Serious Assault,No,Yes,NT Balance,Weddell,1
4/08/2026,2024,11,02 Assault,021 Serious Assault,No,Yes,NT Balance,West Arnhem,12
4/08/2026,2024,11,02 Assault,021 Serious Assault,No,Yes,NT Balance,Yuendumu - Anmatjere,6
4/08/2026,2024,11,02 Assault,021 Serious Assault,No,Yes,NT Balance,Unknown ,5
4/08/2026,2024,11,02 Assault,021 Serious Assault,Yes,No,Darwin,,17
4/08/2026,2024,11,02 Assault,021 Serious Assault,Yes,No,Palmerston,,10
4/08/2026,2024,11,02 Assault,021 Serious Assault,Yes,No,Alice Springs,,23
4/08/2026,2024,11,02 Assault,021 Serious Assault,Yes,No,Katherine,,7
4/08/2026,2024,11,02 Assault,021 Serious Assault,Yes,No,Tennant Creek,,1
4/08/2026,2024,11,02 Assault,021 Serious Assault,Yes,No,Nhulunbuy,,5
4/08/2026,2024,11,02 Assault,021 Serious Assault,Yes,No,NT Balance,Alligator,3
4/08/2026,2024,11,02 Assault,021 Serious Assault,Yes,No,NT Balance,Barkly,3
4/08/2026,2024,11,02 Assault,021 Serious Assault,Yes,No,NT Balance,Daly,2
4/08/2026,2024,11,02 Assault,021 Serious Assault,Yes,No,NT Balance,Sandover - Plenty,1
4/08/2026,2024,11,02 Assault,021 Serious Assault,Yes,No,NT Balance,Tiwi Islands,4
4/08/2026,2024,11,02 Assault,021 Serious Assault,Yes,No,NT Balance,West Arnhem,2
4/08/2026,2024,11,02 Assault,021 Serious Assault,Yes,No,NT Balance,Unknown ,2
4/08/2026,2024,11,02 Assault,021 Serious Assault,Yes,Yes,Darwin,,62
4/08/2026,2024,11,02 Assault,021 Serious Assault,Yes,Yes,Palmerston,,33
4/08/2026,2024,11,02 Assault,021 Serious Assault,Yes,Yes,Alice Springs,,56
4/08/2026,2024,11,02 Assault,021 Serious Assault,Yes,Yes,Katherine,,49
4/08/2026,2024,11,02 Assault,021 Serious Assault,Yes,Yes,Tennant Creek,,17
4/08/2026,2024,11,02 Assault,021 Serious Assault,Yes,Yes,Nhulunbuy,,4
4/08/2026,2024,11,02 Assault,021 Serious Assault,Yes,Yes,NT Balance,Alligator,7
4/08/2026,2024,11,02 Assault,021 Serious Assault,Yes,Yes,NT Balance,Barkly,5
4/08/2026,2024,11,02 Assault,021 Serious Assault,Yes,Yes,NT Balance,Daly,5
4/08/2026,2024,11,02 Assault,021 Serious Assault,Yes,Yes,NT Balance,East Arnhem,4
4/08/2026,2024,11,02 Assault,021 Serious Assault,Yes,Yes,NT Balance,Elsey,3
4/08/2026,2024,11,02 Assault,021 Serious Assault,Yes,Yes,NT Balance,Gulf,8
4/08/2026,2024,11,02 Assault,021 Serious Assault,Yes,Yes,NT Balance,Humpty Doo,1
4/08/2026,2024,11,02 Assault,021 Serious Assault,Yes,Yes,NT Balance,Petermann - Simpson,1
4/08/2026,2024,11,02 Assault,021 Serious Assault,Yes,Yes,NT Balance,Sandover - Plenty,2
4/08/2026,2024,11,02 Assault,021 Serious Assault,Yes,Yes,NT Balance,Tanami,6
4/08/2026,2024,11,02 Assault,021 Serious Assault,Yes,Yes,NT Balance,Thamarrurr,10
4/08/2026,2024,11,02 Assault,021 Serious Assault,Yes,Yes,NT Balance,Tiwi Islands,3
4/08/2026,2024,11,02 Assault,021 Serious Assault,Yes,Yes,NT Balance,Victoria River,5
4/08/2026,2024,11,02 Assault,021 Serious Assault,Yes,Yes,NT Balance,West Arnhem,5
4/08/2026,2024,11,02 Assault,021 Serious Assault,Yes,Yes,NT Balance,Yuendumu - Anmatjere,2
4/08/2026,2024,11,02 Assault,021 Serious Assault,Yes,Yes,NT Balance,Unknown ,3
4/08/2026,2024,11,02 Assault,022 Assault of a prescribed officer,No,No,Darwin,,4
4/08/2026,2024,11,02 Assault,022 Assault of a prescribed officer,No,No,Palmerston,,4
4/08/2026,2024,11,02 Assault,022 Assault of a prescribed officer,No,No,Alice Springs,,2
4/08/2026,2024,11,02 Assault,022 Assault of a prescribed officer,No,No,Nhulunbuy,,2
4/08/2026,2024,11,02 Assault,022 Assault of a prescribed officer,No,No,NT Balance,West Arnhem,1
4/08/2026,2024,11,02 Assault,022 Assault of a prescribed officer,No,Yes,NT Balance,Gulf,1
4/08/2026,2024,11,02 Assault,022 Assault of a prescribed officer,Yes,No,Darwin,,5
4/08/2026,2024,11,02 Assault,022 Assault of a prescribed officer,Yes,No,Palmerston,,1
4/08/2026,2024,11,02 Assault,022 Assault of a prescribed officer,Yes,No,Alice Springs,,2
4/08/2026,2024,11,02 Assault,022 Assault of a prescribed officer,Yes,No,Katherine,,2
4/08/2026,2024,11,02 Assault,022 Assault of a prescribed officer,Yes,No,Tennant Creek,,2
4/08/2026,2024,11,02 Assault,022 Assault of a prescribed officer,Yes,No,NT Balance,Daly,1
4/08/2026,2024,11,02 Assault,022 Assault of a prescribed officer,Yes,Yes,Darwin,,1
4/08/2026,2024,11,02 Assault,022 Assault of a prescribed officer,Yes,Yes,Palmerston,,1
4/08/2026,2024,11,02 Assault,022 Assault of a prescribed officer,Yes,Yes,Alice Springs,,4
4/08/2026,2024,11,02 Assault,022 Assault of a prescribed officer,Yes,Yes,NT Balance,Petermann - Simpson,1
4/08/2026,2024,11,02 Assault,023 Common Assault,No,No,Darwin,,22
4/08/2026,2024,11,02 Assault,023 Common Assault,No,No,Palmerston,,9
4/08/2026,2024,11,02 Assault,023 Common Assault,No,No,Alice Springs,,14
4/08/2026,2024,11,02 Assault,023 Common Assault,No,No,Katherine,,4
4/08/2026,2024,11,02 Assault,023 Common Assault,No,No,Tennant Creek,,3
4/08/2026,2024,11,02 Assault,023 Common Assault,No,No,Nhulunbuy,,1
4/08/2026,2024,11,02 Assault,023 Common Assault,No,No,NT Balance,Anindilyakwa,2
4/08/2026,2024,11,02 Assault,023 Common Assault,No,No,NT Balance,Howard Springs,7
4/08/2026,2024,11,02 Assault,023 Common Assault,No,No,NT Balance,Humpty Doo,1
4/08/2026,2024,11,02 Assault,023 Common Assault,No,No,NT Balance,Sandover - Plenty,4
4/08/2026,2024,11,02 Assault,023 Common Assault,No,No,NT Balance,Tanami,2
4/08/2026,2024,11,02 Assault,023 Common Assault,No,No,NT Balance,Thamarrurr,2
4/08/2026,2024,11,02 Assault,023 Common Assault,No,No,NT Balance,Weddell,1
4/08/2026,2024,11,02 Assault,023 Common Assault,No,No,NT Balance,West Arnhem,2
4/08/2026,2024,11,02 Assault,023 Common Assault,No,No,NT Balance,Unknown ,1
4/08/2026,2024,11,02 Assault,023 Common Assault,No,Yes,Darwin,,7
4/08/2026,2024,11,02 Assault,023 Common Assault,No,Yes,Palmerston,,5
4/08/2026,2024,11,02 Assault,023 Common Assault,No,Yes,Alice Springs,,2
4/08/2026,2024,11,02 Assault,023 Common Assault,No,Yes,Tennant Creek,,1
4/08/2026,2024,11,02 Assault,023 Common Assault,No,Yes,Nhulunbuy,,1
4/08/2026,2024,11,02 Assault,023 Common Assault,No,Yes,NT Balance,Sandover - Plenty,1
4/08/2026,2024,11,02 Assault,023 Common Assault,No,Yes,NT Balance,Thamarrurr,2
4/08/2026,2024,11,02 Assault,023 Common Assault,No,Yes,NT Balance,Victoria River,1
4/08/2026,2024,11,02 Assault,023 Common Assault,No,Yes,NT Balance,West Arnhem,2
4/08/2026,2024,11,02 Assault,023 Common Assault,Yes,No,Darwin,,7
4/08/2026,2024,11,02 Assault,023 Common Assault,Yes,No,Palmerston,,4
4/08/2026,2024,11,02 Assault,023 Common Assault,Yes,No,Alice Springs,,6
4/08/2026,2024,11,02 Assault,023 Common Assault,Yes,No,Katherine,,5
4/08/2026,2024,11,02 Assault,023 Common Assault,Yes,No,Tennant Creek,,5
4/08/2026,2024,11,02 Assault,023 Common Assault,Yes,No,Nhulunbuy,,2
4/08/2026,2024,11,02 Assault,023 Common Assault,Yes,No,NT Balance,Petermann - Simpson,1
4/08/2026,2024,11,02 Assault,023 Common Assault,Yes,No,NT Balance,Thamarrurr,1
4/08/2026,2024,11,02 Assault,023 Common Assault,Yes,No,NT Balance,Tiwi Islands,1
4/08/2026,2024,11,02 Assault,023 Common Assault,Yes,No,NT Balance,Virginia,1
4/08/2026,2024,11,02 Assault,023 Common Assault,Yes,Yes,Darwin,,8
4/08/2026,2024,11,02 Assault,023 Common Assault,Yes,Yes,Palmerston,,7
4/08/2026,2024,11,02 Assault,023 Common Assault,Yes,Yes,Alice Springs,,7
4/08/2026,2024,11,02 Assault,023 Common Assault,Yes,Yes,Katherine,,1
4/08/2026,2024,11,02 Assault,023 Common Assault,Yes,Yes,Tennant Creek,,2
4/08/2026,2024,11,02 Assault,023 Common Assault,Yes,Yes,Nhulunbuy,,1
4/08/2026,2024,11,02 Assault,023 Common Assault,Yes,Yes,NT Balance,Elsey,2
4/08/2026,2024,11,02 Assault,023 Common Assault,Yes,Yes,NT Balance,Gulf,2
4/08/2026,2024,11,02 Assault,023 Common Assault,Yes,Yes,NT Balance,Thamarrurr,2
4/08/2026,2024,11,02 Assault,023 Common Assault,Yes,Yes,NT Balance,West Arnhem,1
4/08/2026,2024,11,02 Assault,023 Common Assault,Yes,Yes,NT Balance,Unknown ,1
4/08/2026,2024,11,03 Sexual offences,031 Sexual assault of an adult,-,-,Darwin,,16
4/08/2026,2024,11,03 Sexual offences,031 Sexual assault of an adult,-,-,Palmerston,,7
4/08/2026,2024,11,03 Sexual offences,031 Sexual assault of an adult,-,-,Alice Springs,,10
4/08/2026,2024,11,03 Sexual offences,031 Sexual assault of an adult,-,-,Katherine,,3
4/08/2026,2024,11,03 Sexual offences,031 Sexual assault of an adult,-,-,Tennant Creek,,1
4/08/2026,2024,11,03 Sexual offences,031 Sexual assault of an adult,-,-,NT Balance,Anindilyakwa,1
4/08/2026,2024,11,03 Sexual offences,031 Sexual assault of an adult,-,-,NT Balance,Gulf,3
4/08/2026,2024,11,03 Sexual offences,031 Sexual assault of an adult,-,-,NT Balance,Petermann - Simpson,1
4/08/2026,2024,11,03 Sexual offences,031 Sexual assault of an adult,-,-,NT Balance,Tiwi Islands,1
4/08/2026,2024,11,03 Sexual offences,031 Sexual assault of an adult,-,-,NT Balance,Virginia,1
4/08/2026,2024,11,03 Sexual offences,031 Sexual assault of an adult,-,-,NT Balance,Unknown ,1
4/08/2026,2024,11,03 Sexual offences,032 Sexual assault of a child,-,-,Darwin,,3
4/08/2026,2024,11,03 Sexual offences,032 Sexual assault of a child,-,-,Palmerston,,1
4/08/2026,2024,11,03 Sexual offences,032 Sexual assault of a child,-,-,Alice Springs,,3
4/08/2026,2024,11,03 Sexual offences,032 Sexual assault of a child,-,-,Katherine,,1
4/08/2026,2024,11,03 Sexual offences,032 Sexual assault of a child,-,-,Tennant Creek,,1
4/08/2026,2024,11,03 Sexual offences,032 Sexual assault of a child,-,-,NT Balance,Barkly,1
4/08/2026,2024,11,03 Sexual offences,032 Sexual assault of a child,-,-,NT Balance,Elsey,1
4/08/2026,2024,11,03 Sexual offences,032 Sexual assault of a child,-,-,NT Balance,Tanami,1
4/08/2026,2024,11,03 Sexual offences,032 Sexual assault of a child,-,-,NT Balance,Thamarrurr,1
4/08/2026,2024,11,03 Sexual offences,032 Sexual assault of a child,-,-,NT Balance,Victoria River,1
4/08/2026,2024,11,03 Sexual offences,032 Sexual assault of a child,-,-,NT Balance,Virginia,1
4/08/2026,2024,11,03 Sexual offences,032 Sexual assault of a child,-,-,NT Balance,Yuendumu - Anmatjere,1
4/08/2026,2024,11,03 Sexual offences,032 Sexual assault of a child,-,-,Unknown,Unknown,1
4/08/2026,2024,11,03 Sexual offences,"033, 034 Other child-related sexual offences",-,-,Darwin,,2
4/08/2026,2024,11,03 Sexual offences,"033, 034 Other child-related sexual offences",-,-,Palmerston,,3
4/08/2026,2024,11,03 Sexual offences,"033, 034 Other child-related sexual offences",-,-,Katherine,,3
4/08/2026,2024,11,03 Sexual offences,"033, 034 Other child-related sexual offences",-,-,NT Balance,Victoria River,1
4/08/2026,2024,11,03 Sexual offences,"035, 039 Other sexual offences",-,-,Darwin,,1
4/08/2026,2024,11,03 Sexual offences,"035, 039 Other sexual offences",-,-,Alice Springs,,1
4/08/2026,2024,11,03 Sexual offences,"035, 039 Other sexual offences",-,-,Katherine,,1
4/08/2026,2024,11,04 Harm or endanger persons,"041, 042, 043 Human trafficking, abduction, deprivation of liberty",-,-,Darwin,,5
4/08/2026,2024,11,04 Harm or endanger persons,"041, 042, 043 Human trafficking, abduction, deprivation of liberty",-,-,Palmerston,,1
4/08/2026,2024,11,04 Harm or endanger persons,"041, 042, 043 Human trafficking, abduction, deprivation of liberty",-,-,Alice Springs,,1
4/08/2026,2024,11,04 Harm or endanger persons,"041, 042, 043 Human trafficking, abduction, deprivation of liberty",-,-,Katherine,,1
4/08/2026,2024,11,04 Harm or endanger persons,"041, 042, 043 Human trafficking, abduction, deprivation of liberty",-,-,NT Balance,Anindilyakwa,1
4/08/2026,2024,11,04 Harm or endanger persons,"041, 042, 043 Human trafficking, abduction, deprivation of liberty",-,-,NT Balance,Elsey,1
4/08/2026,2024,11,04 Harm or endanger persons,"041, 042, 043 Human trafficking, abduction, deprivation of liberty",-,-,NT Balance,Gulf,2
4/08/2026,2024,11,04 Harm or endanger persons,"041, 042, 043 Human trafficking, abduction, deprivation of liberty",-,-,NT Balance,Virginia,2
4/08/2026,2024,11,04 Harm or endanger persons,"044 Acts that threaten, harass or control",-,-,Darwin,,19
4/08/2026,2024,11,04 Harm or endanger persons,"044 Acts that threaten, harass or control",-,-,Palmerston,,11
4/08/2026,2024,11,04 Harm or endanger persons,"044 Acts that threaten, harass or control",-,-,Alice Springs,,11
4/08/2026,2024,11,04 Harm or endanger persons,"044 Acts that threaten, harass or control",-,-,Katherine,,3
4/08/2026,2024,11,04 Harm or endanger persons,"044 Acts that threaten, harass or control",-,-,Nhulunbuy,,1
4/08/2026,2024,11,04 Harm or endanger persons,"044 Acts that threaten, harass or control",-,-,NT Balance,Anindilyakwa,1
4/08/2026,2024,11,04 Harm or endanger persons,"044 Acts that threaten, harass or control",-,-,NT Balance,Barkly,1
4/08/2026,2024,11,04 Harm or endanger persons,"044 Acts that threaten, harass or control",-,-,NT Balance,East Arnhem,2
4/08/2026,2024,11,04 Harm or endanger persons,"044 Acts that threaten, harass or control",-,-,NT Balance,Gulf,1
4/08/2026,2024,11,04 Harm or endanger persons,"044 Acts that threaten, harass or control",-,-,NT Balance,Humpty Doo,2
4/08/2026,2024,11,04 Harm or endanger persons,"044 Acts that threaten, harass or control",-,-,NT Balance,Petermann - Simpson,1
4/08/2026,2024,11,04 Harm or endanger persons,"044 Acts that threaten, harass or control",-,-,NT Balance,Sandover - Plenty,1
4/08/2026,2024,11,04 Harm or endanger persons,"044 Acts that threaten, harass or control",-,-,NT Balance,Tanami,1
4/08/2026,2024,11,04 Harm or endanger persons,"044 Acts that threaten, harass or control",-,-,NT Balance,Thamarrurr,3
4/08/2026,2024,11,04 Harm or endanger persons,"044 Acts that threaten, harass or control",-,-,NT Balance,Victoria River,2
4/08/2026,2024,11,04 Harm or endanger persons,"044 Acts that threaten, harass or control",-,-,NT Balance,Virginia,1
4/08/2026,2024,11,04 Harm or endanger persons,"044 Acts that threaten, harass or control",-,-,NT Balance,West Arnhem,1
4/08/2026,2024,11,04 Harm or endanger persons,"044 Acts that threaten, harass or control",-,-,NT Balance,Yuendumu - Anmatjere,3
4/08/2026,2024,11,04 Harm or endanger persons,"044 Acts that threaten, harass or control",-,-,NT Balance,Unknown ,1
4/08/2026,2024,11,04 Harm or endanger persons,049 Other acts that harm or endanger persons,-,-,Darwin,,2
4/08/2026,2024,11,04 Harm or endanger persons,049 Other acts that harm or endanger persons,-,-,Palmerston,,2
4/08/2026,2024,11,04 Harm or endanger persons,049 Other acts that harm or endanger persons,-,-,Alice Springs,,7
4/08/2026,2024,11,04 Harm or endanger persons,049 Other acts that harm or endanger persons,-,-,Katherine,,5
4/08/2026,2024,11,04 Harm or endanger persons,049 Other acts that harm or endanger persons,-,-,Tennant Creek,,3
4/08/2026,2024,11,04 Harm or endanger persons,049 Other acts that harm or endanger persons,-,-,NT Balance,Anindilyakwa,1
4/08/2026,2024,11,04 Harm or endanger persons,049 Other acts that harm or endanger persons,-,-,NT Balance,East Arnhem,2
4/08/2026,2024,11,04 Harm or endanger persons,049 Other acts that harm or endanger persons,-,-,NT Balance,Petermann - Simpson,1
4/08/2026,2024,11,04 Harm or endanger persons,049 Other acts that harm or endanger persons,-,-,NT Balance,Thamarrurr,1
4/08/2026,2024,11,04 Harm or endanger persons,049 Other acts that harm or endanger persons,-,-,NT Balance,Virginia,2
4/08/2026,2024,11,04 Harm or endanger persons,049 Other acts that harm or endanger persons,-,-,NT Balance,Unknown ,2
4/08/2026,2024,11,"05 Robbery, blackmail, and extortion",051 Robbery,-,-,Darwin,,10
4/08/2026,2024,11,"05 Robbery, blackmail, and extortion",051 Robbery,-,-,Palmerston,,7
4/08/2026,2024,11,"05 Robbery, blackmail, and extortion",051 Robbery,-,-,Alice Springs,,11
4/08/2026,2024,11,"05 Robbery, blackmail, and extortion",051 Robbery,-,-,Katherine,,4
4/08/2026,2024,11,"05 Robbery, blackmail, and extortion",051 Robbery,-,-,NT Balance,Howard Springs,1
4/08/2026,2024,11,"05 Robbery, blackmail, and extortion",051 Robbery,-,-,NT Balance,Koolpinyah,1
4/08/2026,2024,11,"05 Robbery, blackmail, and extortion",051 Robbery,-,-,NT Balance,Thamarrurr,1
4/08/2026,2024,11,"05 Robbery, blackmail, and extortion",051 Robbery,-,-,NT Balance,Unknown ,1
4/08/2026,2024,11,061 Burglary - dwelling,"061 Burglary - dwelling (house break-ins), actual",-,-,Darwin,,44
4/08/2026,2024,11,061 Burglary - dwelling,"061 Burglary - dwelling (house break-ins), actual",-,-,Palmerston,,14
4/08/2026,2024,11,061 Burglary - dwelling,"061 Burglary - dwelling (house break-ins), actual",-,-,Alice Springs,,137
4/08/2026,2024,11,061 Burglary - dwelling,"061 Burglary - dwelling (house break-ins), actual",-,-,Katherine,,19
4/08/2026,2024,11,061 Burglary - dwelling,"061 Burglary - dwelling (house break-ins), actual",-,-,Tennant Creek,,8
4/08/2026,2024,11,061 Burglary - dwelling,"061 Burglary - dwelling (house break-ins), actual",-,-,Nhulunbuy,,2
4/08/2026,2024,11,061 Burglary - dwelling,"061 Burglary - dwelling (house break-ins), actual",-,-,NT Balance,Barkly,1
4/08/2026,2024,11,061 Burglary - dwelling,"061 Burglary - dwelling (house break-ins), actual",-,-,NT Balance,Daly,1
4/08/2026,2024,11,061 Burglary - dwelling,"061 Burglary - dwelling (house break-ins), actual",-,-,NT Balance,East Arnhem,10
4/08/2026,2024,11,061 Burglary - dwelling,"061 Burglary - dwelling (house break-ins), actual",-,-,NT Balance,Gulf,2
4/08/2026,2024,11,061 Burglary - dwelling,"061 Burglary - dwelling (house break-ins), actual",-,-,NT Balance,Petermann - Simpson,1
4/08/2026,2024,11,061 Burglary - dwelling,"061 Burglary - dwelling (house break-ins), actual",-,-,NT Balance,Sandover - Plenty,1
4/08/2026,2024,11,061 Burglary - dwelling,"061 Burglary - dwelling (house break-ins), actual",-,-,NT Balance,Tanami,1
4/08/2026,2024,11,061 Burglary - dwelling,"061 Burglary - dwelling (house break-ins), actual",-,-,NT Balance,Thamarrurr,1
4/08/2026,2024,11,061 Burglary - dwelling,"061 Burglary - dwelling (house break-ins), actual",-,-,NT Balance,Victoria River,1
4/08/2026,2024,11,061 Burglary - dwelling,"061 Burglary - dwelling (house break-ins), actual",-,-,NT Balance,Virginia,1
4/08/2026,2024,11,061 Burglary - dwelling,"061 Burglary - dwelling (house break-ins), actual",-,-,NT Balance,West Arnhem,2
4/08/2026,2024,11,061 Burglary - dwelling,"061 Burglary - dwelling (house break-ins), actual",-,-,NT Balance,Unknown ,1
4/08/2026,2024,11,061 Burglary - dwelling,"061 Burglary - dweling (house break-ins), attempted",-,-,Darwin,,9
4/08/2026,2024,11,061 Burglary - dwelling,"061 Burglary - dweling (house break-ins), attempted",-,-,Palmerston,,3
4/08/2026,2024,11,061 Burglary - dwelling,"061 Burglary - dweling (house break-ins), attempted",-,-,Alice Springs,,37
4/08/2026,2024,11,061 Burglary - dwelling,"061 Burglary - dweling (house break-ins), attempted",-,-,Katherine,,3
4/08/2026,2024,11,061 Burglary - dwelling,"061 Burglary - dweling (house break-ins), attempted",-,-,Tennant Creek,,2
4/08/2026,2024,11,061 Burglary - dwelling,"061 Burglary - dweling (house break-ins), attempted",-,-,NT Balance,East Arnhem,3
4/08/2026,2024,11,061 Burglary - dwelling,"061 Burglary - dweling (house break-ins), attempted",-,-,NT Balance,Tanami,1
4/08/2026,2024,11,061 Burglary - dwelling,"061 Burglary - dweling (house break-ins), attempted",-,-,NT Balance,Virginia,1
4/08/2026,2024,11,062 Burglary - non-residential,"062 Burglary - non-residential (commercial break-ins), actual",-,-,Darwin,,17
4/08/2026,2024,11,062 Burglary - non-residential,"062 Burglary - non-residential (commercial break-ins), actual",-,-,Palmerston,,6
4/08/2026,2024,11,062 Burglary - non-residential,"062 Burglary - non-residential (commercial break-ins), actual",-,-,Alice Springs,,16
4/08/2026,2024,11,062 Burglary - non-residential,"062 Burglary - non-residential (commercial break-ins), actual",-,-,Katherine,,8
4/08/2026,2024,11,062 Burglary - non-residential,"062 Burglary - non-residential (commercial break-ins), actual",-,-,Tennant Creek,,8
4/08/2026,2024,11,062 Burglary - non-residential,"062 Burglary - non-residential (commercial break-ins), actual",-,-,Nhulunbuy,,1
4/08/2026,2024,11,062 Burglary - non-residential,"062 Burglary - non-residential (commercial break-ins), actual",-,-,NT Balance,Alligator,2
4/08/2026,2024,11,062 Burglary - non-residential,"062 Burglary - non-residential (commercial break-ins), actual",-,-,NT Balance,Daly,2
4/08/2026,2024,11,062 Burglary - non-residential,"062 Burglary - non-residential (commercial break-ins), actual",-,-,NT Balance,East Arnhem,10
4/08/2026,2024,11,062 Burglary - non-residential,"062 Burglary - non-residential (commercial break-ins), actual",-,-,NT Balance,Elsey,2
4/08/2026,2024,11,062 Burglary - non-residential,"062 Burglary - non-residential (commercial break-ins), actual",-,-,NT Balance,Gulf,2
4/08/2026,2024,11,062 Burglary - non-residential,"062 Burglary - non-residential (commercial break-ins), actual",-,-,NT Balance,Sandover - Plenty,2
4/08/2026,2024,11,062 Burglary - non-residential,"062 Burglary - non-residential (commercial break-ins), actual",-,-,NT Balance,Thamarrurr,2
4/08/2026,2024,11,062 Burglary - non-residential,"062 Burglary - non-residential (commercial break-ins), actual",-,-,NT Balance,Tiwi Islands,2
4/08/2026,2024,11,062 Burglary - non-residential,"062 Burglary - non-residential (commercial break-ins), actual",-,-,NT Balance,West Arnhem,5
4/08/2026,2024,11,062 Burglary - non-residential,"062 Burglary - non-residential (commercial break-ins), actual",-,-,NT Balance,Unknown ,6
4/08/2026,2024,11,062 Burglary - non-residential,"062 Burglary - non-residential (commercial break-ins), attempted",-,-,Darwin,,5
4/08/2026,2024,11,062 Burglary - non-residential,"062 Burglary - non-residential (commercial break-ins), attempted",-,-,Alice Springs,,1
4/08/2026,2024,11,062 Burglary - non-residential,"062 Burglary - non-residential (commercial break-ins), attempted",-,-,Katherine,,1
4/08/2026,2024,11,062 Burglary - non-residential,"062 Burglary - non-residential (commercial break-ins), attempted",-,-,Tennant Creek,,1
4/08/2026,2024,11,062 Burglary - non-residential,"062 Burglary - non-residential (commercial break-ins), attempted",-,-,Nhulunbuy,,2
4/08/2026,2024,11,062 Burglary - non-residential,"062 Burglary - non-residential (commercial break-ins), attempted",-,-,NT Balance,Gulf,1
4/08/2026,2024,11,07 Theft,071 Motor vehicle theft and related offences,-,-,Darwin,,20
4/08/2026,2024,11,07 Theft,071 Motor vehicle theft and related offences,-,-,Palmerston,,8
4/08/2026,2024,11,07 Theft,071 Motor vehicle theft and related offences,-,-,Alice Springs,,51
4/08/2026,2024,11,07 Theft,071 Motor vehicle theft and related offences,-,-,Katherine,,1
4/08/2026,2024,11,07 Theft,071 Motor vehicle theft and related offences,-,-,Tennant Creek,,2
4/08/2026,2024,11,07 Theft,071 Motor vehicle theft and related offences,-,-,NT Balance,Alligator,1
4/08/2026,2024,11,07 Theft,071 Motor vehicle theft and related offences,-,-,NT Balance,Barkly,1
4/08/2026,2024,11,07 Theft,071 Motor vehicle theft and related offences,-,-,NT Balance,East Arnhem,1
4/08/2026,2024,11,07 Theft,071 Motor vehicle theft and related offences,-,-,NT Balance,Humpty Doo,1
4/08/2026,2024,11,07 Theft,071 Motor vehicle theft and related offences,-,-,NT Balance,Sandover - Plenty,1
4/08/2026,2024,11,07 Theft,071 Motor vehicle theft and related offences,-,-,NT Balance,Virginia,3
4/08/2026,2024,11,07 Theft,071 Motor vehicle theft and related offences,-,-,NT Balance,West Arnhem,3
4/08/2026,2024,11,07 Theft,07* Other theft,-,-,Darwin,,261
4/08/2026,2024,11,07 Theft,07* Other theft,-,-,Palmerston,,83
4/08/2026,2024,11,07 Theft,07* Other theft,-,-,Alice Springs,,213
4/08/2026,2024,11,07 Theft,07* Other theft,-,-,Katherine,,24
4/08/2026,2024,11,07 Theft,07* Other theft,-,-,Tennant Creek,,18
4/08/2026,2024,11,07 Theft,07* Other theft,-,-,Nhulunbuy,,2
4/08/2026,2024,11,07 Theft,07* Other theft,-,-,NT Balance,Alligator,7
4/08/2026,2024,11,07 Theft,07* Other theft,-,-,NT Balance,Anindilyakwa,1
4/08/2026,2024,11,07 Theft,07* Other theft,-,-,NT Balance,Barkly,1
4/08/2026,2024,11,07 Theft,07* Other theft,-,-,NT Balance,Daly,5
4/08/2026,2024,11,07 Theft,07* Other theft,-,-,NT Balance,East Arnhem,16
4/08/2026,2024,11,07 Theft,07* Other theft,-,-,NT Balance,Elsey,2
4/08/2026,2024,11,07 Theft,07* Other theft,-,-,NT Balance,Gulf,3
4/08/2026,2024,11,07 Theft,07* Other theft,-,-,NT Balance,Howard Springs,13
4/08/2026,2024,11,07 Theft,07* Other theft,-,-,NT Balance,Humpty Doo,7
4/08/2026,2024,11,07 Theft,07* Other theft,-,-,NT Balance,Koolpinyah,1
4/08/2026,2024,11,07 Theft,07* Other theft,-,-,NT Balance,Petermann - Simpson,6
4/08/2026,2024,11,07 Theft,07* Other theft,-,-,NT Balance,Sandover - Plenty,3
4/08/2026,2024,11,07 Theft,07* Other theft,-,-,NT Balance,Tanami,2
4/08/2026,2024,11,07 Theft,07* Other theft,-,-,NT Balance,Thamarrurr,2
4/08/2026,2024,11,07 Theft,07* Other theft,-,-,NT Balance,Tiwi Islands,2
4/08/2026,2024,11,07 Theft,07* Other theft,-,-,NT Balance,Virginia,19
4/08/2026,2024,11,07 Theft,07* Other theft,-,-,NT Balance,Weddell,5
4/08/2026,2024,11,07 Theft,07* Other theft,-,-,NT Balance,West Arnhem,7
4/08/2026,2024,11,07 Theft,07* Other theft,-,-,NT Balance,Yuendumu - Anmatjere,3
4/08/2026,2024,11,07 Theft,07* Other theft,-,-,NT Balance,Unknown ,15
4/08/2026,2024,11,11 Property damage offences,11 Property damage offences,-,-,Darwin,,161
4/08/2026,2024,11,11 Property damage offences,11 Property damage offences,-,-,Palmerston,,65
4/08/2026,2024,11,11 Property damage offences,11 Property damage offences,-,-,Alice Springs,,294
4/08/2026,2024,11,11 Property damage offences,11 Property damage offences,-,-,Katherine,,33
4/08/2026,2024,11,11 Property damage offences,11 Property damage offences,-,-,Tennant Creek,,38
4/08/2026,2024,11,11 Property damage offences,11 Property damage offences,-,-,Nhulunbuy,,8
4/08/2026,2024,11,11 Property damage offences,11 Property damage offences,-,-,NT Balance,Alligator,7
4/08/2026,2024,11,11 Property damage offences,11 Property damage offences,-,-,NT Balance,Anindilyakwa,1
4/08/2026,2024,11,11 Property damage offences,11 Property damage offences,-,-,NT Balance,Barkly,2
4/08/2026,2024,11,11 Property damage offences,11 Property damage offences,-,-,NT Balance,Daly,5
4/08/2026,2024,11,11 Property damage offences,11 Property damage offences,-,-,NT Balance,East Arnhem,22
4/08/2026,2024,11,11 Property damage offences,11 Property damage offences,-,-,NT Balance,Elsey,5
4/08/2026,2024,11,11 Property damage offences,11 Property damage offences,-,-,NT Balance,Gulf,9
4/08/2026,2024,11,11 Property damage offences,11 Property damage offences,-,-,NT Balance,Howard Springs,13
4/08/2026,2024,11,11 Property damage offences,11 Property damage offences,-,-,NT Balance,Humpty Doo,2
4/08/2026,2024,11,11 Property damage offences,11 Property damage offences,-,-,NT Balance,Koolpinyah,1
4/08/2026,2024,11,11 Property damage offences,11 Property damage offences,-,-,NT Balance,Petermann - Simpson,6
4/08/2026,2024,11,11 Property damage offences,11 Property damage offences,-,-,NT Balance,Sandover - Plenty,8
4/08/2026,2024,11,11 Property damage offences,11 Property damage offences,-,-,NT Balance,Tanami,3
4/08/2026,2024,11,11 Property damage offences,11 Property damage offences,-,-,NT Balance,Thamarrurr,5
4/08/2026,2024,11,11 Property damage offences,11 Property damage offences,-,-,NT Balance,Tiwi Islands,3
4/08/2026,2024,11,11 Property damage offences,11 Property damage offences,-,-,NT Balance,Victoria River,2
4/08/2026,2024,11,11 Property damage offences,11 Property damage offences,-,-,NT Balance,Virginia,2
4/08/2026,2024,11,11 Property damage offences,11 Property damage offences,-,-,NT Balance,West Arnhem,12
4/08/2026,2024,11,11 Property damage offences,11 Property damage offences,-,-,NT Balance,Yuendumu - Anmatjere,1
4/08/2026,2024,11,11 Property damage offences,11 Property damage offences,-,-,NT Balance,Unknown ,15
4/08/2026,2024,12,01 Homicide,0132 Driving causing death,-,-,Darwin,,1
4/08/2026,2024,12,02 Assault,021 Serious Assault,No,No,Darwin,,45
4/08/2026,2024,12,02 Assault,021 Serious Assault,No,No,Palmerston,,10
4/08/2026,2024,12,02 Assault,021 Serious Assault,No,No,Alice Springs,,31
4/08/2026,2024,12,02 Assault,021 Serious Assault,No,No,Katherine,,11
4/08/2026,2024,12,02 Assault,021 Serious Assault,No,No,Tennant Creek,,7
4/08/2026,2024,12,02 Assault,021 Serious Assault,No,No,NT Balance,Alligator,1
4/08/2026,2024,12,02 Assault,021 Serious Assault,No,No,NT Balance,Anindilyakwa,1
4/08/2026,2024,12,02 Assault,021 Serious Assault,No,No,NT Balance,Barkly,1
4/08/2026,2024,12,02 Assault,021 Serious Assault,No,No,NT Balance,Daly,2
4/08/2026,2024,12,02 Assault,021 Serious Assault,No,No,NT Balance,East Arnhem,4
4/08/2026,2024,12,02 Assault,021 Serious Assault,No,No,NT Balance,Elsey,2
4/08/2026,2024,12,02 Assault,021 Serious Assault,No,No,NT Balance,Gulf,1
4/08/2026,2024,12,02 Assault,021 Serious Assault,No,No,NT Balance,Howard Springs,10
4/08/2026,2024,12,02 Assault,021 Serious Assault,No,No,NT Balance,Petermann - Simpson,1
4/08/2026,2024,12,02 Assault,021 Serious Assault,No,No,NT Balance,Sandover - Plenty,5
4/08/2026,2024,12,02 Assault,021 Serious Assault,No,No,NT Balance,Tanami,2
4/08/2026,2024,12,02 Assault,021 Serious Assault,No,No,NT Balance,Thamarrurr,3
4/08/2026,2024,12,02 Assault,021 Serious Assault,No,No,NT Balance,Tiwi Islands,2
4/08/2026,2024,12,02 Assault,021 Serious Assault,No,No,NT Balance,Victoria River,2
4/08/2026,2024,12,02 Assault,021 Serious Assault,No,No,NT Balance,West Arnhem,1
4/08/2026,2024,12,02 Assault,021 Serious Assault,No,No,NT Balance,Yuendumu - Anmatjere,1
4/08/2026,2024,12,02 Assault,021 Serious Assault,No,No,NT Balance,Unknown ,1
4/08/2026,2024,12,02 Assault,021 Serious Assault,No,Yes,Darwin,,58
4/08/2026,2024,12,02 Assault,021 Serious Assault,No,Yes,Palmerston,,23
4/08/2026,2024,12,02 Assault,021 Serious Assault,No,Yes,Alice Springs,,77
4/08/2026,2024,12,02 Assault,021 Serious Assault,No,Yes,Katherine,,21
4/08/2026,2024,12,02 Assault,021 Serious Assault,No,Yes,Tennant Creek,,9
4/08/2026,2024,12,02 Assault,021 Serious Assault,No,Yes,NT Balance,Anindilyakwa,3
4/08/2026,2024,12,02 Assault,021 Serious Assault,No,Yes,NT Balance,Barkly,7
4/08/2026,2024,12,02 Assault,021 Serious Assault,No,Yes,NT Balance,Daly,5
4/08/2026,2024,12,02 Assault,021 Serious Assault,No,Yes,NT Balance,East Arnhem,22
4/08/2026,2024,12,02 Assault,021 Serious Assault,No,Yes,NT Balance,Elsey,8
4/08/2026,2024,12,02 Assault,021 Serious Assault,No,Yes,NT Balance,Gulf,11
4/08/2026,2024,12,02 Assault,021 Serious Assault,No,Yes,NT Balance,Humpty Doo,2
4/08/2026,2024,12,02 Assault,021 Serious Assault,No,Yes,NT Balance,Petermann - Simpson,7
4/08/2026,2024,12,02 Assault,021 Serious Assault,No,Yes,NT Balance,Sandover - Plenty,3
4/08/2026,2024,12,02 Assault,021 Serious Assault,No,Yes,NT Balance,Tanami,7
4/08/2026,2024,12,02 Assault,021 Serious Assault,No,Yes,NT Balance,Thamarrurr,30
4/08/2026,2024,12,02 Assault,021 Serious Assault,No,Yes,NT Balance,Tiwi Islands,7
4/08/2026,2024,12,02 Assault,021 Serious Assault,No,Yes,NT Balance,Victoria River,5
4/08/2026,2024,12,02 Assault,021 Serious Assault,No,Yes,NT Balance,Weddell,1
4/08/2026,2024,12,02 Assault,021 Serious Assault,No,Yes,NT Balance,West Arnhem,18
4/08/2026,2024,12,02 Assault,021 Serious Assault,No,Yes,NT Balance,Yuendumu - Anmatjere,9
4/08/2026,2024,12,02 Assault,021 Serious Assault,No,Yes,NT Balance,Unknown ,10
4/08/2026,2024,12,02 Assault,021 Serious Assault,Yes,No,Darwin,,31
4/08/2026,2024,12,02 Assault,021 Serious Assault,Yes,No,Palmerston,,10
4/08/2026,2024,12,02 Assault,021 Serious Assault,Yes,No,Alice Springs,,31
4/08/2026,2024,12,02 Assault,021 Serious Assault,Yes,No,Katherine,,15
4/08/2026,2024,12,02 Assault,021 Serious Assault,Yes,No,Tennant Creek,,2
4/08/2026,2024,12,02 Assault,021 Serious Assault,Yes,No,Nhulunbuy,,1
4/08/2026,2024,12,02 Assault,021 Serious Assault,Yes,No,NT Balance,Daly,1
4/08/2026,2024,12,02 Assault,021 Serious Assault,Yes,No,NT Balance,Elsey,2
4/08/2026,2024,12,02 Assault,021 Serious Assault,Yes,No,NT Balance,Gulf,1
4/08/2026,2024,12,02 Assault,021 Serious Assault,Yes,No,NT Balance,Humpty Doo,1
4/08/2026,2024,12,02 Assault,021 Serious Assault,Yes,No,NT Balance,Petermann - Simpson,2
4/08/2026,2024,12,02 Assault,021 Serious Assault,Yes,No,NT Balance,Sandover - Plenty,2
4/08/2026,2024,12,02 Assault,021 Serious Assault,Yes,No,NT Balance,Thamarrurr,1
4/08/2026,2024,12,02 Assault,021 Serious Assault,Yes,No,NT Balance,West Arnhem,3
4/08/2026,2024,12,02 Assault,021 Serious Assault,Yes,No,NT Balance,Yuendumu - Anmatjere,1
4/08/2026,2024,12,02 Assault,021 Serious Assault,Yes,No,NT Balance,Unknown ,1
4/08/2026,2024,12,02 Assault,021 Serious Assault,Yes,Yes,Darwin,,79
4/08/2026,2024,12,02 Assault,021 Serious Assault,Yes,Yes,Palmerston,,37
4/08/2026,2024,12,02 Assault,021 Serious Assault,Yes,Yes,Alice Springs,,61
4/08/2026,2024,12,02 Assault,021 Serious Assault,Yes,Yes,Katherine,,45
4/08/2026,2024,12,02 Assault,021 Serious Assault,Yes,Yes,Tennant Creek,,36
4/08/2026,2024,12,02 Assault,021 Serious Assault,Yes,Yes,Nhulunbuy,,1
4/08/2026,2024,12,02 Assault,021 Serious Assault,Yes,Yes,NT Balance,Alligator,3
4/08/2026,2024,12,02 Assault,021 Serious Assault,Yes,Yes,NT Balance,Barkly,3
4/08/2026,2024,12,02 Assault,021 Serious Assault,Yes,Yes,NT Balance,Daly,6
4/08/2026,2024,12,02 Assault,021 Serious Assault,Yes,Yes,NT Balance,East Arnhem,1
4/08/2026,2024,12,02 Assault,021 Serious Assault,Yes,Yes,NT Balance,Elsey,4
4/08/2026,2024,12,02 Assault,021 Serious Assault,Yes,Yes,NT Balance,Gulf,8
4/08/2026,2024,12,02 Assault,021 Serious Assault,Yes,Yes,NT Balance,Humpty Doo,1
4/08/2026,2024,12,02 Assault,021 Serious Assault,Yes,Yes,NT Balance,Sandover - Plenty,6
4/08/2026,2024,12,02 Assault,021 Serious Assault,Yes,Yes,NT Balance,Tanami,7
4/08/2026,2024,12,02 Assault,021 Serious Assault,Yes,Yes,NT Balance,Thamarrurr,14
4/08/2026,2024,12,02 Assault,021 Serious Assault,Yes,Yes,NT Balance,Tiwi Islands,5
4/08/2026,2024,12,02 Assault,021 Serious Assault,Yes,Yes,NT Balance,Victoria River,4
4/08/2026,2024,12,02 Assault,021 Serious Assault,Yes,Yes,NT Balance,West Arnhem,5
4/08/2026,2024,12,02 Assault,021 Serious Assault,Yes,Yes,NT Balance,Yuendumu - Anmatjere,2
4/08/2026,2024,12,02 Assault,021 Serious Assault,Yes,Yes,NT Balance,Unknown ,5
4/08/2026,2024,12,02 Assault,022 Assault of a prescribed officer,No,No,Darwin,,2
4/08/2026,2024,12,02 Assault,022 Assault of a prescribed officer,No,No,Palmerston,,1
4/08/2026,2024,12,02 Assault,022 Assault of a prescribed officer,No,No,Alice Springs,,2
4/08/2026,2024,12,02 Assault,022 Assault of a prescribed officer,No,No,Katherine,,1
4/08/2026,2024,12,02 Assault,022 Assault of a prescribed officer,No,No,NT Balance,Thamarrurr,2
4/08/2026,2024,12,02 Assault,022 Assault of a prescribed officer,No,No,NT Balance,Tiwi Islands,1
4/08/2026,2024,12,02 Assault,022 Assault of a prescribed officer,No,No,NT Balance,Victoria River,1
4/08/2026,2024,12,02 Assault,022 Assault of a prescribed officer,No,Yes,Alice Springs,,1
4/08/2026,2024,12,02 Assault,022 Assault of a prescribed officer,No,Yes,NT Balance,East Arnhem,1
4/08/2026,2024,12,02 Assault,022 Assault of a prescribed officer,Yes,No,Darwin,,4
4/08/2026,2024,12,02 Assault,022 Assault of a prescribed officer,Yes,No,Alice Springs,,3
4/08/2026,2024,12,02 Assault,022 Assault of a prescribed officer,Yes,No,Katherine,,2
4/08/2026,2024,12,02 Assault,022 Assault of a prescribed officer,Yes,No,NT Balance,Tiwi Islands,1
4/08/2026,2024,12,02 Assault,022 Assault of a prescribed officer,Yes,Yes,Alice Springs,,2
4/08/2026,2024,12,02 Assault,022 Assault of a prescribed officer,Yes,Yes,Tennant Creek,,1
4/08/2026,2024,12,02 Assault,022 Assault of a prescribed officer,Yes,Yes,NT Balance,Daly,1
4/08/2026,2024,12,02 Assault,023 Common Assault,No,No,Darwin,,23
4/08/2026,2024,12,02 Assault,023 Common Assault,No,No,Palmerston,,8
4/08/2026,2024,12,02 Assault,023 Common Assault,No,No,Alice Springs,,15
4/08/2026,2024,12,02 Assault,023 Common Assault,No,No,Katherine,,3
4/08/2026,2024,12,02 Assault,023 Common Assault,No,No,Nhulunbuy,,1
4/08/2026,2024,12,02 Assault,023 Common Assault,No,No,NT Balance,Alligator,1
4/08/2026,2024,12,02 Assault,023 Common Assault,No,No,NT Balance,Barkly,1
4/08/2026,2024,12,02 Assault,023 Common Assault,No,No,NT Balance,East Arnhem,1
4/08/2026,2024,12,02 Assault,023 Common Assault,No,No,NT Balance,Elsey,1
4/08/2026,2024,12,02 Assault,023 Common Assault,No,No,NT Balance,Gulf,4
4/08/2026,2024,12,02 Assault,023 Common Assault,No,No,NT Balance,Howard Springs,4
4/08/2026,2024,12,02 Assault,023 Common Assault,No,No,NT Balance,Petermann - Simpson,1
4/08/2026,2024,12,02 Assault,023 Common Assault,No,No,NT Balance,Sandover - Plenty,1
4/08/2026,2024,12,02 Assault,023 Common Assault,No,No,NT Balance,Tanami,1
4/08/2026,2024,12,02 Assault,023 Common Assault,No,No,NT Balance,Tiwi Islands,2
4/08/2026,2024,12,02 Assault,023 Common Assault,No,No,NT Balance,Virginia,1
4/08/2026,2024,12,02 Assault,023 Common Assault,No,No,NT Balance,West Arnhem,1
4/08/2026,2024,12,02 Assault,023 Common Assault,No,No,NT Balance,Yuendumu - Anmatjere,1
4/08/2026,2024,12,02 Assault,023 Common Assault,No,No,NT Balance,Unknown ,1
4/08/2026,2024,12,02 Assault,023 Common Assault,No,Yes,Darwin,,8
4/08/2026,2024,12,02 Assault,023 Common Assault,No,Yes,Palmerston,,1
4/08/2026,2024,12,02 Assault,023 Common Assault,No,Yes,Alice Springs,,3
4/08/2026,2024,12,02 Assault,023 Common Assault,No,Yes,Tennant Creek,,1
4/08/2026,2024,12,02 Assault,023 Common Assault,No,Yes,NT Balance,East Arnhem,6
4/08/2026,2024,12,02 Assault,023 Common Assault,No,Yes,NT Balance,Petermann - Simpson,1
4/08/2026,2024,12,02 Assault,023 Common Assault,No,Yes,NT Balance,Tanami,1
4/08/2026,2024,12,02 Assault,023 Common Assault,No,Yes,NT Balance,Thamarrurr,2
4/08/2026,2024,12,02 Assault,023 Common Assault,No,Yes,NT Balance,Tiwi Islands,2
4/08/2026,2024,12,02 Assault,023 Common Assault,No,Yes,NT Balance,West Arnhem,1
4/08/2026,2024,12,02 Assault,023 Common Assault,No,Yes,NT Balance,Yuendumu - Anmatjere,1
4/08/2026,2024,12,02 Assault,023 Common Assault,No,Yes,NT Balance,Unknown ,1
4/08/2026,2024,12,02 Assault,023 Common Assault,Yes,No,Darwin,,10
4/08/2026,2024,12,02 Assault,023 Common Assault,Yes,No,Palmerston,,4
4/08/2026,2024,12,02 Assault,023 Common Assault,Yes,No,Alice Springs,,3
4/08/2026,2024,12,02 Assault,023 Common Assault,Yes,No,Katherine,,4
4/08/2026,2024,12,02 Assault,023 Common Assault,Yes,No,Tennant Creek,,1
4/08/2026,2024,12,02 Assault,023 Common Assault,Yes,No,Nhulunbuy,,1
4/08/2026,2024,12,02 Assault,023 Common Assault,Yes,No,NT Balance,Barkly,1
4/08/2026,2024,12,02 Assault,023 Common Assault,Yes,No,NT Balance,Thamarrurr,1
4/08/2026,2024,12,02 Assault,023 Common Assault,Yes,Yes,Darwin,,5
4/08/2026,2024,12,02 Assault,023 Common Assault,Yes,Yes,Palmerston,,3
4/08/2026,2024,12,02 Assault,023 Common Assault,Yes,Yes,Alice Springs,,5
4/08/2026,2024,12,02 Assault,023 Common Assault,Yes,Yes,Katherine,,1
4/08/2026,2024,12,02 Assault,023 Common Assault,Yes,Yes,NT Balance,Gulf,1
4/08/2026,2024,12,02 Assault,023 Common Assault,Yes,Yes,NT Balance,Tanami,1
4/08/2026,2024,12,02 Assault,023 Common Assault,Yes,Yes,NT Balance,Thamarrurr,2
4/08/2026,2024,12,02 Assault,023 Common Assault,Yes,Yes,NT Balance,Tiwi Islands,1
4/08/2026,2024,12,02 Assault,023 Common Assault,Yes,Yes,NT Balance,Victoria River,1
4/08/2026,2024,12,03 Sexual offences,031 Sexual assault of an adult,-,-,Darwin,,17
4/08/2026,2024,12,03 Sexual offences,031 Sexual assault of an adult,-,-,Palmerston,,4
4/08/2026,2024,12,03 Sexual offences,031 Sexual assault of an adult,-,-,Alice Springs,,4
4/08/2026,2024,12,03 Sexual offences,031 Sexual assault of an adult,-,-,Katherine,,4
4/08/2026,2024,12,03 Sexual offences,031 Sexual assault of an adult,-,-,Tennant Creek,,1
4/08/2026,2024,12,03 Sexual offences,031 Sexual assault of an adult,-,-,Nhulunbuy,,2
4/08/2026,2024,12,03 Sexual offences,031 Sexual assault of an adult,-,-,NT Balance,East Arnhem,2
4/08/2026,2024,12,03 Sexual offences,031 Sexual assault of an adult,-,-,NT Balance,Gulf,2
4/08/2026,2024,12,03 Sexual offences,031 Sexual assault of an adult,-,-,NT Balance,Tanami,1
4/08/2026,2024,12,03 Sexual offences,031 Sexual assault of an adult,-,-,NT Balance,Tiwi Islands,1
4/08/2026,2024,12,03 Sexual offences,031 Sexual assault of an adult,-,-,NT Balance,Victoria River,2
4/08/2026,2024,12,03 Sexual offences,031 Sexual assault of an adult,-,-,NT Balance,Virginia,2
4/08/2026,2024,12,03 Sexual offences,031 Sexual assault of an adult,-,-,NT Balance,Unknown ,1
4/08/2026,2024,12,03 Sexual offences,032 Sexual assault of a child,-,-,Darwin,,5
4/08/2026,2024,12,03 Sexual offences,032 Sexual assault of a child,-,-,Palmerston,,1
4/08/2026,2024,12,03 Sexual offences,032 Sexual assault of a child,-,-,Alice Springs,,2
4/08/2026,2024,12,03 Sexual offences,032 Sexual assault of a child,-,-,Katherine,,1
4/08/2026,2024,12,03 Sexual offences,032 Sexual assault of a child,-,-,Tennant Creek,,1
4/08/2026,2024,12,03 Sexual offences,032 Sexual assault of a child,-,-,NT Balance,Humpty Doo,1
4/08/2026,2024,12,03 Sexual offences,032 Sexual assault of a child,-,-,NT Balance,Tiwi Islands,1
4/08/2026,2024,12,03 Sexual offences,032 Sexual assault of a child,-,-,NT Balance,West Arnhem,1
4/08/2026,2024,12,03 Sexual offences,"033, 034 Other child-related sexual offences",-,-,Darwin,,5
4/08/2026,2024,12,03 Sexual offences,"033, 034 Other child-related sexual offences",-,-,NT Balance,Humpty Doo,1
4/08/2026,2024,12,03 Sexual offences,"035, 039 Other sexual offences",-,-,Darwin,,3
4/08/2026,2024,12,03 Sexual offences,"035, 039 Other sexual offences",-,-,Palmerston,,1
4/08/2026,2024,12,03 Sexual offences,"035, 039 Other sexual offences",-,-,Alice Springs,,3
4/08/2026,2024,12,03 Sexual offences,"035, 039 Other sexual offences",-,-,Katherine,,1
4/08/2026,2024,12,03 Sexual offences,"035, 039 Other sexual offences",-,-,NT Balance,Victoria River,1
4/08/2026,2024,12,04 Harm or endanger persons,"041, 042, 043 Human trafficking, abduction, deprivation of liberty",-,-,Darwin,,3
4/08/2026,2024,12,04 Harm or endanger persons,"041, 042, 043 Human trafficking, abduction, deprivation of liberty",-,-,Palmerston,,1
4/08/2026,2024,12,04 Harm or endanger persons,"041, 042, 043 Human trafficking, abduction, deprivation of liberty",-,-,Alice Springs,,3
4/08/2026,2024,12,04 Harm or endanger persons,"041, 042, 043 Human trafficking, abduction, deprivation of liberty",-,-,NT Balance,Daly,1
4/08/2026,2024,12,04 Harm or endanger persons,"041, 042, 043 Human trafficking, abduction, deprivation of liberty",-,-,NT Balance,Gulf,1
4/08/2026,2024,12,04 Harm or endanger persons,"044 Acts that threaten, harass or control",-,-,Darwin,,27
4/08/2026,2024,12,04 Harm or endanger persons,"044 Acts that threaten, harass or control",-,-,Palmerston,,11
4/08/2026,2024,12,04 Harm or endanger persons,"044 Acts that threaten, harass or control",-,-,Alice Springs,,6
4/08/2026,2024,12,04 Harm or endanger persons,"044 Acts that threaten, harass or control",-,-,Katherine,,9
4/08/2026,2024,12,04 Harm or endanger persons,"044 Acts that threaten, harass or control",-,-,Tennant Creek,,2
4/08/2026,2024,12,04 Harm or endanger persons,"044 Acts that threaten, harass or control",-,-,NT Balance,Howard Springs,1
4/08/2026,2024,12,04 Harm or endanger persons,"044 Acts that threaten, harass or control",-,-,NT Balance,Humpty Doo,2
4/08/2026,2024,12,04 Harm or endanger persons,"044 Acts that threaten, harass or control",-,-,NT Balance,Sandover - Plenty,1
4/08/2026,2024,12,04 Harm or endanger persons,"044 Acts that threaten, harass or control",-,-,NT Balance,Tanami,3
4/08/2026,2024,12,04 Harm or endanger persons,"044 Acts that threaten, harass or control",-,-,NT Balance,Thamarrurr,1
4/08/2026,2024,12,04 Harm or endanger persons,"044 Acts that threaten, harass or control",-,-,NT Balance,Tiwi Islands,1
4/08/2026,2024,12,04 Harm or endanger persons,"044 Acts that threaten, harass or control",-,-,NT Balance,Victoria River,1
4/08/2026,2024,12,04 Harm or endanger persons,"044 Acts that threaten, harass or control",-,-,NT Balance,West Arnhem,1
4/08/2026,2024,12,04 Harm or endanger persons,"044 Acts that threaten, harass or control",-,-,NT Balance,Yuendumu - Anmatjere,3
4/08/2026,2024,12,04 Harm or endanger persons,045 Driving causing serious injury,-,-,Darwin,,1
4/08/2026,2024,12,04 Harm or endanger persons,045 Driving causing serious injury,-,-,NT Balance,Alligator,1
4/08/2026,2024,12,04 Harm or endanger persons,049 Other acts that harm or endanger persons,-,-,Darwin,,8
4/08/2026,2024,12,04 Harm or endanger persons,049 Other acts that harm or endanger persons,-,-,Palmerston,,2
4/08/2026,2024,12,04 Harm or endanger persons,049 Other acts that harm or endanger persons,-,-,Alice Springs,,2
4/08/2026,2024,12,04 Harm or endanger persons,049 Other acts that harm or endanger persons,-,-,Katherine,,3
4/08/2026,2024,12,04 Harm or endanger persons,049 Other acts that harm or endanger persons,-,-,Tennant Creek,,2
4/08/2026,2024,12,04 Harm or endanger persons,049 Other acts that harm or endanger persons,-,-,NT Balance,Elsey,1
4/08/2026,2024,12,04 Harm or endanger persons,049 Other acts that harm or endanger persons,-,-,NT Balance,Gulf,2
4/08/2026,2024,12,04 Harm or endanger persons,049 Other acts that harm or endanger persons,-,-,NT Balance,Humpty Doo,2
4/08/2026,2024,12,04 Harm or endanger persons,049 Other acts that harm or endanger persons,-,-,NT Balance,Tanami,1
4/08/2026,2024,12,04 Harm or endanger persons,049 Other acts that harm or endanger persons,-,-,NT Balance,Thamarrurr,2
4/08/2026,2024,12,04 Harm or endanger persons,049 Other acts that harm or endanger persons,-,-,NT Balance,Yuendumu - Anmatjere,1
4/08/2026,2024,12,"05 Robbery, blackmail, and extortion",051 Robbery,-,-,Darwin,,14
4/08/2026,2024,12,"05 Robbery, blackmail, and extortion",051 Robbery,-,-,Palmerston,,1
4/08/2026,2024,12,"05 Robbery, blackmail, and extortion",051 Robbery,-,-,Alice Springs,,10
4/08/2026,2024,12,"05 Robbery, blackmail, and extortion",051 Robbery,-,-,Katherine,,3
4/08/2026,2024,12,"05 Robbery, blackmail, and extortion",051 Robbery,-,-,Tennant Creek,,2
4/08/2026,2024,12,"05 Robbery, blackmail, and extortion",051 Robbery,-,-,NT Balance,Anindilyakwa,1
4/08/2026,2024,12,"05 Robbery, blackmail, and extortion",051 Robbery,-,-,NT Balance,Daly,1
4/08/2026,2024,12,"05 Robbery, blackmail, and extortion",051 Robbery,-,-,NT Balance,Gulf,1
4/08/2026,2024,12,"05 Robbery, blackmail, and extortion",051 Robbery,-,-,NT Balance,Howard Springs,1
4/08/2026,2024,12,"05 Robbery, blackmail, and extortion",051 Robbery,-,-,NT Balance,Thamarrurr,2
4/08/2026,2024,12,"05 Robbery, blackmail, and extortion",051 Robbery,-,-,NT Balance,Unknown ,2
4/08/2026,2024,12,061 Burglary - dwelling,"061 Burglary - dwelling (house break-ins), actual",-,-,Darwin,,30
4/08/2026,2024,12,061 Burglary - dwelling,"061 Burglary - dwelling (house break-ins), actual",-,-,Palmerston,,21
4/08/2026,2024,12,061 Burglary - dwelling,"061 Burglary - dwelling (house break-ins), actual",-,-,Alice Springs,,124
4/08/2026,2024,12,061 Burglary - dwelling,"061 Burglary - dwelling (house break-ins), actual",-,-,Katherine,,19
4/08/2026,2024,12,061 Burglary - dwelling,"061 Burglary - dwelling (house break-ins), actual",-,-,Tennant Creek,,17
4/08/2026,2024,12,061 Burglary - dwelling,"061 Burglary - dwelling (house break-ins), actual",-,-,Nhulunbuy,,2
4/08/2026,2024,12,061 Burglary - dwelling,"061 Burglary - dwelling (house break-ins), actual",-,-,NT Balance,Alligator,1
4/08/2026,2024,12,061 Burglary - dwelling,"061 Burglary - dwelling (house break-ins), actual",-,-,NT Balance,Barkly,3
4/08/2026,2024,12,061 Burglary - dwelling,"061 Burglary - dwelling (house break-ins), actual",-,-,NT Balance,East Arnhem,5
4/08/2026,2024,12,061 Burglary - dwelling,"061 Burglary - dwelling (house break-ins), actual",-,-,NT Balance,Gulf,1
4/08/2026,2024,12,061 Burglary - dwelling,"061 Burglary - dwelling (house break-ins), actual",-,-,NT Balance,Humpty Doo,3
4/08/2026,2024,12,061 Burglary - dwelling,"061 Burglary - dwelling (house break-ins), actual",-,-,NT Balance,Petermann - Simpson,2
4/08/2026,2024,12,061 Burglary - dwelling,"061 Burglary - dwelling (house break-ins), actual",-,-,NT Balance,Thamarrurr,3
4/08/2026,2024,12,061 Burglary - dwelling,"061 Burglary - dwelling (house break-ins), actual",-,-,NT Balance,Tiwi Islands,1
4/08/2026,2024,12,061 Burglary - dwelling,"061 Burglary - dwelling (house break-ins), actual",-,-,NT Balance,Victoria River,3
4/08/2026,2024,12,061 Burglary - dwelling,"061 Burglary - dwelling (house break-ins), actual",-,-,NT Balance,West Arnhem,2
4/08/2026,2024,12,061 Burglary - dwelling,"061 Burglary - dwelling (house break-ins), actual",-,-,NT Balance,Unknown ,1
4/08/2026,2024,12,061 Burglary - dwelling,"061 Burglary - dweling (house break-ins), attempted",-,-,Darwin,,4
4/08/2026,2024,12,061 Burglary - dwelling,"061 Burglary - dweling (house break-ins), attempted",-,-,Palmerston,,2
4/08/2026,2024,12,061 Burglary - dwelling,"061 Burglary - dweling (house break-ins), attempted",-,-,Alice Springs,,26
4/08/2026,2024,12,061 Burglary - dwelling,"061 Burglary - dweling (house break-ins), attempted",-,-,Katherine,,4
4/08/2026,2024,12,061 Burglary - dwelling,"061 Burglary - dweling (house break-ins), attempted",-,-,Tennant Creek,,1
4/08/2026,2024,12,061 Burglary - dwelling,"061 Burglary - dweling (house break-ins), attempted",-,-,Nhulunbuy,,1
4/08/2026,2024,12,061 Burglary - dwelling,"061 Burglary - dweling (house break-ins), attempted",-,-,NT Balance,Barkly,1
4/08/2026,2024,12,062 Burglary - non-residential,"062 Burglary - non-residential (commercial break-ins), actual",-,-,Darwin,,16
4/08/2026,2024,12,062 Burglary - non-residential,"062 Burglary - non-residential (commercial break-ins), actual",-,-,Palmerston,,14
4/08/2026,2024,12,062 Burglary - non-residential,"062 Burglary - non-residential (commercial break-ins), actual",-,-,Alice Springs,,24
4/08/2026,2024,12,062 Burglary - non-residential,"062 Burglary - non-residential (commercial break-ins), actual",-,-,Katherine,,7
4/08/2026,2024,12,062 Burglary - non-residential,"062 Burglary - non-residential (commercial break-ins), actual",-,-,Tennant Creek,,11
4/08/2026,2024,12,062 Burglary - non-residential,"062 Burglary - non-residential (commercial break-ins), actual",-,-,Nhulunbuy,,4
4/08/2026,2024,12,062 Burglary - non-residential,"062 Burglary - non-residential (commercial break-ins), actual",-,-,NT Balance,Barkly,2
4/08/2026,2024,12,062 Burglary - non-residential,"062 Burglary - non-residential (commercial break-ins), actual",-,-,NT Balance,East Arnhem,6
4/08/2026,2024,12,062 Burglary - non-residential,"062 Burglary - non-residential (commercial break-ins), actual",-,-,NT Balance,Gulf,2
4/08/2026,2024,12,062 Burglary - non-residential,"062 Burglary - non-residential (commercial break-ins), actual",-,-,NT Balance,Petermann - Simpson,5
4/08/2026,2024,12,062 Burglary - non-residential,"062 Burglary - non-residential (commercial break-ins), actual",-,-,NT Balance,Sandover - Plenty,1
4/08/2026,2024,12,062 Burglary - non-residential,"062 Burglary - non-residential (commercial break-ins), actual",-,-,NT Balance,Tanami,3
4/08/2026,2024,12,062 Burglary - non-residential,"062 Burglary - non-residential (commercial break-ins), actual",-,-,NT Balance,Thamarrurr,3
4/08/2026,2024,12,062 Burglary - non-residential,"062 Burglary - non-residential (commercial break-ins), actual",-,-,NT Balance,Tiwi Islands,1
4/08/2026,2024,12,062 Burglary - non-residential,"062 Burglary - non-residential (commercial break-ins), actual",-,-,NT Balance,Victoria River,5
4/08/2026,2024,12,062 Burglary - non-residential,"062 Burglary - non-residential (commercial break-ins), actual",-,-,NT Balance,West Arnhem,7
4/08/2026,2024,12,062 Burglary - non-residential,"062 Burglary - non-residential (commercial break-ins), actual",-,-,NT Balance,Yuendumu - Anmatjere,1
4/08/2026,2024,12,062 Burglary - non-residential,"062 Burglary - non-residential (commercial break-ins), attempted",-,-,Palmerston,,1
4/08/2026,2024,12,062 Burglary - non-residential,"062 Burglary - non-residential (commercial break-ins), attempted",-,-,Alice Springs,,4
4/08/2026,2024,12,062 Burglary - non-residential,"062 Burglary - non-residential (commercial break-ins), attempted",-,-,Tennant Creek,,1
4/08/2026,2024,12,062 Burglary - non-residential,"062 Burglary - non-residential (commercial break-ins), attempted",-,-,NT Balance,East Arnhem,1
4/08/2026,2024,12,062 Burglary - non-residential,"062 Burglary - non-residential (commercial break-ins), attempted",-,-,NT Balance,Sandover - Plenty,1
4/08/2026,2024,12,062 Burglary - non-residential,"062 Burglary - non-residential (commercial break-ins), attempted",-,-,NT Balance,Weddell,1
4/08/2026,2024,12,07 Theft,071 Motor vehicle theft and related offences,-,-,Darwin,,25
4/08/2026,2024,12,07 Theft,071 Motor vehicle theft and related offences,-,-,Palmerston,,2
4/08/2026,2024,12,07 Theft,071 Motor vehicle theft and related offences,-,-,Alice Springs,,20
4/08/2026,2024,12,07 Theft,071 Motor vehicle theft and related offences,-,-,Katherine,,6
4/08/2026,2024,12,07 Theft,071 Motor vehicle theft and related offences,-,-,Tennant Creek,,3
4/08/2026,2024,12,07 Theft,071 Motor vehicle theft and related offences,-,-,NT Balance,Barkly,1
4/08/2026,2024,12,07 Theft,071 Motor vehicle theft and related offences,-,-,NT Balance,Humpty Doo,2
4/08/2026,2024,12,07 Theft,071 Motor vehicle theft and related offences,-,-,NT Balance,Thamarrurr,1
4/08/2026,2024,12,07 Theft,071 Motor vehicle theft and related offences,-,-,NT Balance,Weddell,1
4/08/2026,2024,12,07 Theft,07* Other theft,-,-,Darwin,,235
4/08/2026,2024,12,07 Theft,07* Other theft,-,-,Palmerston,,106
4/08/2026,2024,12,07 Theft,07* Other theft,-,-,Alice Springs,,159
4/08/2026,2024,12,07 Theft,07* Other theft,-,-,Katherine,,28
4/08/2026,2024,12,07 Theft,07* Other theft,-,-,Tennant Creek,,24
4/08/2026,2024,12,07 Theft,07* Other theft,-,-,Nhulunbuy,,9
4/08/2026,2024,12,07 Theft,07* Other theft,-,-,NT Balance,Alligator,7
4/08/2026,2024,12,07 Theft,07* Other theft,-,-,NT Balance,Barkly,5
4/08/2026,2024,12,07 Theft,07* Other theft,-,-,NT Balance,Daly,1
4/08/2026,2024,12,07 Theft,07* Other theft,-,-,NT Balance,East Arnhem,16
4/08/2026,2024,12,07 Theft,07* Other theft,-,-,NT Balance,Gulf,5
4/08/2026,2024,12,07 Theft,07* Other theft,-,-,NT Balance,Howard Springs,6
4/08/2026,2024,12,07 Theft,07* Other theft,-,-,NT Balance,Humpty Doo,8
4/08/2026,2024,12,07 Theft,07* Other theft,-,-,NT Balance,Petermann - Simpson,7
4/08/2026,2024,12,07 Theft,07* Other theft,-,-,NT Balance,Tanami,1
4/08/2026,2024,12,07 Theft,07* Other theft,-,-,NT Balance,Thamarrurr,3
4/08/2026,2024,12,07 Theft,07* Other theft,-,-,NT Balance,Tiwi Islands,1
4/08/2026,2024,12,07 Theft,07* Other theft,-,-,NT Balance,Victoria River,8
4/08/2026,2024,12,07 Theft,07* Other theft,-,-,NT Balance,Virginia,11
4/08/2026,2024,12,07 Theft,07* Other theft,-,-,NT Balance,Weddell,5
4/08/2026,2024,12,07 Theft,07* Other theft,-,-,NT Balance,West Arnhem,7
4/08/2026,2024,12,07 Theft,07* Other theft,-,-,NT Balance,Yuendumu - Anmatjere,3
4/08/2026,2024,12,07 Theft,07* Other theft,-,-,NT Balance,Unknown ,9
4/08/2026,2024,12,11 Property damage offences,11 Property damage offences,-,-,Darwin,,180
4/08/2026,2024,12,11 Property damage offences,11 Property damage offences,-,-,Palmerston,,61
4/08/2026,2024,12,11 Property damage offences,11 Property damage offences,-,-,Alice Springs,,280
4/08/2026,2024,12,11 Property damage offences,11 Property damage offences,-,-,Katherine,,48
4/08/2026,2024,12,11 Property damage offences,11 Property damage offences,-,-,Tennant Creek,,44
4/08/2026,2024,12,11 Property damage offences,11 Property damage offences,-,-,Nhulunbuy,,2
4/08/2026,2024,12,11 Property damage offences,11 Property damage offences,-,-,NT Balance,Alligator,4
4/08/2026,2024,12,11 Property damage offences,11 Property damage offences,-,-,NT Balance,Anindilyakwa,3
4/08/2026,2024,12,11 Property damage offences,11 Property damage offences,-,-,NT Balance,Barkly,6
4/08/2026,2024,12,11 Property damage offences,11 Property damage offences,-,-,NT Balance,Daly,10
4/08/2026,2024,12,11 Property damage offences,11 Property damage offences,-,-,NT Balance,East Arnhem,20
4/08/2026,2024,12,11 Property damage offences,11 Property damage offences,-,-,NT Balance,Elsey,2
4/08/2026,2024,12,11 Property damage offences,11 Property damage offences,-,-,NT Balance,Gulf,5
4/08/2026,2024,12,11 Property damage offences,11 Property damage offences,-,-,NT Balance,Howard Springs,4
4/08/2026,2024,12,11 Property damage offences,11 Property damage offences,-,-,NT Balance,Humpty Doo,4
4/08/2026,2024,12,11 Property damage offences,11 Property damage offences,-,-,NT Balance,Petermann - Simpson,5
4/08/2026,2024,12,11 Property damage offences,11 Property damage offences,-,-,NT Balance,Sandover - Plenty,3
4/08/2026,2024,12,11 Property damage offences,11 Property damage offences,-,-,NT Balance,Tanami,6
4/08/2026,2024,12,11 Property damage offences,11 Property damage offences,-,-,NT Balance,Thamarrurr,19
4/08/2026,2024,12,11 Property damage offences,11 Property damage offences,-,-,NT Balance,Tiwi Islands,2
4/08/2026,2024,12,11 Property damage offences,11 Property damage offences,-,-,NT Balance,Victoria River,6
4/08/2026,2024,12,11 Property damage offences,11 Property damage offences,-,-,NT Balance,Virginia,3
4/08/2026,2024,12,11 Property damage offences,11 Property damage offences,-,-,NT Balance,Weddell,1
4/08/2026,2024,12,11 Property damage offences,11 Property damage offences,-,-,NT Balance,West Arnhem,4
4/08/2026,2024,12,11 Property damage offences,11 Property damage offences,-,-,NT Balance,Yuendumu - Anmatjere,4
4/08/2026,2024,12,11 Property damage offences,11 Property damage offences,-,-,NT Balance,Unknown ,8
4/08/2026,2025,1,01 Homicide,0110 Murder,-,-,Alice Springs,,1
4/08/2026,2025,1,01 Homicide,0132 Driving causing death,-,-,NT Balance,Tanami,1
4/08/2026,2025,1,02 Assault,021 Serious Assault,No,No,Darwin,,32
4/08/2026,2025,1,02 Assault,021 Serious Assault,No,No,Palmerston,,12
4/08/2026,2025,1,02 Assault,021 Serious Assault,No,No,Alice Springs,,20
4/08/2026,2025,1,02 Assault,021 Serious Assault,No,No,Katherine,,15
4/08/2026,2025,1,02 Assault,021 Serious Assault,No,No,Tennant Creek,,2
4/08/2026,2025,1,02 Assault,021 Serious Assault,No,No,NT Balance,Alligator,1
4/08/2026,2025,1,02 Assault,021 Serious Assault,No,No,NT Balance,Anindilyakwa,2
4/08/2026,2025,1,02 Assault,021 Serious Assault,No,No,NT Balance,Daly,1
4/08/2026,2025,1,02 Assault,021 Serious Assault,No,No,NT Balance,East Arnhem,5
4/08/2026,2025,1,02 Assault,021 Serious Assault,No,No,NT Balance,Elsey,1
4/08/2026,2025,1,02 Assault,021 Serious Assault,No,No,NT Balance,Howard Springs,9
4/08/2026,2025,1,02 Assault,021 Serious Assault,No,No,NT Balance,Humpty Doo,3
4/08/2026,2025,1,02 Assault,021 Serious Assault,No,No,NT Balance,Petermann - Simpson,1
4/08/2026,2025,1,02 Assault,021 Serious Assault,No,No,NT Balance,Sandover - Plenty,3
4/08/2026,2025,1,02 Assault,021 Serious Assault,No,No,NT Balance,Tanami,1
4/08/2026,2025,1,02 Assault,021 Serious Assault,No,No,NT Balance,Thamarrurr,1
4/08/2026,2025,1,02 Assault,021 Serious Assault,No,No,NT Balance,Tiwi Islands,2
4/08/2026,2025,1,02 Assault,021 Serious Assault,No,No,NT Balance,Victoria River,1
4/08/2026,2025,1,02 Assault,021 Serious Assault,No,No,NT Balance,Virginia,1
4/08/2026,2025,1,02 Assault,021 Serious Assault,No,No,NT Balance,West Arnhem,1
4/08/2026,2025,1,02 Assault,021 Serious Assault,No,No,NT Balance,Yuendumu - Anmatjere,3
4/08/2026,2025,1,02 Assault,021 Serious Assault,No,No,NT Balance,Unknown ,1
4/08/2026,2025,1,02 Assault,021 Serious Assault,No,Yes,Darwin,,31
4/08/2026,2025,1,02 Assault,021 Serious Assault,No,Yes,Palmerston,,31
4/08/2026,2025,1,02 Assault,021 Serious Assault,No,Yes,Alice Springs,,61
4/08/2026,2025,1,02 Assault,021 Serious Assault,No,Yes,Katherine,,20
4/08/2026,2025,1,02 Assault,021 Serious Assault,No,Yes,Tennant Creek,,11
4/08/2026,2025,1,02 Assault,021 Serious Assault,No,Yes,Nhulunbuy,,5
4/08/2026,2025,1,02 Assault,021 Serious Assault,No,Yes,NT Balance,Alligator,4
4/08/2026,2025,1,02 Assault,021 Serious Assault,No,Yes,NT Balance,Anindilyakwa,6
4/08/2026,2025,1,02 Assault,021 Serious Assault,No,Yes,NT Balance,Daly,6
4/08/2026,2025,1,02 Assault,021 Serious Assault,No,Yes,NT Balance,East Arnhem,22
4/08/2026,2025,1,02 Assault,021 Serious Assault,No,Yes,NT Balance,Elsey,5
4/08/2026,2025,1,02 Assault,021 Serious Assault,No,Yes,NT Balance,Gulf,14
4/08/2026,2025,1,02 Assault,021 Serious Assault,No,Yes,NT Balance,Howard Springs,2
4/08/2026,2025,1,02 Assault,021 Serious Assault,No,Yes,NT Balance,Petermann - Simpson,4
4/08/2026,2025,1,02 Assault,021 Serious Assault,No,Yes,NT Balance,Sandover - Plenty,8
4/08/2026,2025,1,02 Assault,021 Serious Assault,No,Yes,NT Balance,Tanami,12
4/08/2026,2025,1,02 Assault,021 Serious Assault,No,Yes,NT Balance,Thamarrurr,15
4/08/2026,2025,1,02 Assault,021 Serious Assault,No,Yes,NT Balance,Tiwi Islands,11
4/08/2026,2025,1,02 Assault,021 Serious Assault,No,Yes,NT Balance,Victoria River,8
4/08/2026,2025,1,02 Assault,021 Serious Assault,No,Yes,NT Balance,Virginia,1
4/08/2026,2025,1,02 Assault,021 Serious Assault,No,Yes,NT Balance,Weddell,2
4/08/2026,2025,1,02 Assault,021 Serious Assault,No,Yes,NT Balance,West Arnhem,15
4/08/2026,2025,1,02 Assault,021 Serious Assault,No,Yes,NT Balance,Yuendumu - Anmatjere,5
4/08/2026,2025,1,02 Assault,021 Serious Assault,No,Yes,NT Balance,Unknown ,7
4/08/2026,2025,1,02 Assault,021 Serious Assault,Yes,No,Darwin,,24
4/08/2026,2025,1,02 Assault,021 Serious Assault,Yes,No,Palmerston,,9
4/08/2026,2025,1,02 Assault,021 Serious Assault,Yes,No,Alice Springs,,23
4/08/2026,2025,1,02 Assault,021 Serious Assault,Yes,No,Katherine,,5
4/08/2026,2025,1,02 Assault,021 Serious Assault,Yes,No,Tennant Creek,,2
4/08/2026,2025,1,02 Assault,021 Serious Assault,Yes,No,NT Balance,Alligator,1
4/08/2026,2025,1,02 Assault,021 Serious Assault,Yes,No,NT Balance,Elsey,1
4/08/2026,2025,1,02 Assault,021 Serious Assault,Yes,No,NT Balance,Gulf,1
4/08/2026,2025,1,02 Assault,021 Serious Assault,Yes,No,NT Balance,Tanami,1
4/08/2026,2025,1,02 Assault,021 Serious Assault,Yes,No,NT Balance,West Arnhem,1
4/08/2026,2025,1,02 Assault,021 Serious Assault,Yes,No,NT Balance,Unknown ,1
4/08/2026,2025,1,02 Assault,021 Serious Assault,Yes,Yes,Darwin,,66
4/08/2026,2025,1,02 Assault,021 Serious Assault,Yes,Yes,Palmerston,,36
4/08/2026,2025,1,02 Assault,021 Serious Assault,Yes,Yes,Alice Springs,,64
4/08/2026,2025,1,02 Assault,021 Serious Assault,Yes,Yes,Katherine,,37
4/08/2026,2025,1,02 Assault,021 Serious Assault,Yes,Yes,Tennant Creek,,23
4/08/2026,2025,1,02 Assault,021 Serious Assault,Yes,Yes,Nhulunbuy,,5
4/08/2026,2025,1,02 Assault,021 Serious Assault,Yes,Yes,NT Balance,Alligator,6
4/08/2026,2025,1,02 Assault,021 Serious Assault,Yes,Yes,NT Balance,Barkly,4
4/08/2026,2025,1,02 Assault,021 Serious Assault,Yes,Yes,NT Balance,Daly,1
4/08/2026,2025,1,02 Assault,021 Serious Assault,Yes,Yes,NT Balance,East Arnhem,1
4/08/2026,2025,1,02 Assault,021 Serious Assault,Yes,Yes,NT Balance,Elsey,2
4/08/2026,2025,1,02 Assault,021 Serious Assault,Yes,Yes,NT Balance,Gulf,7
4/08/2026,2025,1,02 Assault,021 Serious Assault,Yes,Yes,NT Balance,Petermann - Simpson,1
4/08/2026,2025,1,02 Assault,021 Serious Assault,Yes,Yes,NT Balance,Sandover - Plenty,1
4/08/2026,2025,1,02 Assault,021 Serious Assault,Yes,Yes,NT Balance,Tanami,1
4/08/2026,2025,1,02 Assault,021 Serious Assault,Yes,Yes,NT Balance,Thamarrurr,9
4/08/2026,2025,1,02 Assault,021 Serious Assault,Yes,Yes,NT Balance,Tiwi Islands,1
4/08/2026,2025,1,02 Assault,021 Serious Assault,Yes,Yes,NT Balance,Victoria River,2
4/08/2026,2025,1,02 Assault,021 Serious Assault,Yes,Yes,NT Balance,Weddell,1
4/08/2026,2025,1,02 Assault,021 Serious Assault,Yes,Yes,NT Balance,West Arnhem,6
4/08/2026,2025,1,02 Assault,021 Serious Assault,Yes,Yes,NT Balance,Yuendumu - Anmatjere,2
4/08/2026,2025,1,02 Assault,021 Serious Assault,Yes,Yes,NT Balance,Unknown ,2
4/08/2026,2025,1,02 Assault,022 Assault of a prescribed officer,No,No,Darwin,,2
4/08/2026,2025,1,02 Assault,022 Assault of a prescribed officer,No,No,Alice Springs,,4
4/08/2026,2025,1,02 Assault,022 Assault of a prescribed officer,No,No,NT Balance,Daly,1
4/08/2026,2025,1,02 Assault,022 Assault of a prescribed officer,No,No,NT Balance,East Arnhem,1
4/08/2026,2025,1,02 Assault,022 Assault of a prescribed officer,No,No,NT Balance,Elsey,1
4/08/2026,2025,1,02 Assault,022 Assault of a prescribed officer,No,Yes,Palmerston,,1
4/08/2026,2025,1,02 Assault,022 Assault of a prescribed officer,No,Yes,Alice Springs,,3
4/08/2026,2025,1,02 Assault,022 Assault of a prescribed officer,No,Yes,Katherine,,1
4/08/2026,2025,1,02 Assault,022 Assault of a prescribed officer,Yes,No,Darwin,,5
4/08/2026,2025,1,02 Assault,022 Assault of a prescribed officer,Yes,No,Palmerston,,2
4/08/2026,2025,1,02 Assault,022 Assault of a prescribed officer,Yes,No,Alice Springs,,5
4/08/2026,2025,1,02 Assault,022 Assault of a prescribed officer,Yes,No,Katherine,,1
4/08/2026,2025,1,02 Assault,022 Assault of a prescribed officer,Yes,No,Nhulunbuy,,1
4/08/2026,2025,1,02 Assault,022 Assault of a prescribed officer,Yes,No,NT Balance,Thamarrurr,2
4/08/2026,2025,1,02 Assault,022 Assault of a prescribed officer,Yes,No,NT Balance,Yuendumu - Anmatjere,1
4/08/2026,2025,1,02 Assault,022 Assault of a prescribed officer,Yes,Yes,Alice Springs,,4
4/08/2026,2025,1,02 Assault,022 Assault of a prescribed officer,Yes,Yes,Tennant Creek,,1
4/08/2026,2025,1,02 Assault,022 Assault of a prescribed officer,Yes,Yes,NT Balance,Petermann - Simpson,1
4/08/2026,2025,1,02 Assault,022 Assault of a prescribed officer,Yes,Yes,NT Balance,Thamarrurr,1
4/08/2026,2025,1,02 Assault,023 Common Assault,No,No,Darwin,,19
4/08/2026,2025,1,02 Assault,023 Common Assault,No,No,Palmerston,,4
4/08/2026,2025,1,02 Assault,023 Common Assault,No,No,Alice Springs,,17
4/08/2026,2025,1,02 Assault,023 Common Assault,No,No,Katherine,,2
4/08/2026,2025,1,02 Assault,023 Common Assault,No,No,NT Balance,Daly,1
4/08/2026,2025,1,02 Assault,023 Common Assault,No,No,NT Balance,East Arnhem,1
4/08/2026,2025,1,02 Assault,023 Common Assault,No,No,NT Balance,Gulf,1
4/08/2026,2025,1,02 Assault,023 Common Assault,No,No,NT Balance,Howard Springs,5
4/08/2026,2025,1,02 Assault,023 Common Assault,No,No,NT Balance,Humpty Doo,1
4/08/2026,2025,1,02 Assault,023 Common Assault,No,No,NT Balance,Sandover - Plenty,3
4/08/2026,2025,1,02 Assault,023 Common Assault,No,No,NT Balance,Tanami,1
4/08/2026,2025,1,02 Assault,023 Common Assault,No,No,NT Balance,Thamarrurr,4
4/08/2026,2025,1,02 Assault,023 Common Assault,No,No,NT Balance,West Arnhem,1
4/08/2026,2025,1,02 Assault,023 Common Assault,No,Yes,Darwin,,5
4/08/2026,2025,1,02 Assault,023 Common Assault,No,Yes,Palmerston,,5
4/08/2026,2025,1,02 Assault,023 Common Assault,No,Yes,Alice Springs,,10
4/08/2026,2025,1,02 Assault,023 Common Assault,No,Yes,Tennant Creek,,1
4/08/2026,2025,1,02 Assault,023 Common Assault,No,Yes,NT Balance,Anindilyakwa,1
4/08/2026,2025,1,02 Assault,023 Common Assault,No,Yes,NT Balance,East Arnhem,2
4/08/2026,2025,1,02 Assault,023 Common Assault,No,Yes,NT Balance,Gulf,1
4/08/2026,2025,1,02 Assault,023 Common Assault,No,Yes,NT Balance,Petermann - Simpson,1
4/08/2026,2025,1,02 Assault,023 Common Assault,No,Yes,NT Balance,Sandover - Plenty,1
4/08/2026,2025,1,02 Assault,023 Common Assault,No,Yes,NT Balance,Thamarrurr,3
4/08/2026,2025,1,02 Assault,023 Common Assault,No,Yes,NT Balance,West Arnhem,5
4/08/2026,2025,1,02 Assault,023 Common Assault,Yes,No,Darwin,,15
4/08/2026,2025,1,02 Assault,023 Common Assault,Yes,No,Alice Springs,,4
4/08/2026,2025,1,02 Assault,023 Common Assault,Yes,No,Katherine,,1
4/08/2026,2025,1,02 Assault,023 Common Assault,Yes,No,NT Balance,Gulf,1
4/08/2026,2025,1,02 Assault,023 Common Assault,Yes,Yes,Darwin,,7
4/08/2026,2025,1,02 Assault,023 Common Assault,Yes,Yes,Palmerston,,3
4/08/2026,2025,1,02 Assault,023 Common Assault,Yes,Yes,Alice Springs,,9
4/08/2026,2025,1,02 Assault,023 Common Assault,Yes,Yes,Katherine,,5
4/08/2026,2025,1,02 Assault,023 Common Assault,Yes,Yes,Tennant Creek,,1
4/08/2026,2025,1,02 Assault,023 Common Assault,Yes,Yes,NT Balance,Alligator,1
4/08/2026,2025,1,02 Assault,023 Common Assault,Yes,Yes,NT Balance,Daly,1
4/08/2026,2025,1,02 Assault,023 Common Assault,Yes,Yes,NT Balance,East Arnhem,1
4/08/2026,2025,1,02 Assault,023 Common Assault,Yes,Yes,NT Balance,Gulf,2
4/08/2026,2025,1,02 Assault,023 Common Assault,Yes,Yes,NT Balance,Humpty Doo,1
4/08/2026,2025,1,02 Assault,023 Common Assault,Yes,Yes,NT Balance,Thamarrurr,2
4/08/2026,2025,1,03 Sexual offences,031 Sexual assault of an adult,-,-,Darwin,,8
4/08/2026,2025,1,03 Sexual offences,031 Sexual assault of an adult,-,-,Palmerston,,6
4/08/2026,2025,1,03 Sexual offences,031 Sexual assault of an adult,-,-,Alice Springs,,8
4/08/2026,2025,1,03 Sexual offences,031 Sexual assault of an adult,-,-,Katherine,,3
4/08/2026,2025,1,03 Sexual offences,031 Sexual assault of an adult,-,-,Tennant Creek,,4
4/08/2026,2025,1,03 Sexual offences,031 Sexual assault of an adult,-,-,NT Balance,East Arnhem,1
4/08/2026,2025,1,03 Sexual offences,031 Sexual assault of an adult,-,-,NT Balance,Elsey,1
4/08/2026,2025,1,03 Sexual offences,031 Sexual assault of an adult,-,-,NT Balance,Gulf,1
4/08/2026,2025,1,03 Sexual offences,031 Sexual assault of an adult,-,-,NT Balance,Howard Springs,1
4/08/2026,2025,1,03 Sexual offences,031 Sexual assault of an adult,-,-,NT Balance,Humpty Doo,1
4/08/2026,2025,1,03 Sexual offences,032 Sexual assault of a child,-,-,Darwin,,3
4/08/2026,2025,1,03 Sexual offences,032 Sexual assault of a child,-,-,Palmerston,,1
4/08/2026,2025,1,03 Sexual offences,032 Sexual assault of a child,-,-,Alice Springs,,3
4/08/2026,2025,1,03 Sexual offences,032 Sexual assault of a child,-,-,NT Balance,East Arnhem,2
4/08/2026,2025,1,03 Sexual offences,032 Sexual assault of a child,-,-,NT Balance,Tiwi Islands,1
4/08/2026,2025,1,03 Sexual offences,032 Sexual assault of a child,-,-,NT Balance,Victoria River,1
4/08/2026,2025,1,03 Sexual offences,"033, 034 Other child-related sexual offences",-,-,Darwin,,2
4/08/2026,2025,1,03 Sexual offences,"035, 039 Other sexual offences",-,-,Darwin,,4
4/08/2026,2025,1,03 Sexual offences,"035, 039 Other sexual offences",-,-,Palmerston,,1
4/08/2026,2025,1,03 Sexual offences,"035, 039 Other sexual offences",-,-,Alice Springs,,1
4/08/2026,2025,1,03 Sexual offences,"035, 039 Other sexual offences",-,-,Katherine,,2
4/08/2026,2025,1,03 Sexual offences,"035, 039 Other sexual offences",-,-,Tennant Creek,,2
4/08/2026,2025,1,04 Harm or endanger persons,"041, 042, 043 Human trafficking, abduction, deprivation of liberty",-,-,Darwin,,1
4/08/2026,2025,1,04 Harm or endanger persons,"041, 042, 043 Human trafficking, abduction, deprivation of liberty",-,-,Tennant Creek,,3
4/08/2026,2025,1,04 Harm or endanger persons,"044 Acts that threaten, harass or control",-,-,Darwin,,16
4/08/2026,2025,1,04 Harm or endanger persons,"044 Acts that threaten, harass or control",-,-,Palmerston,,15
4/08/2026,2025,1,04 Harm or endanger persons,"044 Acts that threaten, harass or control",-,-,Alice Springs,,22
4/08/2026,2025,1,04 Harm or endanger persons,"044 Acts that threaten, harass or control",-,-,Katherine,,1
4/08/2026,2025,1,04 Harm or endanger persons,"044 Acts that threaten, harass or control",-,-,Tennant Creek,,6
4/08/2026,2025,1,04 Harm or endanger persons,"044 Acts that threaten, harass or control",-,-,NT Balance,Anindilyakwa,1
4/08/2026,2025,1,04 Harm or endanger persons,"044 Acts that threaten, harass or control",-,-,NT Balance,East Arnhem,6
4/08/2026,2025,1,04 Harm or endanger persons,"044 Acts that threaten, harass or control",-,-,NT Balance,Sandover - Plenty,1
4/08/2026,2025,1,04 Harm or endanger persons,"044 Acts that threaten, harass or control",-,-,NT Balance,Tanami,2
4/08/2026,2025,1,04 Harm or endanger persons,"044 Acts that threaten, harass or control",-,-,NT Balance,Thamarrurr,1
4/08/2026,2025,1,04 Harm or endanger persons,"044 Acts that threaten, harass or control",-,-,NT Balance,Tiwi Islands,2
4/08/2026,2025,1,04 Harm or endanger persons,"044 Acts that threaten, harass or control",-,-,NT Balance,West Arnhem,3
4/08/2026,2025,1,04 Harm or endanger persons,"044 Acts that threaten, harass or control",-,-,NT Balance,Yuendumu - Anmatjere,2
4/08/2026,2025,1,04 Harm or endanger persons,"044 Acts that threaten, harass or control",-,-,NT Balance,Unknown ,2
4/08/2026,2025,1,04 Harm or endanger persons,045 Driving causing serious injury,-,-,Alice Springs,,1
4/08/2026,2025,1,04 Harm or endanger persons,045 Driving causing serious injury,-,-,NT Balance,Alligator,1
4/08/2026,2025,1,04 Harm or endanger persons,049 Other acts that harm or endanger persons,-,-,Darwin,,3
4/08/2026,2025,1,04 Harm or endanger persons,049 Other acts that harm or endanger persons,-,-,Palmerston,,4
4/08/2026,2025,1,04 Harm or endanger persons,049 Other acts that harm or endanger persons,-,-,Alice Springs,,1
4/08/2026,2025,1,04 Harm or endanger persons,049 Other acts that harm or endanger persons,-,-,Katherine,,4
4/08/2026,2025,1,04 Harm or endanger persons,049 Other acts that harm or endanger persons,-,-,NT Balance,Alligator,2
4/08/2026,2025,1,04 Harm or endanger persons,049 Other acts that harm or endanger persons,-,-,NT Balance,Anindilyakwa,1
4/08/2026,2025,1,04 Harm or endanger persons,049 Other acts that harm or endanger persons,-,-,NT Balance,Barkly,2
4/08/2026,2025,1,04 Harm or endanger persons,049 Other acts that harm or endanger persons,-,-,NT Balance,Gulf,1
4/08/2026,2025,1,04 Harm or endanger persons,049 Other acts that harm or endanger persons,-,-,NT Balance,Thamarrurr,2
4/08/2026,2025,1,04 Harm or endanger persons,049 Other acts that harm or endanger persons,-,-,NT Balance,Virginia,1
4/08/2026,2025,1,04 Harm or endanger persons,049 Other acts that harm or endanger persons,-,-,NT Balance,West Arnhem,1
4/08/2026,2025,1,"05 Robbery, blackmail, and extortion",051 Robbery,-,-,Darwin,,7
4/08/2026,2025,1,"05 Robbery, blackmail, and extortion",051 Robbery,-,-,Alice Springs,,9
4/08/2026,2025,1,"05 Robbery, blackmail, and extortion",051 Robbery,-,-,Katherine,,6
4/08/2026,2025,1,"05 Robbery, blackmail, and extortion",051 Robbery,-,-,Tennant Creek,,2
4/08/2026,2025,1,"05 Robbery, blackmail, and extortion",051 Robbery,-,-,NT Balance,East Arnhem,1
4/08/2026,2025,1,"05 Robbery, blackmail, and extortion",051 Robbery,-,-,NT Balance,Unknown ,1
4/08/2026,2025,1,061 Burglary - dwelling,"061 Burglary - dwelling (house break-ins), actual",-,-,Darwin,,30
4/08/2026,2025,1,061 Burglary - dwelling,"061 Burglary - dwelling (house break-ins), actual",-,-,Palmerston,,22
4/08/2026,2025,1,061 Burglary - dwelling,"061 Burglary - dwelling (house break-ins), actual",-,-,Alice Springs,,57
4/08/2026,2025,1,061 Burglary - dwelling,"061 Burglary - dwelling (house break-ins), actual",-,-,Katherine,,13
4/08/2026,2025,1,061 Burglary - dwelling,"061 Burglary - dwelling (house break-ins), actual",-,-,Tennant Creek,,7
4/08/2026,2025,1,061 Burglary - dwelling,"061 Burglary - dwelling (house break-ins), actual",-,-,Nhulunbuy,,3
4/08/2026,2025,1,061 Burglary - dwelling,"061 Burglary - dwelling (house break-ins), actual",-,-,NT Balance,Alligator,1
4/08/2026,2025,1,061 Burglary - dwelling,"061 Burglary - dwelling (house break-ins), actual",-,-,NT Balance,Anindilyakwa,1
4/08/2026,2025,1,061 Burglary - dwelling,"061 Burglary - dwelling (house break-ins), actual",-,-,NT Balance,Barkly,4
4/08/2026,2025,1,061 Burglary - dwelling,"061 Burglary - dwelling (house break-ins), actual",-,-,NT Balance,Daly,2
4/08/2026,2025,1,061 Burglary - dwelling,"061 Burglary - dwelling (house break-ins), actual",-,-,NT Balance,East Arnhem,3
4/08/2026,2025,1,061 Burglary - dwelling,"061 Burglary - dwelling (house break-ins), actual",-,-,NT Balance,Gulf,7
4/08/2026,2025,1,061 Burglary - dwelling,"061 Burglary - dwelling (house break-ins), actual",-,-,NT Balance,Humpty Doo,1
4/08/2026,2025,1,061 Burglary - dwelling,"061 Burglary - dwelling (house break-ins), actual",-,-,NT Balance,Sandover - Plenty,1
4/08/2026,2025,1,061 Burglary - dwelling,"061 Burglary - dwelling (house break-ins), actual",-,-,NT Balance,Thamarrurr,2
4/08/2026,2025,1,061 Burglary - dwelling,"061 Burglary - dwelling (house break-ins), actual",-,-,NT Balance,Virginia,1
4/08/2026,2025,1,061 Burglary - dwelling,"061 Burglary - dwelling (house break-ins), actual",-,-,NT Balance,West Arnhem,3
4/08/2026,2025,1,061 Burglary - dwelling,"061 Burglary - dwelling (house break-ins), actual",-,-,NT Balance,Unknown ,1
4/08/2026,2025,1,061 Burglary - dwelling,"061 Burglary - dweling (house break-ins), attempted",-,-,Darwin,,10
4/08/2026,2025,1,061 Burglary - dwelling,"061 Burglary - dweling (house break-ins), attempted",-,-,Palmerston,,9
4/08/2026,2025,1,061 Burglary - dwelling,"061 Burglary - dweling (house break-ins), attempted",-,-,Alice Springs,,12
4/08/2026,2025,1,061 Burglary - dwelling,"061 Burglary - dweling (house break-ins), attempted",-,-,Katherine,,3
4/08/2026,2025,1,061 Burglary - dwelling,"061 Burglary - dweling (house break-ins), attempted",-,-,Tennant Creek,,1
4/08/2026,2025,1,061 Burglary - dwelling,"061 Burglary - dweling (house break-ins), attempted",-,-,Nhulunbuy,,1
4/08/2026,2025,1,061 Burglary - dwelling,"061 Burglary - dweling (house break-ins), attempted",-,-,NT Balance,East Arnhem,5
4/08/2026,2025,1,061 Burglary - dwelling,"061 Burglary - dweling (house break-ins), attempted",-,-,NT Balance,Thamarrurr,2
4/08/2026,2025,1,062 Burglary - non-residential,"062 Burglary - non-residential (commercial break-ins), actual",-,-,Darwin,,34
4/08/2026,2025,1,062 Burglary - non-residential,"062 Burglary - non-residential (commercial break-ins), actual",-,-,Palmerston,,6
4/08/2026,2025,1,062 Burglary - non-residential,"062 Burglary - non-residential (commercial break-ins), actual",-,-,Alice Springs,,12
4/08/2026,2025,1,062 Burglary - non-residential,"062 Burglary - non-residential (commercial break-ins), actual",-,-,Katherine,,10
4/08/2026,2025,1,062 Burglary - non-residential,"062 Burglary - non-residential (commercial break-ins), actual",-,-,Tennant Creek,,6
4/08/2026,2025,1,062 Burglary - non-residential,"062 Burglary - non-residential (commercial break-ins), actual",-,-,Nhulunbuy,,1
4/08/2026,2025,1,062 Burglary - non-residential,"062 Burglary - non-residential (commercial break-ins), actual",-,-,NT Balance,Alligator,1
4/08/2026,2025,1,062 Burglary - non-residential,"062 Burglary - non-residential (commercial break-ins), actual",-,-,NT Balance,Anindilyakwa,1
4/08/2026,2025,1,062 Burglary - non-residential,"062 Burglary - non-residential (commercial break-ins), actual",-,-,NT Balance,Barkly,4
4/08/2026,2025,1,062 Burglary - non-residential,"062 Burglary - non-residential (commercial break-ins), actual",-,-,NT Balance,Daly,3
4/08/2026,2025,1,062 Burglary - non-residential,"062 Burglary - non-residential (commercial break-ins), actual",-,-,NT Balance,East Arnhem,14
4/08/2026,2025,1,062 Burglary - non-residential,"062 Burglary - non-residential (commercial break-ins), actual",-,-,NT Balance,Elsey,1
4/08/2026,2025,1,062 Burglary - non-residential,"062 Burglary - non-residential (commercial break-ins), actual",-,-,NT Balance,Gulf,5
4/08/2026,2025,1,062 Burglary - non-residential,"062 Burglary - non-residential (commercial break-ins), actual",-,-,NT Balance,Sandover - Plenty,3
4/08/2026,2025,1,062 Burglary - non-residential,"062 Burglary - non-residential (commercial break-ins), actual",-,-,NT Balance,Tanami,2
4/08/2026,2025,1,062 Burglary - non-residential,"062 Burglary - non-residential (commercial break-ins), actual",-,-,NT Balance,Thamarrurr,6
4/08/2026,2025,1,062 Burglary - non-residential,"062 Burglary - non-residential (commercial break-ins), actual",-,-,NT Balance,Tiwi Islands,1
4/08/2026,2025,1,062 Burglary - non-residential,"062 Burglary - non-residential (commercial break-ins), actual",-,-,NT Balance,Victoria River,4
4/08/2026,2025,1,062 Burglary - non-residential,"062 Burglary - non-residential (commercial break-ins), actual",-,-,NT Balance,Virginia,3
4/08/2026,2025,1,062 Burglary - non-residential,"062 Burglary - non-residential (commercial break-ins), actual",-,-,NT Balance,West Arnhem,8
4/08/2026,2025,1,062 Burglary - non-residential,"062 Burglary - non-residential (commercial break-ins), actual",-,-,NT Balance,Yuendumu - Anmatjere,4
4/08/2026,2025,1,062 Burglary - non-residential,"062 Burglary - non-residential (commercial break-ins), actual",-,-,NT Balance,Unknown ,2
4/08/2026,2025,1,062 Burglary - non-residential,"062 Burglary - non-residential (commercial break-ins), attempted",-,-,Darwin,,2
4/08/2026,2025,1,062 Burglary - non-residential,"062 Burglary - non-residential (commercial break-ins), attempted",-,-,Alice Springs,,8
4/08/2026,2025,1,062 Burglary - non-residential,"062 Burglary - non-residential (commercial break-ins), attempted",-,-,Nhulunbuy,,1
4/08/2026,2025,1,062 Burglary - non-residential,"062 Burglary - non-residential (commercial break-ins), attempted",-,-,NT Balance,Tanami,1
4/08/2026,2025,1,062 Burglary - non-residential,"062 Burglary - non-residential (commercial break-ins), attempted",-,-,NT Balance,West Arnhem,1
4/08/2026,2025,1,07 Theft,071 Motor vehicle theft and related offences,-,-,Darwin,,22
4/08/2026,2025,1,07 Theft,071 Motor vehicle theft and related offences,-,-,Palmerston,,5
4/08/2026,2025,1,07 Theft,071 Motor vehicle theft and related offences,-,-,Alice Springs,,14
4/08/2026,2025,1,07 Theft,071 Motor vehicle theft and related offences,-,-,Tennant Creek,,1
4/08/2026,2025,1,07 Theft,071 Motor vehicle theft and related offences,-,-,NT Balance,Barkly,2
4/08/2026,2025,1,07 Theft,071 Motor vehicle theft and related offences,-,-,NT Balance,Humpty Doo,2
4/08/2026,2025,1,07 Theft,071 Motor vehicle theft and related offences,-,-,NT Balance,Virginia,2
4/08/2026,2025,1,07 Theft,071 Motor vehicle theft and related offences,-,-,NT Balance,West Arnhem,1
4/08/2026,2025,1,07 Theft,07* Other theft,-,-,Darwin,,282
4/08/2026,2025,1,07 Theft,07* Other theft,-,-,Palmerston,,92
4/08/2026,2025,1,07 Theft,07* Other theft,-,-,Alice Springs,,77
4/08/2026,2025,1,07 Theft,07* Other theft,-,-,Katherine,,40
4/08/2026,2025,1,07 Theft,07* Other theft,-,-,Tennant Creek,,19
4/08/2026,2025,1,07 Theft,07* Other theft,-,-,Nhulunbuy,,5
4/08/2026,2025,1,07 Theft,07* Other theft,-,-,NT Balance,Alligator,11
4/08/2026,2025,1,07 Theft,07* Other theft,-,-,NT Balance,Anindilyakwa,3
4/08/2026,2025,1,07 Theft,07* Other theft,-,-,NT Balance,Barkly,6
4/08/2026,2025,1,07 Theft,07* Other theft,-,-,NT Balance,Daly,7
4/08/2026,2025,1,07 Theft,07* Other theft,-,-,NT Balance,East Arnhem,15
4/08/2026,2025,1,07 Theft,07* Other theft,-,-,NT Balance,Elsey,1
4/08/2026,2025,1,07 Theft,07* Other theft,-,-,NT Balance,Gulf,9
4/08/2026,2025,1,07 Theft,07* Other theft,-,-,NT Balance,Howard Springs,6
4/08/2026,2025,1,07 Theft,07* Other theft,-,-,NT Balance,Humpty Doo,8
4/08/2026,2025,1,07 Theft,07* Other theft,-,-,NT Balance,Petermann - Simpson,4
4/08/2026,2025,1,07 Theft,07* Other theft,-,-,NT Balance,Sandover - Plenty,1
4/08/2026,2025,1,07 Theft,07* Other theft,-,-,NT Balance,Thamarrurr,2
4/08/2026,2025,1,07 Theft,07* Other theft,-,-,NT Balance,Tiwi Islands,5
4/08/2026,2025,1,07 Theft,07* Other theft,-,-,NT Balance,Victoria River,1
4/08/2026,2025,1,07 Theft,07* Other theft,-,-,NT Balance,Virginia,16
4/08/2026,2025,1,07 Theft,07* Other theft,-,-,NT Balance,Weddell,2
4/08/2026,2025,1,07 Theft,07* Other theft,-,-,NT Balance,West Arnhem,9
4/08/2026,2025,1,07 Theft,07* Other theft,-,-,NT Balance,Unknown ,11
4/08/2026,2025,1,11 Property damage offences,11 Property damage offences,-,-,Darwin,,202
4/08/2026,2025,1,11 Property damage offences,11 Property damage offences,-,-,Palmerston,,77
4/08/2026,2025,1,11 Property damage offences,11 Property damage offences,-,-,Alice Springs,,149
4/08/2026,2025,1,11 Property damage offences,11 Property damage offences,-,-,Katherine,,50
4/08/2026,2025,1,11 Property damage offences,11 Property damage offences,-,-,Tennant Creek,,37
4/08/2026,2025,1,11 Property damage offences,11 Property damage offences,-,-,Nhulunbuy,,8
4/08/2026,2025,1,11 Property damage offences,11 Property damage offences,-,-,NT Balance,Alligator,8
4/08/2026,2025,1,11 Property damage offences,11 Property damage offences,-,-,NT Balance,Anindilyakwa,7
4/08/2026,2025,1,11 Property damage offences,11 Property damage offences,-,-,NT Balance,Barkly,3
4/08/2026,2025,1,11 Property damage offences,11 Property damage offences,-,-,NT Balance,Daly,13
4/08/2026,2025,1,11 Property damage offences,11 Property damage offences,-,-,NT Balance,East Arnhem,33
4/08/2026,2025,1,11 Property damage offences,11 Property damage offences,-,-,NT Balance,Elsey,1
4/08/2026,2025,1,11 Property damage offences,11 Property damage offences,-,-,NT Balance,Gulf,13
4/08/2026,2025,1,11 Property damage offences,11 Property damage offences,-,-,NT Balance,Howard Springs,5
4/08/2026,2025,1,11 Property damage offences,11 Property damage offences,-,-,NT Balance,Humpty Doo,2
4/08/2026,2025,1,11 Property damage offences,11 Property damage offences,-,-,NT Balance,Petermann - Simpson,5
4/08/2026,2025,1,11 Property damage offences,11 Property damage offences,-,-,NT Balance,Sandover - Plenty,1
4/08/2026,2025,1,11 Property damage offences,11 Property damage offences,-,-,NT Balance,Tanami,3
4/08/2026,2025,1,11 Property damage offences,11 Property damage offences,-,-,NT Balance,Thamarrurr,21
4/08/2026,2025,1,11 Property damage offences,11 Property damage offences,-,-,NT Balance,Tiwi Islands,2
4/08/2026,2025,1,11 Property damage offences,11 Property damage offences,-,-,NT Balance,Victoria River,4
4/08/2026,2025,1,11 Property damage offences,11 Property damage offences,-,-,NT Balance,Virginia,4
4/08/2026,2025,1,11 Property damage offences,11 Property damage offences,-,-,NT Balance,Weddell,1
4/08/2026,2025,1,11 Property damage offences,11 Property damage offences,-,-,NT Balance,West Arnhem,27
4/08/2026,2025,1,11 Property damage offences,11 Property damage offences,-,-,NT Balance,Yuendumu - Anmatjere,3
4/08/2026,2025,1,11 Property damage offences,11 Property damage offences,-,-,NT Balance,Unknown ,24
4/08/2026,2025,2,01 Homicide,0110 Murder,-,-,Darwin,,1
4/08/2026,2025,2,01 Homicide,0110 Murder,-,-,Alice Springs,,1
4/08/2026,2025,2,02 Assault,021 Serious Assault,No,No,Darwin,,30
4/08/2026,2025,2,02 Assault,021 Serious Assault,No,No,Palmerston,,9
4/08/2026,2025,2,02 Assault,021 Serious Assault,No,No,Alice Springs,,19
4/08/2026,2025,2,02 Assault,021 Serious Assault,No,No,Katherine,,6
4/08/2026,2025,2,02 Assault,021 Serious Assault,No,No,Nhulunbuy,,1
4/08/2026,2025,2,02 Assault,021 Serious Assault,No,No,NT Balance,Alligator,1
4/08/2026,2025,2,02 Assault,021 Serious Assault,No,No,NT Balance,Barkly,1
4/08/2026,2025,2,02 Assault,021 Serious Assault,No,No,NT Balance,Daly,2
4/08/2026,2025,2,02 Assault,021 Serious Assault,No,No,NT Balance,East Arnhem,5
4/08/2026,2025,2,02 Assault,021 Serious Assault,No,No,NT Balance,Gulf,2
4/08/2026,2025,2,02 Assault,021 Serious Assault,No,No,NT Balance,Howard Springs,5
4/08/2026,2025,2,02 Assault,021 Serious Assault,No,No,NT Balance,Tanami,1
4/08/2026,2025,2,02 Assault,021 Serious Assault,No,No,NT Balance,Thamarrurr,1
4/08/2026,2025,2,02 Assault,021 Serious Assault,No,No,NT Balance,Tiwi Islands,4
4/08/2026,2025,2,02 Assault,021 Serious Assault,No,No,NT Balance,West Arnhem,3
4/08/2026,2025,2,02 Assault,021 Serious Assault,No,No,NT Balance,Yuendumu - Anmatjere,1
4/08/2026,2025,2,02 Assault,021 Serious Assault,No,No,NT Balance,Unknown ,5
4/08/2026,2025,2,02 Assault,021 Serious Assault,No,Yes,Darwin,,53
4/08/2026,2025,2,02 Assault,021 Serious Assault,No,Yes,Palmerston,,15
4/08/2026,2025,2,02 Assault,021 Serious Assault,No,Yes,Alice Springs,,46
4/08/2026,2025,2,02 Assault,021 Serious Assault,No,Yes,Katherine,,18
4/08/2026,2025,2,02 Assault,021 Serious Assault,No,Yes,Tennant Creek,,5
4/08/2026,2025,2,02 Assault,021 Serious Assault,No,Yes,Nhulunbuy,,1
4/08/2026,2025,2,02 Assault,021 Serious Assault,No,Yes,NT Balance,Alligator,2
4/08/2026,2025,2,02 Assault,021 Serious Assault,No,Yes,NT Balance,Anindilyakwa,2
4/08/2026,2025,2,02 Assault,021 Serious Assault,No,Yes,NT Balance,Barkly,3
4/08/2026,2025,2,02 Assault,021 Serious Assault,No,Yes,NT Balance,Daly,3
4/08/2026,2025,2,02 Assault,021 Serious Assault,No,Yes,NT Balance,East Arnhem,16
4/08/2026,2025,2,02 Assault,021 Serious Assault,No,Yes,NT Balance,Elsey,1
4/08/2026,2025,2,02 Assault,021 Serious Assault,No,Yes,NT Balance,Gulf,22
4/08/2026,2025,2,02 Assault,021 Serious Assault,No,Yes,NT Balance,Howard Springs,5
4/08/2026,2025,2,02 Assault,021 Serious Assault,No,Yes,NT Balance,Humpty Doo,3
4/08/2026,2025,2,02 Assault,021 Serious Assault,No,Yes,NT Balance,Petermann - Simpson,5
4/08/2026,2025,2,02 Assault,021 Serious Assault,No,Yes,NT Balance,Sandover - Plenty,8
4/08/2026,2025,2,02 Assault,021 Serious Assault,No,Yes,NT Balance,Tanami,9
4/08/2026,2025,2,02 Assault,021 Serious Assault,No,Yes,NT Balance,Thamarrurr,16
4/08/2026,2025,2,02 Assault,021 Serious Assault,No,Yes,NT Balance,Tiwi Islands,6
4/08/2026,2025,2,02 Assault,021 Serious Assault,No,Yes,NT Balance,Victoria River,9
4/08/2026,2025,2,02 Assault,021 Serious Assault,No,Yes,NT Balance,Virginia,1
4/08/2026,2025,2,02 Assault,021 Serious Assault,No,Yes,NT Balance,West Arnhem,21
4/08/2026,2025,2,02 Assault,021 Serious Assault,No,Yes,NT Balance,Yuendumu - Anmatjere,5
4/08/2026,2025,2,02 Assault,021 Serious Assault,No,Yes,NT Balance,Unknown ,3
4/08/2026,2025,2,02 Assault,021 Serious Assault,Yes,No,Darwin,,19
4/08/2026,2025,2,02 Assault,021 Serious Assault,Yes,No,Palmerston,,10
4/08/2026,2025,2,02 Assault,021 Serious Assault,Yes,No,Alice Springs,,17
4/08/2026,2025,2,02 Assault,021 Serious Assault,Yes,No,Katherine,,3
4/08/2026,2025,2,02 Assault,021 Serious Assault,Yes,No,Tennant Creek,,4
4/08/2026,2025,2,02 Assault,021 Serious Assault,Yes,No,NT Balance,Gulf,1
4/08/2026,2025,2,02 Assault,021 Serious Assault,Yes,No,NT Balance,Petermann - Simpson,1
4/08/2026,2025,2,02 Assault,021 Serious Assault,Yes,No,NT Balance,Tanami,1
4/08/2026,2025,2,02 Assault,021 Serious Assault,Yes,No,NT Balance,Unknown ,2
4/08/2026,2025,2,02 Assault,021 Serious Assault,Yes,Yes,Darwin,,72
4/08/2026,2025,2,02 Assault,021 Serious Assault,Yes,Yes,Palmerston,,24
4/08/2026,2025,2,02 Assault,021 Serious Assault,Yes,Yes,Alice Springs,,55
4/08/2026,2025,2,02 Assault,021 Serious Assault,Yes,Yes,Katherine,,40
4/08/2026,2025,2,02 Assault,021 Serious Assault,Yes,Yes,Tennant Creek,,24
4/08/2026,2025,2,02 Assault,021 Serious Assault,Yes,Yes,Nhulunbuy,,1
4/08/2026,2025,2,02 Assault,021 Serious Assault,Yes,Yes,NT Balance,Alligator,4
4/08/2026,2025,2,02 Assault,021 Serious Assault,Yes,Yes,NT Balance,Barkly,6
4/08/2026,2025,2,02 Assault,021 Serious Assault,Yes,Yes,NT Balance,Daly,5
4/08/2026,2025,2,02 Assault,021 Serious Assault,Yes,Yes,NT Balance,East Arnhem,2
4/08/2026,2025,2,02 Assault,021 Serious Assault,Yes,Yes,NT Balance,Elsey,1
4/08/2026,2025,2,02 Assault,021 Serious Assault,Yes,Yes,NT Balance,Gulf,1
4/08/2026,2025,2,02 Assault,021 Serious Assault,Yes,Yes,NT Balance,Humpty Doo,2
4/08/2026,2025,2,02 Assault,021 Serious Assault,Yes,Yes,NT Balance,Petermann - Simpson,1
4/08/2026,2025,2,02 Assault,021 Serious Assault,Yes,Yes,NT Balance,Sandover - Plenty,1
4/08/2026,2025,2,02 Assault,021 Serious Assault,Yes,Yes,NT Balance,Tanami,3
4/08/2026,2025,2,02 Assault,021 Serious Assault,Yes,Yes,NT Balance,Thamarrurr,4
4/08/2026,2025,2,02 Assault,021 Serious Assault,Yes,Yes,NT Balance,Tiwi Islands,3
4/08/2026,2025,2,02 Assault,021 Serious Assault,Yes,Yes,NT Balance,Victoria River,2
4/08/2026,2025,2,02 Assault,021 Serious Assault,Yes,Yes,NT Balance,Weddell,1
4/08/2026,2025,2,02 Assault,021 Serious Assault,Yes,Yes,NT Balance,West Arnhem,3
4/08/2026,2025,2,02 Assault,021 Serious Assault,Yes,Yes,NT Balance,Yuendumu - Anmatjere,1
4/08/2026,2025,2,02 Assault,021 Serious Assault,Yes,Yes,NT Balance,Unknown ,1
4/08/2026,2025,2,02 Assault,022 Assault of a prescribed officer,No,No,Darwin,,2
4/08/2026,2025,2,02 Assault,022 Assault of a prescribed officer,No,No,Alice Springs,,4
4/08/2026,2025,2,02 Assault,022 Assault of a prescribed officer,No,No,Katherine,,1
4/08/2026,2025,2,02 Assault,022 Assault of a prescribed officer,No,No,NT Balance,East Arnhem,3
4/08/2026,2025,2,02 Assault,022 Assault of a prescribed officer,No,Yes,NT Balance,Yuendumu - Anmatjere,1
4/08/2026,2025,2,02 Assault,022 Assault of a prescribed officer,Yes,No,Darwin,,3
4/08/2026,2025,2,02 Assault,022 Assault of a prescribed officer,Yes,No,Alice Springs,,2
4/08/2026,2025,2,02 Assault,022 Assault of a prescribed officer,Yes,Yes,Darwin,,1
4/08/2026,2025,2,02 Assault,022 Assault of a prescribed officer,Yes,Yes,Katherine,,1
4/08/2026,2025,2,02 Assault,022 Assault of a prescribed officer,Yes,Yes,Tennant Creek,,2
4/08/2026,2025,2,02 Assault,023 Common Assault,No,No,Darwin,,25
4/08/2026,2025,2,02 Assault,023 Common Assault,No,No,Palmerston,,6
4/08/2026,2025,2,02 Assault,023 Common Assault,No,No,Alice Springs,,6
4/08/2026,2025,2,02 Assault,023 Common Assault,No,No,Katherine,,7
4/08/2026,2025,2,02 Assault,023 Common Assault,No,No,NT Balance,Alligator,1
4/08/2026,2025,2,02 Assault,023 Common Assault,No,No,NT Balance,Anindilyakwa,1
4/08/2026,2025,2,02 Assault,023 Common Assault,No,No,NT Balance,Howard Springs,3
4/08/2026,2025,2,02 Assault,023 Common Assault,No,No,NT Balance,Humpty Doo,2
4/08/2026,2025,2,02 Assault,023 Common Assault,No,No,NT Balance,Petermann - Simpson,2
4/08/2026,2025,2,02 Assault,023 Common Assault,No,No,NT Balance,Sandover - Plenty,2
4/08/2026,2025,2,02 Assault,023 Common Assault,No,No,NT Balance,Tanami,1
4/08/2026,2025,2,02 Assault,023 Common Assault,No,No,NT Balance,Thamarrurr,3
4/08/2026,2025,2,02 Assault,023 Common Assault,No,No,NT Balance,Tiwi Islands,1
4/08/2026,2025,2,02 Assault,023 Common Assault,No,No,NT Balance,Unknown ,3
4/08/2026,2025,2,02 Assault,023 Common Assault,No,Yes,Darwin,,7
4/08/2026,2025,2,02 Assault,023 Common Assault,No,Yes,Palmerston,,1
4/08/2026,2025,2,02 Assault,023 Common Assault,No,Yes,Alice Springs,,6
4/08/2026,2025,2,02 Assault,023 Common Assault,No,Yes,Katherine,,1
4/08/2026,2025,2,02 Assault,023 Common Assault,No,Yes,NT Balance,East Arnhem,6
4/08/2026,2025,2,02 Assault,023 Common Assault,No,Yes,NT Balance,Gulf,3
4/08/2026,2025,2,02 Assault,023 Common Assault,No,Yes,NT Balance,Petermann - Simpson,1
4/08/2026,2025,2,02 Assault,023 Common Assault,No,Yes,NT Balance,Sandover - Plenty,2
4/08/2026,2025,2,02 Assault,023 Common Assault,No,Yes,NT Balance,Tanami,3
4/08/2026,2025,2,02 Assault,023 Common Assault,No,Yes,NT Balance,Thamarrurr,3
4/08/2026,2025,2,02 Assault,023 Common Assault,No,Yes,NT Balance,Victoria River,1
4/08/2026,2025,2,02 Assault,023 Common Assault,No,Yes,NT Balance,West Arnhem,1
4/08/2026,2025,2,02 Assault,023 Common Assault,No,Yes,NT Balance,Unknown ,1
4/08/2026,2025,2,02 Assault,023 Common Assault,Yes,No,Darwin,,4
4/08/2026,2025,2,02 Assault,023 Common Assault,Yes,No,Palmerston,,1
4/08/2026,2025,2,02 Assault,023 Common Assault,Yes,No,Alice Springs,,2
4/08/2026,2025,2,02 Assault,023 Common Assault,Yes,No,Tennant Creek,,1
4/08/2026,2025,2,02 Assault,023 Common Assault,Yes,Yes,Darwin,,10
4/08/2026,2025,2,02 Assault,023 Common Assault,Yes,Yes,Palmerston,,1
4/08/2026,2025,2,02 Assault,023 Common Assault,Yes,Yes,Alice Springs,,6
4/08/2026,2025,2,02 Assault,023 Common Assault,Yes,Yes,Katherine,,2
4/08/2026,2025,2,02 Assault,023 Common Assault,Yes,Yes,Tennant Creek,,2
4/08/2026,2025,2,02 Assault,023 Common Assault,Yes,Yes,Nhulunbuy,,1
4/08/2026,2025,2,02 Assault,023 Common Assault,Yes,Yes,NT Balance,Elsey,1
4/08/2026,2025,2,02 Assault,023 Common Assault,Yes,Yes,NT Balance,Weddell,1
4/08/2026,2025,2,03 Sexual offences,031 Sexual assault of an adult,-,-,Darwin,,8
4/08/2026,2025,2,03 Sexual offences,031 Sexual assault of an adult,-,-,Palmerston,,2
4/08/2026,2025,2,03 Sexual offences,031 Sexual assault of an adult,-,-,Alice Springs,,7
4/08/2026,2025,2,03 Sexual offences,031 Sexual assault of an adult,-,-,Katherine,,4
4/08/2026,2025,2,03 Sexual offences,031 Sexual assault of an adult,-,-,NT Balance,Alligator,1
4/08/2026,2025,2,03 Sexual offences,031 Sexual assault of an adult,-,-,NT Balance,Barkly,1
4/08/2026,2025,2,03 Sexual offences,031 Sexual assault of an adult,-,-,NT Balance,East Arnhem,2
4/08/2026,2025,2,03 Sexual offences,031 Sexual assault of an adult,-,-,NT Balance,Howard Springs,4
4/08/2026,2025,2,03 Sexual offences,031 Sexual assault of an adult,-,-,NT Balance,Thamarrurr,1
4/08/2026,2025,2,03 Sexual offences,031 Sexual assault of an adult,-,-,NT Balance,Virginia,1
4/08/2026,2025,2,03 Sexual offences,031 Sexual assault of an adult,-,-,NT Balance,West Arnhem,1
4/08/2026,2025,2,03 Sexual offences,031 Sexual assault of an adult,-,-,NT Balance,Unknown ,5
4/08/2026,2025,2,03 Sexual offences,032 Sexual assault of a child,-,-,Darwin,,1
4/08/2026,2025,2,03 Sexual offences,032 Sexual assault of a child,-,-,Palmerston,,1
4/08/2026,2025,2,03 Sexual offences,032 Sexual assault of a child,-,-,Alice Springs,,1
4/08/2026,2025,2,03 Sexual offences,032 Sexual assault of a child,-,-,Katherine,,1
4/08/2026,2025,2,03 Sexual offences,032 Sexual assault of a child,-,-,NT Balance,Alligator,1
4/08/2026,2025,2,03 Sexual offences,032 Sexual assault of a child,-,-,NT Balance,Gulf,1
4/08/2026,2025,2,03 Sexual offences,032 Sexual assault of a child,-,-,NT Balance,Tanami,1
4/08/2026,2025,2,03 Sexual offences,032 Sexual assault of a child,-,-,NT Balance,Tiwi Islands,1
4/08/2026,2025,2,03 Sexual offences,032 Sexual assault of a child,-,-,NT Balance,Victoria River,2
4/08/2026,2025,2,03 Sexual offences,032 Sexual assault of a child,-,-,NT Balance,Unknown ,1
4/08/2026,2025,2,03 Sexual offences,"033, 034 Other child-related sexual offences",-,-,Tennant Creek,,1
4/08/2026,2025,2,03 Sexual offences,"033, 034 Other child-related sexual offences",-,-,NT Balance,Humpty Doo,2
4/08/2026,2025,2,03 Sexual offences,"033, 034 Other child-related sexual offences",-,-,NT Balance,West Arnhem,2
4/08/2026,2025,2,03 Sexual offences,"035, 039 Other sexual offences",-,-,Darwin,,4
4/08/2026,2025,2,03 Sexual offences,"035, 039 Other sexual offences",-,-,Palmerston,,6
4/08/2026,2025,2,03 Sexual offences,"035, 039 Other sexual offences",-,-,Alice Springs,,2
4/08/2026,2025,2,03 Sexual offences,"035, 039 Other sexual offences",-,-,Tennant Creek,,1
4/08/2026,2025,2,03 Sexual offences,"035, 039 Other sexual offences",-,-,NT Balance,Anindilyakwa,1
4/08/2026,2025,2,03 Sexual offences,"035, 039 Other sexual offences",-,-,NT Balance,Petermann - Simpson,1
4/08/2026,2025,2,04 Harm or endanger persons,"041, 042, 043 Human trafficking, abduction, deprivation of liberty",-,-,Darwin,,1
4/08/2026,2025,2,04 Harm or endanger persons,"041, 042, 043 Human trafficking, abduction, deprivation of liberty",-,-,Palmerston,,2
4/08/2026,2025,2,04 Harm or endanger persons,"041, 042, 043 Human trafficking, abduction, deprivation of liberty",-,-,Alice Springs,,2
4/08/2026,2025,2,04 Harm or endanger persons,"041, 042, 043 Human trafficking, abduction, deprivation of liberty",-,-,NT Balance,Alligator,1
4/08/2026,2025,2,04 Harm or endanger persons,"044 Acts that threaten, harass or control",-,-,Darwin,,18
4/08/2026,2025,2,04 Harm or endanger persons,"044 Acts that threaten, harass or control",-,-,Palmerston,,6
4/08/2026,2025,2,04 Harm or endanger persons,"044 Acts that threaten, harass or control",-,-,Alice Springs,,13
4/08/2026,2025,2,04 Harm or endanger persons,"044 Acts that threaten, harass or control",-,-,Katherine,,3
4/08/2026,2025,2,04 Harm or endanger persons,"044 Acts that threaten, harass or control",-,-,NT Balance,Anindilyakwa,2
4/08/2026,2025,2,04 Harm or endanger persons,"044 Acts that threaten, harass or control",-,-,NT Balance,Barkly,1
4/08/2026,2025,2,04 Harm or endanger persons,"044 Acts that threaten, harass or control",-,-,NT Balance,East Arnhem,1
4/08/2026,2025,2,04 Harm or endanger persons,"044 Acts that threaten, harass or control",-,-,NT Balance,Howard Springs,1
4/08/2026,2025,2,04 Harm or endanger persons,"044 Acts that threaten, harass or control",-,-,NT Balance,Petermann - Simpson,2
4/08/2026,2025,2,04 Harm or endanger persons,"044 Acts that threaten, harass or control",-,-,NT Balance,Sandover - Plenty,3
4/08/2026,2025,2,04 Harm or endanger persons,"044 Acts that threaten, harass or control",-,-,NT Balance,Tanami,2
4/08/2026,2025,2,04 Harm or endanger persons,"044 Acts that threaten, harass or control",-,-,NT Balance,Thamarrurr,2
4/08/2026,2025,2,04 Harm or endanger persons,"044 Acts that threaten, harass or control",-,-,NT Balance,Tiwi Islands,1
4/08/2026,2025,2,04 Harm or endanger persons,"044 Acts that threaten, harass or control",-,-,NT Balance,Victoria River,2
4/08/2026,2025,2,04 Harm or endanger persons,"044 Acts that threaten, harass or control",-,-,NT Balance,West Arnhem,3
4/08/2026,2025,2,04 Harm or endanger persons,"044 Acts that threaten, harass or control",-,-,NT Balance,Yuendumu - Anmatjere,1
4/08/2026,2025,2,04 Harm or endanger persons,"044 Acts that threaten, harass or control",-,-,NT Balance,Unknown ,2
4/08/2026,2025,2,04 Harm or endanger persons,"044 Acts that threaten, harass or control",-,-,Unknown,Unknown,1
4/08/2026,2025,2,04 Harm or endanger persons,049 Other acts that harm or endanger persons,-,-,Darwin,,7
4/08/2026,2025,2,04 Harm or endanger persons,049 Other acts that harm or endanger persons,-,-,Palmerston,,3
4/08/2026,2025,2,04 Harm or endanger persons,049 Other acts that harm or endanger persons,-,-,Alice Springs,,2
4/08/2026,2025,2,04 Harm or endanger persons,049 Other acts that harm or endanger persons,-,-,Katherine,,2
4/08/2026,2025,2,04 Harm or endanger persons,049 Other acts that harm or endanger persons,-,-,NT Balance,Daly,2
4/08/2026,2025,2,04 Harm or endanger persons,049 Other acts that harm or endanger persons,-,-,NT Balance,Virginia,1
4/08/2026,2025,2,04 Harm or endanger persons,049 Other acts that harm or endanger persons,-,-,NT Balance,West Arnhem,1
4/08/2026,2025,2,04 Harm or endanger persons,049 Other acts that harm or endanger persons,-,-,NT Balance,Yuendumu - Anmatjere,1
4/08/2026,2025,2,"05 Robbery, blackmail, and extortion",051 Robbery,-,-,Darwin,,16
4/08/2026,2025,2,"05 Robbery, blackmail, and extortion",051 Robbery,-,-,Palmerston,,2
4/08/2026,2025,2,"05 Robbery, blackmail, and extortion",051 Robbery,-,-,Alice Springs,,5
4/08/2026,2025,2,061 Burglary - dwelling,"061 Burglary - dwelling (house break-ins), actual",-,-,Darwin,,48
4/08/2026,2025,2,061 Burglary - dwelling,"061 Burglary - dwelling (house break-ins), actual",-,-,Palmerston,,18
4/08/2026,2025,2,061 Burglary - dwelling,"061 Burglary - dwelling (house break-ins), actual",-,-,Alice Springs,,24
4/08/2026,2025,2,061 Burglary - dwelling,"061 Burglary - dwelling (house break-ins), actual",-,-,Katherine,,9
4/08/2026,2025,2,061 Burglary - dwelling,"061 Burglary - dwelling (house break-ins), actual",-,-,Tennant Creek,,10
4/08/2026,2025,2,061 Burglary - dwelling,"061 Burglary - dwelling (house break-ins), actual",-,-,Nhulunbuy,,1
4/08/2026,2025,2,061 Burglary - dwelling,"061 Burglary - dwelling (house break-ins), actual",-,-,NT Balance,Anindilyakwa,6
4/08/2026,2025,2,061 Burglary - dwelling,"061 Burglary - dwelling (house break-ins), actual",-,-,NT Balance,Barkly,4
4/08/2026,2025,2,061 Burglary - dwelling,"061 Burglary - dwelling (house break-ins), actual",-,-,NT Balance,Daly,1
4/08/2026,2025,2,061 Burglary - dwelling,"061 Burglary - dwelling (house break-ins), actual",-,-,NT Balance,East Arnhem,1
4/08/2026,2025,2,061 Burglary - dwelling,"061 Burglary - dwelling (house break-ins), actual",-,-,NT Balance,Gulf,3
4/08/2026,2025,2,061 Burglary - dwelling,"061 Burglary - dwelling (house break-ins), actual",-,-,NT Balance,Humpty Doo,1
4/08/2026,2025,2,061 Burglary - dwelling,"061 Burglary - dwelling (house break-ins), actual",-,-,NT Balance,Tanami,1
4/08/2026,2025,2,061 Burglary - dwelling,"061 Burglary - dwelling (house break-ins), actual",-,-,NT Balance,West Arnhem,2
4/08/2026,2025,2,061 Burglary - dwelling,"061 Burglary - dwelling (house break-ins), actual",-,-,NT Balance,Yuendumu - Anmatjere,1
4/08/2026,2025,2,061 Burglary - dwelling,"061 Burglary - dwelling (house break-ins), actual",-,-,NT Balance,Unknown ,2
4/08/2026,2025,2,061 Burglary - dwelling,"061 Burglary - dweling (house break-ins), attempted",-,-,Darwin,,10
4/08/2026,2025,2,061 Burglary - dwelling,"061 Burglary - dweling (house break-ins), attempted",-,-,Palmerston,,10
4/08/2026,2025,2,061 Burglary - dwelling,"061 Burglary - dweling (house break-ins), attempted",-,-,Alice Springs,,4
4/08/2026,2025,2,061 Burglary - dwelling,"061 Burglary - dweling (house break-ins), attempted",-,-,Tennant Creek,,1
4/08/2026,2025,2,061 Burglary - dwelling,"061 Burglary - dweling (house break-ins), attempted",-,-,NT Balance,Daly,1
4/08/2026,2025,2,061 Burglary - dwelling,"061 Burglary - dweling (house break-ins), attempted",-,-,NT Balance,Humpty Doo,1
4/08/2026,2025,2,062 Burglary - non-residential,"062 Burglary - non-residential (commercial break-ins), actual",-,-,Darwin,,21
4/08/2026,2025,2,062 Burglary - non-residential,"062 Burglary - non-residential (commercial break-ins), actual",-,-,Palmerston,,13
4/08/2026,2025,2,062 Burglary - non-residential,"062 Burglary - non-residential (commercial break-ins), actual",-,-,Alice Springs,,15
4/08/2026,2025,2,062 Burglary - non-residential,"062 Burglary - non-residential (commercial break-ins), actual",-,-,Katherine,,9
4/08/2026,2025,2,062 Burglary - non-residential,"062 Burglary - non-residential (commercial break-ins), actual",-,-,Tennant Creek,,5
4/08/2026,2025,2,062 Burglary - non-residential,"062 Burglary - non-residential (commercial break-ins), actual",-,-,Nhulunbuy,,1
4/08/2026,2025,2,062 Burglary - non-residential,"062 Burglary - non-residential (commercial break-ins), actual",-,-,NT Balance,Alligator,2
4/08/2026,2025,2,062 Burglary - non-residential,"062 Burglary - non-residential (commercial break-ins), actual",-,-,NT Balance,Anindilyakwa,2
4/08/2026,2025,2,062 Burglary - non-residential,"062 Burglary - non-residential (commercial break-ins), actual",-,-,NT Balance,Barkly,1
4/08/2026,2025,2,062 Burglary - non-residential,"062 Burglary - non-residential (commercial break-ins), actual",-,-,NT Balance,Daly,3
4/08/2026,2025,2,062 Burglary - non-residential,"062 Burglary - non-residential (commercial break-ins), actual",-,-,NT Balance,East Arnhem,21
4/08/2026,2025,2,062 Burglary - non-residential,"062 Burglary - non-residential (commercial break-ins), actual",-,-,NT Balance,Elsey,1
4/08/2026,2025,2,062 Burglary - non-residential,"062 Burglary - non-residential (commercial break-ins), actual",-,-,NT Balance,Gulf,2
4/08/2026,2025,2,062 Burglary - non-residential,"062 Burglary - non-residential (commercial break-ins), actual",-,-,NT Balance,Howard Springs,1
4/08/2026,2025,2,062 Burglary - non-residential,"062 Burglary - non-residential (commercial break-ins), actual",-,-,NT Balance,Humpty Doo,1
4/08/2026,2025,2,062 Burglary - non-residential,"062 Burglary - non-residential (commercial break-ins), actual",-,-,NT Balance,Tanami,1
4/08/2026,2025,2,062 Burglary - non-residential,"062 Burglary - non-residential (commercial break-ins), actual",-,-,NT Balance,Thamarrurr,3
4/08/2026,2025,2,062 Burglary - non-residential,"062 Burglary - non-residential (commercial break-ins), actual",-,-,NT Balance,West Arnhem,3
4/08/2026,2025,2,062 Burglary - non-residential,"062 Burglary - non-residential (commercial break-ins), actual",-,-,NT Balance,Yuendumu - Anmatjere,4
4/08/2026,2025,2,062 Burglary - non-residential,"062 Burglary - non-residential (commercial break-ins), actual",-,-,NT Balance,Unknown ,3
4/08/2026,2025,2,062 Burglary - non-residential,"062 Burglary - non-residential (commercial break-ins), attempted",-,-,Darwin,,5
4/08/2026,2025,2,062 Burglary - non-residential,"062 Burglary - non-residential (commercial break-ins), attempted",-,-,Palmerston,,6
4/08/2026,2025,2,062 Burglary - non-residential,"062 Burglary - non-residential (commercial break-ins), attempted",-,-,Alice Springs,,3
4/08/2026,2025,2,062 Burglary - non-residential,"062 Burglary - non-residential (commercial break-ins), attempted",-,-,Katherine,,1
4/08/2026,2025,2,062 Burglary - non-residential,"062 Burglary - non-residential (commercial break-ins), attempted",-,-,Tennant Creek,,1
4/08/2026,2025,2,062 Burglary - non-residential,"062 Burglary - non-residential (commercial break-ins), attempted",-,-,Nhulunbuy,,2
4/08/2026,2025,2,062 Burglary - non-residential,"062 Burglary - non-residential (commercial break-ins), attempted",-,-,NT Balance,East Arnhem,1
4/08/2026,2025,2,062 Burglary - non-residential,"062 Burglary - non-residential (commercial break-ins), attempted",-,-,NT Balance,West Arnhem,1
4/08/2026,2025,2,062 Burglary - non-residential,"062 Burglary - non-residential (commercial break-ins), attempted",-,-,NT Balance,Unknown ,2
4/08/2026,2025,2,07 Theft,071 Motor vehicle theft and related offences,-,-,Darwin,,21
4/08/2026,2025,2,07 Theft,071 Motor vehicle theft and related offences,-,-,Palmerston,,8
4/08/2026,2025,2,07 Theft,071 Motor vehicle theft and related offences,-,-,Alice Springs,,8
4/08/2026,2025,2,07 Theft,071 Motor vehicle theft and related offences,-,-,Katherine,,1
4/08/2026,2025,2,07 Theft,071 Motor vehicle theft and related offences,-,-,Tennant Creek,,1
4/08/2026,2025,2,07 Theft,071 Motor vehicle theft and related offences,-,-,NT Balance,Alligator,1
4/08/2026,2025,2,07 Theft,071 Motor vehicle theft and related offences,-,-,NT Balance,Barkly,3
4/08/2026,2025,2,07 Theft,071 Motor vehicle theft and related offences,-,-,NT Balance,Howard Springs,2
4/08/2026,2025,2,07 Theft,071 Motor vehicle theft and related offences,-,-,NT Balance,Tanami,1
4/08/2026,2025,2,07 Theft,071 Motor vehicle theft and related offences,-,-,NT Balance,Victoria River,1
4/08/2026,2025,2,07 Theft,071 Motor vehicle theft and related offences,-,-,NT Balance,Weddell,1
4/08/2026,2025,2,07 Theft,07* Other theft,-,-,Darwin,,237
4/08/2026,2025,2,07 Theft,07* Other theft,-,-,Palmerston,,67
4/08/2026,2025,2,07 Theft,07* Other theft,-,-,Alice Springs,,90
4/08/2026,2025,2,07 Theft,07* Other theft,-,-,Katherine,,19
4/08/2026,2025,2,07 Theft,07* Other theft,-,-,Tennant Creek,,7
4/08/2026,2025,2,07 Theft,07* Other theft,-,-,Nhulunbuy,,2
4/08/2026,2025,2,07 Theft,07* Other theft,-,-,NT Balance,Alligator,8
4/08/2026,2025,2,07 Theft,07* Other theft,-,-,NT Balance,Anindilyakwa,8
4/08/2026,2025,2,07 Theft,07* Other theft,-,-,NT Balance,Barkly,9
4/08/2026,2025,2,07 Theft,07* Other theft,-,-,NT Balance,Daly,4
4/08/2026,2025,2,07 Theft,07* Other theft,-,-,NT Balance,East Arnhem,9
4/08/2026,2025,2,07 Theft,07* Other theft,-,-,NT Balance,Gulf,2
4/08/2026,2025,2,07 Theft,07* Other theft,-,-,NT Balance,Howard Springs,4
4/08/2026,2025,2,07 Theft,07* Other theft,-,-,NT Balance,Humpty Doo,4
4/08/2026,2025,2,07 Theft,07* Other theft,-,-,NT Balance,Petermann - Simpson,2
4/08/2026,2025,2,07 Theft,07* Other theft,-,-,NT Balance,Sandover - Plenty,1
4/08/2026,2025,2,07 Theft,07* Other theft,-,-,NT Balance,Tanami,4
4/08/2026,2025,2,07 Theft,07* Other theft,-,-,NT Balance,Thamarrurr,3
4/08/2026,2025,2,07 Theft,07* Other theft,-,-,NT Balance,Tiwi Islands,1
4/08/2026,2025,2,07 Theft,07* Other theft,-,-,NT Balance,Virginia,8
4/08/2026,2025,2,07 Theft,07* Other theft,-,-,NT Balance,Weddell,5
4/08/2026,2025,2,07 Theft,07* Other theft,-,-,NT Balance,Yuendumu - Anmatjere,2
4/08/2026,2025,2,07 Theft,07* Other theft,-,-,NT Balance,Unknown ,11
4/08/2026,2025,2,11 Property damage offences,11 Property damage offences,-,-,Darwin,,189
4/08/2026,2025,2,11 Property damage offences,11 Property damage offences,-,-,Palmerston,,81
4/08/2026,2025,2,11 Property damage offences,11 Property damage offences,-,-,Alice Springs,,200
4/08/2026,2025,2,11 Property damage offences,11 Property damage offences,-,-,Katherine,,47
4/08/2026,2025,2,11 Property damage offences,11 Property damage offences,-,-,Tennant Creek,,26
4/08/2026,2025,2,11 Property damage offences,11 Property damage offences,-,-,Nhulunbuy,,2
4/08/2026,2025,2,11 Property damage offences,11 Property damage offences,-,-,NT Balance,Alligator,5
4/08/2026,2025,2,11 Property damage offences,11 Property damage offences,-,-,NT Balance,Anindilyakwa,7
4/08/2026,2025,2,11 Property damage offences,11 Property damage offences,-,-,NT Balance,Barkly,5
4/08/2026,2025,2,11 Property damage offences,11 Property damage offences,-,-,NT Balance,Daly,8
4/08/2026,2025,2,11 Property damage offences,11 Property damage offences,-,-,NT Balance,East Arnhem,37
4/08/2026,2025,2,11 Property damage offences,11 Property damage offences,-,-,NT Balance,Elsey,2
4/08/2026,2025,2,11 Property damage offences,11 Property damage offences,-,-,NT Balance,Gulf,11
4/08/2026,2025,2,11 Property damage offences,11 Property damage offences,-,-,NT Balance,Howard Springs,7
4/08/2026,2025,2,11 Property damage offences,11 Property damage offences,-,-,NT Balance,Humpty Doo,3
4/08/2026,2025,2,11 Property damage offences,11 Property damage offences,-,-,NT Balance,Petermann - Simpson,1
4/08/2026,2025,2,11 Property damage offences,11 Property damage offences,-,-,NT Balance,Sandover - Plenty,2
4/08/2026,2025,2,11 Property damage offences,11 Property damage offences,-,-,NT Balance,Tanami,5
4/08/2026,2025,2,11 Property damage offences,11 Property damage offences,-,-,NT Balance,Thamarrurr,9
4/08/2026,2025,2,11 Property damage offences,11 Property damage offences,-,-,NT Balance,Tiwi Islands,4
4/08/2026,2025,2,11 Property damage offences,11 Property damage offences,-,-,NT Balance,Virginia,7
4/08/2026,2025,2,11 Property damage offences,11 Property damage offences,-,-,NT Balance,Weddell,2
4/08/2026,2025,2,11 Property damage offences,11 Property damage offences,-,-,NT Balance,West Arnhem,9
4/08/2026,2025,2,11 Property damage offences,11 Property damage offences,-,-,NT Balance,Yuendumu - Anmatjere,6
4/08/2026,2025,2,11 Property damage offences,11 Property damage offences,-,-,NT Balance,Unknown ,28
4/08/2026,2025,3,01 Homicide,0132 Driving causing death,-,-,NT Balance,Alligator,1
4/08/2026,2025,3,02 Assault,021 Serious Assault,No,No,Darwin,,32
4/08/2026,2025,3,02 Assault,021 Serious Assault,No,No,Palmerston,,13
4/08/2026,2025,3,02 Assault,021 Serious Assault,No,No,Alice Springs,,32
4/08/2026,2025,3,02 Assault,021 Serious Assault,No,No,Katherine,,11
4/08/2026,2025,3,02 Assault,021 Serious Assault,No,No,Tennant Creek,,4
4/08/2026,2025,3,02 Assault,021 Serious Assault,No,No,NT Balance,Alligator,1
4/08/2026,2025,3,02 Assault,021 Serious Assault,No,No,NT Balance,Anindilyakwa,1
4/08/2026,2025,3,02 Assault,021 Serious Assault,No,No,NT Balance,Barkly,1
4/08/2026,2025,3,02 Assault,021 Serious Assault,No,No,NT Balance,East Arnhem,2
4/08/2026,2025,3,02 Assault,021 Serious Assault,No,No,NT Balance,Elsey,2
4/08/2026,2025,3,02 Assault,021 Serious Assault,No,No,NT Balance,Gulf,1
4/08/2026,2025,3,02 Assault,021 Serious Assault,No,No,NT Balance,Howard Springs,4
4/08/2026,2025,3,02 Assault,021 Serious Assault,No,No,NT Balance,Humpty Doo,1
4/08/2026,2025,3,02 Assault,021 Serious Assault,No,No,NT Balance,Petermann - Simpson,1
4/08/2026,2025,3,02 Assault,021 Serious Assault,No,No,NT Balance,Sandover - Plenty,1
4/08/2026,2025,3,02 Assault,021 Serious Assault,No,No,NT Balance,Tanami,2
4/08/2026,2025,3,02 Assault,021 Serious Assault,No,No,NT Balance,Thamarrurr,5
4/08/2026,2025,3,02 Assault,021 Serious Assault,No,No,NT Balance,Tiwi Islands,2
4/08/2026,2025,3,02 Assault,021 Serious Assault,No,No,NT Balance,Victoria River,2
4/08/2026,2025,3,02 Assault,021 Serious Assault,No,No,NT Balance,Virginia,1
4/08/2026,2025,3,02 Assault,021 Serious Assault,No,No,NT Balance,West Arnhem,3
4/08/2026,2025,3,02 Assault,021 Serious Assault,No,No,NT Balance,Unknown ,2
4/08/2026,2025,3,02 Assault,021 Serious Assault,No,Yes,Darwin,,52
4/08/2026,2025,3,02 Assault,021 Serious Assault,No,Yes,Palmerston,,26
4/08/2026,2025,3,02 Assault,021 Serious Assault,No,Yes,Alice Springs,,57
4/08/2026,2025,3,02 Assault,021 Serious Assault,No,Yes,Katherine,,19
4/08/2026,2025,3,02 Assault,021 Serious Assault,No,Yes,Tennant Creek,,9
4/08/2026,2025,3,02 Assault,021 Serious Assault,No,Yes,Nhulunbuy,,5
4/08/2026,2025,3,02 Assault,021 Serious Assault,No,Yes,NT Balance,Anindilyakwa,5
4/08/2026,2025,3,02 Assault,021 Serious Assault,No,Yes,NT Balance,Barkly,2
4/08/2026,2025,3,02 Assault,021 Serious Assault,No,Yes,NT Balance,Daly,1
4/08/2026,2025,3,02 Assault,021 Serious Assault,No,Yes,NT Balance,East Arnhem,19
4/08/2026,2025,3,02 Assault,021 Serious Assault,No,Yes,NT Balance,Elsey,3
4/08/2026,2025,3,02 Assault,021 Serious Assault,No,Yes,NT Balance,Gulf,11
4/08/2026,2025,3,02 Assault,021 Serious Assault,No,Yes,NT Balance,Howard Springs,2
4/08/2026,2025,3,02 Assault,021 Serious Assault,No,Yes,NT Balance,Humpty Doo,1
4/08/2026,2025,3,02 Assault,021 Serious Assault,No,Yes,NT Balance,Petermann - Simpson,1
4/08/2026,2025,3,02 Assault,021 Serious Assault,No,Yes,NT Balance,Sandover - Plenty,4
4/08/2026,2025,3,02 Assault,021 Serious Assault,No,Yes,NT Balance,Tanami,8
4/08/2026,2025,3,02 Assault,021 Serious Assault,No,Yes,NT Balance,Thamarrurr,18
4/08/2026,2025,3,02 Assault,021 Serious Assault,No,Yes,NT Balance,Tiwi Islands,11
4/08/2026,2025,3,02 Assault,021 Serious Assault,No,Yes,NT Balance,Victoria River,3
4/08/2026,2025,3,02 Assault,021 Serious Assault,No,Yes,NT Balance,Virginia,3
4/08/2026,2025,3,02 Assault,021 Serious Assault,No,Yes,NT Balance,Weddell,2
4/08/2026,2025,3,02 Assault,021 Serious Assault,No,Yes,NT Balance,West Arnhem,15
4/08/2026,2025,3,02 Assault,021 Serious Assault,No,Yes,NT Balance,Yuendumu - Anmatjere,2
4/08/2026,2025,3,02 Assault,021 Serious Assault,No,Yes,NT Balance,Unknown ,3
4/08/2026,2025,3,02 Assault,021 Serious Assault,Yes,No,Darwin,,28
4/08/2026,2025,3,02 Assault,021 Serious Assault,Yes,No,Palmerston,,5
4/08/2026,2025,3,02 Assault,021 Serious Assault,Yes,No,Alice Springs,,17
4/08/2026,2025,3,02 Assault,021 Serious Assault,Yes,No,Katherine,,13
4/08/2026,2025,3,02 Assault,021 Serious Assault,Yes,No,Tennant Creek,,4
4/08/2026,2025,3,02 Assault,021 Serious Assault,Yes,No,NT Balance,Alligator,1
4/08/2026,2025,3,02 Assault,021 Serious Assault,Yes,No,NT Balance,Anindilyakwa,1
4/08/2026,2025,3,02 Assault,021 Serious Assault,Yes,No,NT Balance,Daly,1
4/08/2026,2025,3,02 Assault,021 Serious Assault,Yes,No,NT Balance,Tanami,1
4/08/2026,2025,3,02 Assault,021 Serious Assault,Yes,Yes,Darwin,,62
4/08/2026,2025,3,02 Assault,021 Serious Assault,Yes,Yes,Palmerston,,25
4/08/2026,2025,3,02 Assault,021 Serious Assault,Yes,Yes,Alice Springs,,63
4/08/2026,2025,3,02 Assault,021 Serious Assault,Yes,Yes,Katherine,,58
4/08/2026,2025,3,02 Assault,021 Serious Assault,Yes,Yes,Tennant Creek,,33
4/08/2026,2025,3,02 Assault,021 Serious Assault,Yes,Yes,Nhulunbuy,,5
4/08/2026,2025,3,02 Assault,021 Serious Assault,Yes,Yes,NT Balance,Alligator,2
4/08/2026,2025,3,02 Assault,021 Serious Assault,Yes,Yes,NT Balance,Barkly,2
4/08/2026,2025,3,02 Assault,021 Serious Assault,Yes,Yes,NT Balance,Daly,3
4/08/2026,2025,3,02 Assault,021 Serious Assault,Yes,Yes,NT Balance,East Arnhem,2
4/08/2026,2025,3,02 Assault,021 Serious Assault,Yes,Yes,NT Balance,Elsey,3
4/08/2026,2025,3,02 Assault,021 Serious Assault,Yes,Yes,NT Balance,Gulf,11
4/08/2026,2025,3,02 Assault,021 Serious Assault,Yes,Yes,NT Balance,Howard Springs,1
4/08/2026,2025,3,02 Assault,021 Serious Assault,Yes,Yes,NT Balance,Sandover - Plenty,1
4/08/2026,2025,3,02 Assault,021 Serious Assault,Yes,Yes,NT Balance,Tanami,3
4/08/2026,2025,3,02 Assault,021 Serious Assault,Yes,Yes,NT Balance,Thamarrurr,2
4/08/2026,2025,3,02 Assault,021 Serious Assault,Yes,Yes,NT Balance,Tiwi Islands,8
4/08/2026,2025,3,02 Assault,021 Serious Assault,Yes,Yes,NT Balance,Victoria River,3
4/08/2026,2025,3,02 Assault,021 Serious Assault,Yes,Yes,NT Balance,Weddell,1
4/08/2026,2025,3,02 Assault,021 Serious Assault,Yes,Yes,NT Balance,West Arnhem,3
4/08/2026,2025,3,02 Assault,021 Serious Assault,Yes,Yes,NT Balance,Yuendumu - Anmatjere,4
4/08/2026,2025,3,02 Assault,021 Serious Assault,Yes,Yes,NT Balance,Unknown ,1
4/08/2026,2025,3,02 Assault,022 Assault of a prescribed officer,No,No,Darwin,,1
4/08/2026,2025,3,02 Assault,022 Assault of a prescribed officer,No,No,Palmerston,,2
4/08/2026,2025,3,02 Assault,022 Assault of a prescribed officer,No,No,Alice Springs,,1
4/08/2026,2025,3,02 Assault,022 Assault of a prescribed officer,No,No,NT Balance,East Arnhem,1
4/08/2026,2025,3,02 Assault,022 Assault of a prescribed officer,No,No,NT Balance,Petermann - Simpson,1
4/08/2026,2025,3,02 Assault,022 Assault of a prescribed officer,No,No,NT Balance,Tanami,1
4/08/2026,2025,3,02 Assault,022 Assault of a prescribed officer,No,No,NT Balance,Unknown ,1
4/08/2026,2025,3,02 Assault,022 Assault of a prescribed officer,No,Yes,Darwin,,1
4/08/2026,2025,3,02 Assault,022 Assault of a prescribed officer,No,Yes,NT Balance,Weddell,1
4/08/2026,2025,3,02 Assault,022 Assault of a prescribed officer,No,Yes,NT Balance,West Arnhem,1
4/08/2026,2025,3,02 Assault,022 Assault of a prescribed officer,Yes,No,Darwin,,3
4/08/2026,2025,3,02 Assault,022 Assault of a prescribed officer,Yes,No,Alice Springs,,5
4/08/2026,2025,3,02 Assault,022 Assault of a prescribed officer,Yes,No,Katherine,,2
4/08/2026,2025,3,02 Assault,022 Assault of a prescribed officer,Yes,No,NT Balance,Howard Springs,2
4/08/2026,2025,3,02 Assault,022 Assault of a prescribed officer,Yes,No,NT Balance,Tiwi Islands,1
4/08/2026,2025,3,02 Assault,022 Assault of a prescribed officer,Yes,No,NT Balance,Unknown ,1
4/08/2026,2025,3,02 Assault,022 Assault of a prescribed officer,Yes,Yes,Darwin,,1
4/08/2026,2025,3,02 Assault,022 Assault of a prescribed officer,Yes,Yes,Alice Springs,,2
4/08/2026,2025,3,02 Assault,022 Assault of a prescribed officer,Yes,Yes,Katherine,,1
4/08/2026,2025,3,02 Assault,022 Assault of a prescribed officer,Yes,Yes,Tennant Creek,,1
4/08/2026,2025,3,02 Assault,022 Assault of a prescribed officer,Yes,Yes,NT Balance,Sandover - Plenty,1
4/08/2026,2025,3,02 Assault,023 Common Assault,No,No,Darwin,,25
4/08/2026,2025,3,02 Assault,023 Common Assault,No,No,Palmerston,,5
4/08/2026,2025,3,02 Assault,023 Common Assault,No,No,Alice Springs,,6
4/08/2026,2025,3,02 Assault,023 Common Assault,No,No,Katherine,,6
4/08/2026,2025,3,02 Assault,023 Common Assault,No,No,Tennant Creek,,4
4/08/2026,2025,3,02 Assault,023 Common Assault,No,No,NT Balance,Barkly,2
4/08/2026,2025,3,02 Assault,023 Common Assault,No,No,NT Balance,Daly,1
4/08/2026,2025,3,02 Assault,023 Common Assault,No,No,NT Balance,East Arnhem,1
4/08/2026,2025,3,02 Assault,023 Common Assault,No,No,NT Balance,Gulf,2
4/08/2026,2025,3,02 Assault,023 Common Assault,No,No,NT Balance,Howard Springs,1
4/08/2026,2025,3,02 Assault,023 Common Assault,No,No,NT Balance,Humpty Doo,3
4/08/2026,2025,3,02 Assault,023 Common Assault,No,No,NT Balance,Petermann - Simpson,2
4/08/2026,2025,3,02 Assault,023 Common Assault,No,No,NT Balance,Sandover - Plenty,3
4/08/2026,2025,3,02 Assault,023 Common Assault,No,No,NT Balance,Tanami,1
4/08/2026,2025,3,02 Assault,023 Common Assault,No,No,NT Balance,Thamarrurr,1
4/08/2026,2025,3,02 Assault,023 Common Assault,No,No,NT Balance,Victoria River,1
4/08/2026,2025,3,02 Assault,023 Common Assault,No,No,NT Balance,Virginia,1
4/08/2026,2025,3,02 Assault,023 Common Assault,No,No,NT Balance,Weddell,1
4/08/2026,2025,3,02 Assault,023 Common Assault,No,Yes,Darwin,,7
4/08/2026,2025,3,02 Assault,023 Common Assault,No,Yes,Palmerston,,2
4/08/2026,2025,3,02 Assault,023 Common Assault,No,Yes,Alice Springs,,4
4/08/2026,2025,3,02 Assault,023 Common Assault,No,Yes,Katherine,,5
4/08/2026,2025,3,02 Assault,023 Common Assault,No,Yes,Tennant Creek,,2
4/08/2026,2025,3,02 Assault,023 Common Assault,No,Yes,NT Balance,Anindilyakwa,1
4/08/2026,2025,3,02 Assault,023 Common Assault,No,Yes,NT Balance,Daly,1
4/08/2026,2025,3,02 Assault,023 Common Assault,No,Yes,NT Balance,East Arnhem,4
4/08/2026,2025,3,02 Assault,023 Common Assault,No,Yes,NT Balance,Humpty Doo,1
4/08/2026,2025,3,02 Assault,023 Common Assault,No,Yes,NT Balance,Sandover - Plenty,2
4/08/2026,2025,3,02 Assault,023 Common Assault,No,Yes,NT Balance,Tanami,2
4/08/2026,2025,3,02 Assault,023 Common Assault,No,Yes,NT Balance,Thamarrurr,2
4/08/2026,2025,3,02 Assault,023 Common Assault,No,Yes,NT Balance,Tiwi Islands,1
4/08/2026,2025,3,02 Assault,023 Common Assault,No,Yes,NT Balance,West Arnhem,1
4/08/2026,2025,3,02 Assault,023 Common Assault,No,Yes,NT Balance,Unknown ,2
4/08/2026,2025,3,02 Assault,023 Common Assault,Yes,No,Darwin,,7
4/08/2026,2025,3,02 Assault,023 Common Assault,Yes,No,Palmerston,,3
4/08/2026,2025,3,02 Assault,023 Common Assault,Yes,No,Alice Springs,,6
4/08/2026,2025,3,02 Assault,023 Common Assault,Yes,No,Katherine,,6
4/08/2026,2025,3,02 Assault,023 Common Assault,Yes,No,Tennant Creek,,2
4/08/2026,2025,3,02 Assault,023 Common Assault,Yes,No,NT Balance,Alligator,1
4/08/2026,2025,3,02 Assault,023 Common Assault,Yes,No,NT Balance,Victoria River,1
4/08/2026,2025,3,02 Assault,023 Common Assault,Yes,Yes,Darwin,,5
4/08/2026,2025,3,02 Assault,023 Common Assault,Yes,Yes,Palmerston,,2
4/08/2026,2025,3,02 Assault,023 Common Assault,Yes,Yes,Alice Springs,,8
4/08/2026,2025,3,02 Assault,023 Common Assault,Yes,Yes,Katherine,,1
4/08/2026,2025,3,02 Assault,023 Common Assault,Yes,Yes,Tennant Creek,,2
4/08/2026,2025,3,02 Assault,023 Common Assault,Yes,Yes,NT Balance,Alligator,1
4/08/2026,2025,3,02 Assault,023 Common Assault,Yes,Yes,NT Balance,East Arnhem,1
4/08/2026,2025,3,02 Assault,023 Common Assault,Yes,Yes,NT Balance,Elsey,1
4/08/2026,2025,3,02 Assault,023 Common Assault,Yes,Yes,NT Balance,Sandover - Plenty,1
4/08/2026,2025,3,03 Sexual offences,031 Sexual assault of an adult,-,-,Darwin,,9
4/08/2026,2025,3,03 Sexual offences,031 Sexual assault of an adult,-,-,Palmerston,,9
4/08/2026,2025,3,03 Sexual offences,031 Sexual assault of an adult,-,-,Alice Springs,,5
4/08/2026,2025,3,03 Sexual offences,031 Sexual assault of an adult,-,-,Katherine,,4
4/08/2026,2025,3,03 Sexual offences,031 Sexual assault of an adult,-,-,Tennant Creek,,3
4/08/2026,2025,3,03 Sexual offences,031 Sexual assault of an adult,-,-,NT Balance,East Arnhem,2
4/08/2026,2025,3,03 Sexual offences,031 Sexual assault of an adult,-,-,NT Balance,Humpty Doo,2
4/08/2026,2025,3,03 Sexual offences,031 Sexual assault of an adult,-,-,NT Balance,Victoria River,1
4/08/2026,2025,3,03 Sexual offences,031 Sexual assault of an adult,-,-,NT Balance,Unknown ,2
4/08/2026,2025,3,03 Sexual offences,032 Sexual assault of a child,-,-,Darwin,,2
4/08/2026,2025,3,03 Sexual offences,032 Sexual assault of a child,-,-,Palmerston,,3
4/08/2026,2025,3,03 Sexual offences,032 Sexual assault of a child,-,-,Alice Springs,,1
4/08/2026,2025,3,03 Sexual offences,032 Sexual assault of a child,-,-,Tennant Creek,,1
4/08/2026,2025,3,03 Sexual offences,032 Sexual assault of a child,-,-,NT Balance,Elsey,1
4/08/2026,2025,3,03 Sexual offences,032 Sexual assault of a child,-,-,NT Balance,Howard Springs,1
4/08/2026,2025,3,03 Sexual offences,032 Sexual assault of a child,-,-,NT Balance,West Arnhem,1
4/08/2026,2025,3,03 Sexual offences,032 Sexual assault of a child,-,-,NT Balance,Unknown ,1
4/08/2026,2025,3,03 Sexual offences,"033, 034 Other child-related sexual offences",-,-,Darwin,,2
4/08/2026,2025,3,03 Sexual offences,"033, 034 Other child-related sexual offences",-,-,Palmerston,,2
4/08/2026,2025,3,03 Sexual offences,"033, 034 Other child-related sexual offences",-,-,Katherine,,1
4/08/2026,2025,3,03 Sexual offences,"035, 039 Other sexual offences",-,-,Darwin,,1
4/08/2026,2025,3,03 Sexual offences,"035, 039 Other sexual offences",-,-,Palmerston,,1
4/08/2026,2025,3,03 Sexual offences,"035, 039 Other sexual offences",-,-,Alice Springs,,1
4/08/2026,2025,3,03 Sexual offences,"035, 039 Other sexual offences",-,-,Katherine,,2
4/08/2026,2025,3,03 Sexual offences,"035, 039 Other sexual offences",-,-,NT Balance,East Arnhem,1
4/08/2026,2025,3,03 Sexual offences,"035, 039 Other sexual offences",-,-,NT Balance,Virginia,1
4/08/2026,2025,3,04 Harm or endanger persons,"041, 042, 043 Human trafficking, abduction, deprivation of liberty",-,-,Darwin,,4
4/08/2026,2025,3,04 Harm or endanger persons,"041, 042, 043 Human trafficking, abduction, deprivation of liberty",-,-,NT Balance,Gulf,2
4/08/2026,2025,3,04 Harm or endanger persons,"044 Acts that threaten, harass or control",-,-,Darwin,,21
4/08/2026,2025,3,04 Harm or endanger persons,"044 Acts that threaten, harass or control",-,-,Palmerston,,7
4/08/2026,2025,3,04 Harm or endanger persons,"044 Acts that threaten, harass or control",-,-,Alice Springs,,10
4/08/2026,2025,3,04 Harm or endanger persons,"044 Acts that threaten, harass or control",-,-,Katherine,,2
4/08/2026,2025,3,04 Harm or endanger persons,"044 Acts that threaten, harass or control",-,-,Tennant Creek,,8
4/08/2026,2025,3,04 Harm or endanger persons,"044 Acts that threaten, harass or control",-,-,NT Balance,Anindilyakwa,1
4/08/2026,2025,3,04 Harm or endanger persons,"044 Acts that threaten, harass or control",-,-,NT Balance,Barkly,2
4/08/2026,2025,3,04 Harm or endanger persons,"044 Acts that threaten, harass or control",-,-,NT Balance,East Arnhem,3
4/08/2026,2025,3,04 Harm or endanger persons,"044 Acts that threaten, harass or control",-,-,NT Balance,Elsey,1
4/08/2026,2025,3,04 Harm or endanger persons,"044 Acts that threaten, harass or control",-,-,NT Balance,Gulf,3
4/08/2026,2025,3,04 Harm or endanger persons,"044 Acts that threaten, harass or control",-,-,NT Balance,Howard Springs,2
4/08/2026,2025,3,04 Harm or endanger persons,"044 Acts that threaten, harass or control",-,-,NT Balance,Humpty Doo,1
4/08/2026,2025,3,04 Harm or endanger persons,"044 Acts that threaten, harass or control",-,-,NT Balance,Sandover - Plenty,5
4/08/2026,2025,3,04 Harm or endanger persons,"044 Acts that threaten, harass or control",-,-,NT Balance,Thamarrurr,1
4/08/2026,2025,3,04 Harm or endanger persons,"044 Acts that threaten, harass or control",-,-,NT Balance,Tiwi Islands,1
4/08/2026,2025,3,04 Harm or endanger persons,"044 Acts that threaten, harass or control",-,-,NT Balance,Victoria River,1
4/08/2026,2025,3,04 Harm or endanger persons,"044 Acts that threaten, harass or control",-,-,NT Balance,Weddell,2
4/08/2026,2025,3,04 Harm or endanger persons,"044 Acts that threaten, harass or control",-,-,NT Balance,West Arnhem,1
4/08/2026,2025,3,04 Harm or endanger persons,"044 Acts that threaten, harass or control",-,-,NT Balance,Yuendumu - Anmatjere,4
4/08/2026,2025,3,04 Harm or endanger persons,"044 Acts that threaten, harass or control",-,-,NT Balance,Unknown ,1
4/08/2026,2025,3,04 Harm or endanger persons,049 Other acts that harm or endanger persons,-,-,Darwin,,5
4/08/2026,2025,3,04 Harm or endanger persons,049 Other acts that harm or endanger persons,-,-,Palmerston,,2
4/08/2026,2025,3,04 Harm or endanger persons,049 Other acts that harm or endanger persons,-,-,Alice Springs,,5
4/08/2026,2025,3,04 Harm or endanger persons,049 Other acts that harm or endanger persons,-,-,Katherine,,4
4/08/2026,2025,3,04 Harm or endanger persons,049 Other acts that harm or endanger persons,-,-,Tennant Creek,,1
4/08/2026,2025,3,04 Harm or endanger persons,049 Other acts that harm or endanger persons,-,-,NT Balance,Anindilyakwa,1
4/08/2026,2025,3,04 Harm or endanger persons,049 Other acts that harm or endanger persons,-,-,NT Balance,Gulf,2
4/08/2026,2025,3,"05 Robbery, blackmail, and extortion",051 Robbery,-,-,Darwin,,19
4/08/2026,2025,3,"05 Robbery, blackmail, and extortion",051 Robbery,-,-,Palmerston,,1
4/08/2026,2025,3,"05 Robbery, blackmail, and extortion",051 Robbery,-,-,Alice Springs,,5
4/08/2026,2025,3,"05 Robbery, blackmail, and extortion",051 Robbery,-,-,Katherine,,1
4/08/2026,2025,3,"05 Robbery, blackmail, and extortion",051 Robbery,-,-,Tennant Creek,,2
4/08/2026,2025,3,"05 Robbery, blackmail, and extortion",051 Robbery,-,-,NT Balance,East Arnhem,2
4/08/2026,2025,3,"05 Robbery, blackmail, and extortion",051 Robbery,-,-,NT Balance,Thamarrurr,1
4/08/2026,2025,3,"05 Robbery, blackmail, and extortion",051 Robbery,-,-,NT Balance,Tiwi Islands,1
4/08/2026,2025,3,"05 Robbery, blackmail, and extortion",051 Robbery,-,-,NT Balance,Weddell,1
4/08/2026,2025,3,"05 Robbery, blackmail, and extortion",051 Robbery,-,-,NT Balance,Unknown ,1
4/08/2026,2025,3,"05 Robbery, blackmail, and extortion",052 Blackmail or other extortion,-,-,Darwin,,1
4/08/2026,2025,3,061 Burglary - dwelling,"061 Burglary - dwelling (house break-ins), actual",-,-,Darwin,,29
4/08/2026,2025,3,061 Burglary - dwelling,"061 Burglary - dwelling (house break-ins), actual",-,-,Palmerston,,15
4/08/2026,2025,3,061 Burglary - dwelling,"061 Burglary - dwelling (house break-ins), actual",-,-,Alice Springs,,50
4/08/2026,2025,3,061 Burglary - dwelling,"061 Burglary - dwelling (house break-ins), actual",-,-,Katherine,,11
4/08/2026,2025,3,061 Burglary - dwelling,"061 Burglary - dwelling (house break-ins), actual",-,-,Tennant Creek,,15
4/08/2026,2025,3,061 Burglary - dwelling,"061 Burglary - dwelling (house break-ins), actual",-,-,NT Balance,Alligator,4
4/08/2026,2025,3,061 Burglary - dwelling,"061 Burglary - dwelling (house break-ins), actual",-,-,NT Balance,Barkly,10
4/08/2026,2025,3,061 Burglary - dwelling,"061 Burglary - dwelling (house break-ins), actual",-,-,NT Balance,Daly,1
4/08/2026,2025,3,061 Burglary - dwelling,"061 Burglary - dwelling (house break-ins), actual",-,-,NT Balance,East Arnhem,9
4/08/2026,2025,3,061 Burglary - dwelling,"061 Burglary - dwelling (house break-ins), actual",-,-,NT Balance,Elsey,1
4/08/2026,2025,3,061 Burglary - dwelling,"061 Burglary - dwelling (house break-ins), actual",-,-,NT Balance,Gulf,2
4/08/2026,2025,3,061 Burglary - dwelling,"061 Burglary - dwelling (house break-ins), actual",-,-,NT Balance,Humpty Doo,1
4/08/2026,2025,3,061 Burglary - dwelling,"061 Burglary - dwelling (house break-ins), actual",-,-,NT Balance,Tanami,1
4/08/2026,2025,3,061 Burglary - dwelling,"061 Burglary - dwelling (house break-ins), actual",-,-,NT Balance,Thamarrurr,4
4/08/2026,2025,3,061 Burglary - dwelling,"061 Burglary - dwelling (house break-ins), actual",-,-,NT Balance,Tiwi Islands,1
4/08/2026,2025,3,061 Burglary - dwelling,"061 Burglary - dwelling (house break-ins), actual",-,-,NT Balance,Victoria River,4
4/08/2026,2025,3,061 Burglary - dwelling,"061 Burglary - dwelling (house break-ins), actual",-,-,NT Balance,West Arnhem,3
4/08/2026,2025,3,061 Burglary - dwelling,"061 Burglary - dwelling (house break-ins), actual",-,-,NT Balance,Yuendumu - Anmatjere,1
4/08/2026,2025,3,061 Burglary - dwelling,"061 Burglary - dweling (house break-ins), attempted",-,-,Darwin,,7
4/08/2026,2025,3,061 Burglary - dwelling,"061 Burglary - dweling (house break-ins), attempted",-,-,Palmerston,,4
4/08/2026,2025,3,061 Burglary - dwelling,"061 Burglary - dweling (house break-ins), attempted",-,-,Alice Springs,,11
4/08/2026,2025,3,061 Burglary - dwelling,"061 Burglary - dweling (house break-ins), attempted",-,-,Katherine,,1
4/08/2026,2025,3,061 Burglary - dwelling,"061 Burglary - dweling (house break-ins), attempted",-,-,Tennant Creek,,1
4/08/2026,2025,3,061 Burglary - dwelling,"061 Burglary - dweling (house break-ins), attempted",-,-,NT Balance,Anindilyakwa,2
4/08/2026,2025,3,061 Burglary - dwelling,"061 Burglary - dweling (house break-ins), attempted",-,-,NT Balance,Barkly,2
4/08/2026,2025,3,061 Burglary - dwelling,"061 Burglary - dweling (house break-ins), attempted",-,-,NT Balance,East Arnhem,2
4/08/2026,2025,3,061 Burglary - dwelling,"061 Burglary - dweling (house break-ins), attempted",-,-,NT Balance,West Arnhem,3
4/08/2026,2025,3,061 Burglary - dwelling,"061 Burglary - dweling (house break-ins), attempted",-,-,NT Balance,Unknown ,2
4/08/2026,2025,3,062 Burglary - non-residential,"062 Burglary - non-residential (commercial break-ins), actual",-,-,Darwin,,27
4/08/2026,2025,3,062 Burglary - non-residential,"062 Burglary - non-residential (commercial break-ins), actual",-,-,Palmerston,,15
4/08/2026,2025,3,062 Burglary - non-residential,"062 Burglary - non-residential (commercial break-ins), actual",-,-,Alice Springs,,21
4/08/2026,2025,3,062 Burglary - non-residential,"062 Burglary - non-residential (commercial break-ins), actual",-,-,Katherine,,11
4/08/2026,2025,3,062 Burglary - non-residential,"062 Burglary - non-residential (commercial break-ins), actual",-,-,NT Balance,Alligator,1
4/08/2026,2025,3,062 Burglary - non-residential,"062 Burglary - non-residential (commercial break-ins), actual",-,-,NT Balance,Barkly,6
4/08/2026,2025,3,062 Burglary - non-residential,"062 Burglary - non-residential (commercial break-ins), actual",-,-,NT Balance,Daly,5
4/08/2026,2025,3,062 Burglary - non-residential,"062 Burglary - non-residential (commercial break-ins), actual",-,-,NT Balance,East Arnhem,23
4/08/2026,2025,3,062 Burglary - non-residential,"062 Burglary - non-residential (commercial break-ins), actual",-,-,NT Balance,Elsey,1
4/08/2026,2025,3,062 Burglary - non-residential,"062 Burglary - non-residential (commercial break-ins), actual",-,-,NT Balance,Gulf,5
4/08/2026,2025,3,062 Burglary - non-residential,"062 Burglary - non-residential (commercial break-ins), actual",-,-,NT Balance,Howard Springs,1
4/08/2026,2025,3,062 Burglary - non-residential,"062 Burglary - non-residential (commercial break-ins), actual",-,-,NT Balance,Humpty Doo,1
4/08/2026,2025,3,062 Burglary - non-residential,"062 Burglary - non-residential (commercial break-ins), actual",-,-,NT Balance,Petermann - Simpson,1
4/08/2026,2025,3,062 Burglary - non-residential,"062 Burglary - non-residential (commercial break-ins), actual",-,-,NT Balance,Sandover - Plenty,3
4/08/2026,2025,3,062 Burglary - non-residential,"062 Burglary - non-residential (commercial break-ins), actual",-,-,NT Balance,Tanami,1
4/08/2026,2025,3,062 Burglary - non-residential,"062 Burglary - non-residential (commercial break-ins), actual",-,-,NT Balance,Thamarrurr,5
4/08/2026,2025,3,062 Burglary - non-residential,"062 Burglary - non-residential (commercial break-ins), actual",-,-,NT Balance,Tiwi Islands,1
4/08/2026,2025,3,062 Burglary - non-residential,"062 Burglary - non-residential (commercial break-ins), actual",-,-,NT Balance,Victoria River,3
4/08/2026,2025,3,062 Burglary - non-residential,"062 Burglary - non-residential (commercial break-ins), actual",-,-,NT Balance,West Arnhem,6
4/08/2026,2025,3,062 Burglary - non-residential,"062 Burglary - non-residential (commercial break-ins), actual",-,-,NT Balance,Yuendumu - Anmatjere,1
4/08/2026,2025,3,062 Burglary - non-residential,"062 Burglary - non-residential (commercial break-ins), actual",-,-,NT Balance,Unknown ,1
4/08/2026,2025,3,062 Burglary - non-residential,"062 Burglary - non-residential (commercial break-ins), attempted",-,-,Darwin,,7
4/08/2026,2025,3,062 Burglary - non-residential,"062 Burglary - non-residential (commercial break-ins), attempted",-,-,Palmerston,,3
4/08/2026,2025,3,062 Burglary - non-residential,"062 Burglary - non-residential (commercial break-ins), attempted",-,-,Alice Springs,,2
4/08/2026,2025,3,062 Burglary - non-residential,"062 Burglary - non-residential (commercial break-ins), attempted",-,-,Katherine,,4
4/08/2026,2025,3,062 Burglary - non-residential,"062 Burglary - non-residential (commercial break-ins), attempted",-,-,NT Balance,Alligator,1
4/08/2026,2025,3,062 Burglary - non-residential,"062 Burglary - non-residential (commercial break-ins), attempted",-,-,NT Balance,Barkly,3
4/08/2026,2025,3,062 Burglary - non-residential,"062 Burglary - non-residential (commercial break-ins), attempted",-,-,NT Balance,Daly,1
4/08/2026,2025,3,062 Burglary - non-residential,"062 Burglary - non-residential (commercial break-ins), attempted",-,-,NT Balance,East Arnhem,9
4/08/2026,2025,3,062 Burglary - non-residential,"062 Burglary - non-residential (commercial break-ins), attempted",-,-,NT Balance,Petermann - Simpson,1
4/08/2026,2025,3,062 Burglary - non-residential,"062 Burglary - non-residential (commercial break-ins), attempted",-,-,NT Balance,Sandover - Plenty,1
4/08/2026,2025,3,062 Burglary - non-residential,"062 Burglary - non-residential (commercial break-ins), attempted",-,-,NT Balance,Tanami,1
4/08/2026,2025,3,07 Theft,071 Motor vehicle theft and related offences,-,-,Darwin,,21
4/08/2026,2025,3,07 Theft,071 Motor vehicle theft and related offences,-,-,Palmerston,,6
4/08/2026,2025,3,07 Theft,071 Motor vehicle theft and related offences,-,-,Alice Springs,,12
4/08/2026,2025,3,07 Theft,071 Motor vehicle theft and related offences,-,-,Katherine,,4
4/08/2026,2025,3,07 Theft,071 Motor vehicle theft and related offences,-,-,Tennant Creek,,2
4/08/2026,2025,3,07 Theft,071 Motor vehicle theft and related offences,-,-,NT Balance,Barkly,1
4/08/2026,2025,3,07 Theft,071 Motor vehicle theft and related offences,-,-,NT Balance,Daly,3
4/08/2026,2025,3,07 Theft,071 Motor vehicle theft and related offences,-,-,NT Balance,East Arnhem,2
4/08/2026,2025,3,07 Theft,071 Motor vehicle theft and related offences,-,-,NT Balance,Elsey,1
4/08/2026,2025,3,07 Theft,071 Motor vehicle theft and related offences,-,-,NT Balance,Howard Springs,1
4/08/2026,2025,3,07 Theft,071 Motor vehicle theft and related offences,-,-,NT Balance,Humpty Doo,2
4/08/2026,2025,3,07 Theft,071 Motor vehicle theft and related offences,-,-,NT Balance,Sandover - Plenty,2
4/08/2026,2025,3,07 Theft,071 Motor vehicle theft and related offences,-,-,NT Balance,Tanami,1
4/08/2026,2025,3,07 Theft,071 Motor vehicle theft and related offences,-,-,NT Balance,Tiwi Islands,1
4/08/2026,2025,3,07 Theft,071 Motor vehicle theft and related offences,-,-,NT Balance,Virginia,1
4/08/2026,2025,3,07 Theft,071 Motor vehicle theft and related offences,-,-,NT Balance,Weddell,1
4/08/2026,2025,3,07 Theft,071 Motor vehicle theft and related offences,-,-,NT Balance,West Arnhem,3
4/08/2026,2025,3,07 Theft,071 Motor vehicle theft and related offences,-,-,NT Balance,Unknown ,2
4/08/2026,2025,3,07 Theft,07* Other theft,-,-,Darwin,,265
4/08/2026,2025,3,07 Theft,07* Other theft,-,-,Palmerston,,73
4/08/2026,2025,3,07 Theft,07* Other theft,-,-,Alice Springs,,108
4/08/2026,2025,3,07 Theft,07* Other theft,-,-,Katherine,,23
4/08/2026,2025,3,07 Theft,07* Other theft,-,-,Tennant Creek,,15
4/08/2026,2025,3,07 Theft,07* Other theft,-,-,Nhulunbuy,,2
4/08/2026,2025,3,07 Theft,07* Other theft,-,-,NT Balance,Alligator,8
4/08/2026,2025,3,07 Theft,07* Other theft,-,-,NT Balance,Anindilyakwa,1
4/08/2026,2025,3,07 Theft,07* Other theft,-,-,NT Balance,Barkly,2
4/08/2026,2025,3,07 Theft,07* Other theft,-,-,NT Balance,Daly,8
4/08/2026,2025,3,07 Theft,07* Other theft,-,-,NT Balance,East Arnhem,11
4/08/2026,2025,3,07 Theft,07* Other theft,-,-,NT Balance,Elsey,2
4/08/2026,2025,3,07 Theft,07* Other theft,-,-,NT Balance,Gulf,2
4/08/2026,2025,3,07 Theft,07* Other theft,-,-,NT Balance,Howard Springs,6
4/08/2026,2025,3,07 Theft,07* Other theft,-,-,NT Balance,Humpty Doo,14
4/08/2026,2025,3,07 Theft,07* Other theft,-,-,NT Balance,Petermann - Simpson,4
4/08/2026,2025,3,07 Theft,07* Other theft,-,-,NT Balance,Sandover - Plenty,2
4/08/2026,2025,3,07 Theft,07* Other theft,-,-,NT Balance,Thamarrurr,2
4/08/2026,2025,3,07 Theft,07* Other theft,-,-,NT Balance,Tiwi Islands,2
4/08/2026,2025,3,07 Theft,07* Other theft,-,-,NT Balance,Victoria River,4
4/08/2026,2025,3,07 Theft,07* Other theft,-,-,NT Balance,Virginia,11
4/08/2026,2025,3,07 Theft,07* Other theft,-,-,NT Balance,Weddell,3
4/08/2026,2025,3,07 Theft,07* Other theft,-,-,NT Balance,West Arnhem,1
4/08/2026,2025,3,07 Theft,07* Other theft,-,-,NT Balance,Yuendumu - Anmatjere,4
4/08/2026,2025,3,07 Theft,07* Other theft,-,-,NT Balance,Unknown ,8
4/08/2026,2025,3,11 Property damage offences,11 Property damage offences,-,-,Darwin,,191
4/08/2026,2025,3,11 Property damage offences,11 Property damage offences,-,-,Palmerston,,84
4/08/2026,2025,3,11 Property damage offences,11 Property damage offences,-,-,Alice Springs,,245
4/08/2026,2025,3,11 Property damage offences,11 Property damage offences,-,-,Katherine,,47
4/08/2026,2025,3,11 Property damage offences,11 Property damage offences,-,-,Tennant Creek,,23
4/08/2026,2025,3,11 Property damage offences,11 Property damage offences,-,-,Nhulunbuy,,5
4/08/2026,2025,3,11 Property damage offences,11 Property damage offences,-,-,NT Balance,Alligator,8
4/08/2026,2025,3,11 Property damage offences,11 Property damage offences,-,-,NT Balance,Anindilyakwa,5
4/08/2026,2025,3,11 Property damage offences,11 Property damage offences,-,-,NT Balance,Barkly,6
4/08/2026,2025,3,11 Property damage offences,11 Property damage offences,-,-,NT Balance,Daly,7
4/08/2026,2025,3,11 Property damage offences,11 Property damage offences,-,-,NT Balance,East Arnhem,37
4/08/2026,2025,3,11 Property damage offences,11 Property damage offences,-,-,NT Balance,Elsey,1
4/08/2026,2025,3,11 Property damage offences,11 Property damage offences,-,-,NT Balance,Gulf,7
4/08/2026,2025,3,11 Property damage offences,11 Property damage offences,-,-,NT Balance,Howard Springs,5
4/08/2026,2025,3,11 Property damage offences,11 Property damage offences,-,-,NT Balance,Petermann - Simpson,3
4/08/2026,2025,3,11 Property damage offences,11 Property damage offences,-,-,NT Balance,Sandover - Plenty,5
4/08/2026,2025,3,11 Property damage offences,11 Property damage offences,-,-,NT Balance,Thamarrurr,18
4/08/2026,2025,3,11 Property damage offences,11 Property damage offences,-,-,NT Balance,Tiwi Islands,6
4/08/2026,2025,3,11 Property damage offences,11 Property damage offences,-,-,NT Balance,Victoria River,2
4/08/2026,2025,3,11 Property damage offences,11 Property damage offences,-,-,NT Balance,Virginia,4
4/08/2026,2025,3,11 Property damage offences,11 Property damage offences,-,-,NT Balance,Weddell,3
4/08/2026,2025,3,11 Property damage offences,11 Property damage offences,-,-,NT Balance,West Arnhem,16
4/08/2026,2025,3,11 Property damage offences,11 Property damage offences,-,-,NT Balance,Yuendumu - Anmatjere,2
4/08/2026,2025,3,11 Property damage offences,11 Property damage offences,-,-,NT Balance,Unknown ,22
4/08/2026,2025,4,01 Homicide,0110 Murder,-,-,Darwin,,1
4/08/2026,2025,4,02 Assault,021 Serious Assault,No,No,Darwin,,42
4/08/2026,2025,4,02 Assault,021 Serious Assault,No,No,Palmerston,,9
4/08/2026,2025,4,02 Assault,021 Serious Assault,No,No,Alice Springs,,16
4/08/2026,2025,4,02 Assault,021 Serious Assault,No,No,Katherine,,11
4/08/2026,2025,4,02 Assault,021 Serious Assault,No,No,Tennant Creek,,2
4/08/2026,2025,4,02 Assault,021 Serious Assault,No,No,NT Balance,Alligator,1
4/08/2026,2025,4,02 Assault,021 Serious Assault,No,No,NT Balance,Daly,4
4/08/2026,2025,4,02 Assault,021 Serious Assault,No,No,NT Balance,East Arnhem,4
4/08/2026,2025,4,02 Assault,021 Serious Assault,No,No,NT Balance,Gulf,2
4/08/2026,2025,4,02 Assault,021 Serious Assault,No,No,NT Balance,Howard Springs,6
4/08/2026,2025,4,02 Assault,021 Serious Assault,No,No,NT Balance,Humpty Doo,1
4/08/2026,2025,4,02 Assault,021 Serious Assault,No,No,NT Balance,Sandover - Plenty,1
4/08/2026,2025,4,02 Assault,021 Serious Assault,No,No,NT Balance,Thamarrurr,2
4/08/2026,2025,4,02 Assault,021 Serious Assault,No,No,NT Balance,Tiwi Islands,1
4/08/2026,2025,4,02 Assault,021 Serious Assault,No,No,NT Balance,West Arnhem,5
4/08/2026,2025,4,02 Assault,021 Serious Assault,No,No,NT Balance,Yuendumu - Anmatjere,3
4/08/2026,2025,4,02 Assault,021 Serious Assault,No,No,NT Balance,Unknown ,3
4/08/2026,2025,4,02 Assault,021 Serious Assault,No,Yes,Darwin,,43
4/08/2026,2025,4,02 Assault,021 Serious Assault,No,Yes,Palmerston,,16
4/08/2026,2025,4,02 Assault,021 Serious Assault,No,Yes,Alice Springs,,39
4/08/2026,2025,4,02 Assault,021 Serious Assault,No,Yes,Katherine,,19
4/08/2026,2025,4,02 Assault,021 Serious Assault,No,Yes,Tennant Creek,,8
4/08/2026,2025,4,02 Assault,021 Serious Assault,No,Yes,Nhulunbuy,,1
4/08/2026,2025,4,02 Assault,021 Serious Assault,No,Yes,NT Balance,Anindilyakwa,2
4/08/2026,2025,4,02 Assault,021 Serious Assault,No,Yes,NT Balance,Barkly,6
4/08/2026,2025,4,02 Assault,021 Serious Assault,No,Yes,NT Balance,Daly,3
4/08/2026,2025,4,02 Assault,021 Serious Assault,No,Yes,NT Balance,East Arnhem,23
4/08/2026,2025,4,02 Assault,021 Serious Assault,No,Yes,NT Balance,Elsey,2
4/08/2026,2025,4,02 Assault,021 Serious Assault,No,Yes,NT Balance,Gulf,8
4/08/2026,2025,4,02 Assault,021 Serious Assault,No,Yes,NT Balance,Howard Springs,1
4/08/2026,2025,4,02 Assault,021 Serious Assault,No,Yes,NT Balance,Humpty Doo,2
4/08/2026,2025,4,02 Assault,021 Serious Assault,No,Yes,NT Balance,Petermann - Simpson,1
4/08/2026,2025,4,02 Assault,021 Serious Assault,No,Yes,NT Balance,Sandover - Plenty,1
4/08/2026,2025,4,02 Assault,021 Serious Assault,No,Yes,NT Balance,Tanami,6
4/08/2026,2025,4,02 Assault,021 Serious Assault,No,Yes,NT Balance,Thamarrurr,17
4/08/2026,2025,4,02 Assault,021 Serious Assault,No,Yes,NT Balance,Tiwi Islands,8
4/08/2026,2025,4,02 Assault,021 Serious Assault,No,Yes,NT Balance,Victoria River,5
4/08/2026,2025,4,02 Assault,021 Serious Assault,No,Yes,NT Balance,Virginia,1
4/08/2026,2025,4,02 Assault,021 Serious Assault,No,Yes,NT Balance,West Arnhem,17
4/08/2026,2025,4,02 Assault,021 Serious Assault,No,Yes,NT Balance,Yuendumu - Anmatjere,6
4/08/2026,2025,4,02 Assault,021 Serious Assault,No,Yes,NT Balance,Unknown ,4
4/08/2026,2025,4,02 Assault,021 Serious Assault,Yes,No,Darwin,,32
4/08/2026,2025,4,02 Assault,021 Serious Assault,Yes,No,Palmerston,,15
4/08/2026,2025,4,02 Assault,021 Serious Assault,Yes,No,Alice Springs,,15
4/08/2026,2025,4,02 Assault,021 Serious Assault,Yes,No,Katherine,,8
4/08/2026,2025,4,02 Assault,021 Serious Assault,Yes,No,Tennant Creek,,5
4/08/2026,2025,4,02 Assault,021 Serious Assault,Yes,No,Nhulunbuy,,1
4/08/2026,2025,4,02 Assault,021 Serious Assault,Yes,No,NT Balance,Anindilyakwa,1
4/08/2026,2025,4,02 Assault,021 Serious Assault,Yes,No,NT Balance,Barkly,1
4/08/2026,2025,4,02 Assault,021 Serious Assault,Yes,No,NT Balance,Gulf,2
4/08/2026,2025,4,02 Assault,021 Serious Assault,Yes,No,NT Balance,Sandover - Plenty,1
4/08/2026,2025,4,02 Assault,021 Serious Assault,Yes,No,NT Balance,Victoria River,1
4/08/2026,2025,4,02 Assault,021 Serious Assault,Yes,No,NT Balance,Virginia,1
4/08/2026,2025,4,02 Assault,021 Serious Assault,Yes,No,NT Balance,Yuendumu - Anmatjere,1
4/08/2026,2025,4,02 Assault,021 Serious Assault,Yes,No,NT Balance,Unknown ,1
4/08/2026,2025,4,02 Assault,021 Serious Assault,Yes,Yes,Darwin,,62
4/08/2026,2025,4,02 Assault,021 Serious Assault,Yes,Yes,Palmerston,,34
4/08/2026,2025,4,02 Assault,021 Serious Assault,Yes,Yes,Alice Springs,,40
4/08/2026,2025,4,02 Assault,021 Serious Assault,Yes,Yes,Katherine,,39
4/08/2026,2025,4,02 Assault,021 Serious Assault,Yes,Yes,Tennant Creek,,18
4/08/2026,2025,4,02 Assault,021 Serious Assault,Yes,Yes,Nhulunbuy,,1
4/08/2026,2025,4,02 Assault,021 Serious Assault,Yes,Yes,NT Balance,Alligator,3
4/08/2026,2025,4,02 Assault,021 Serious Assault,Yes,Yes,NT Balance,Barkly,1
4/08/2026,2025,4,02 Assault,021 Serious Assault,Yes,Yes,NT Balance,Daly,5
4/08/2026,2025,4,02 Assault,021 Serious Assault,Yes,Yes,NT Balance,East Arnhem,4
4/08/2026,2025,4,02 Assault,021 Serious Assault,Yes,Yes,NT Balance,Elsey,4
4/08/2026,2025,4,02 Assault,021 Serious Assault,Yes,Yes,NT Balance,Gulf,5
4/08/2026,2025,4,02 Assault,021 Serious Assault,Yes,Yes,NT Balance,Humpty Doo,1
4/08/2026,2025,4,02 Assault,021 Serious Assault,Yes,Yes,NT Balance,Tanami,5
4/08/2026,2025,4,02 Assault,021 Serious Assault,Yes,Yes,NT Balance,Thamarrurr,1
4/08/2026,2025,4,02 Assault,021 Serious Assault,Yes,Yes,NT Balance,Tiwi Islands,4
4/08/2026,2025,4,02 Assault,021 Serious Assault,Yes,Yes,NT Balance,Victoria River,1
4/08/2026,2025,4,02 Assault,021 Serious Assault,Yes,Yes,NT Balance,Weddell,1
4/08/2026,2025,4,02 Assault,021 Serious Assault,Yes,Yes,NT Balance,West Arnhem,5
4/08/2026,2025,4,02 Assault,021 Serious Assault,Yes,Yes,NT Balance,Yuendumu - Anmatjere,1
4/08/2026,2025,4,02 Assault,021 Serious Assault,Yes,Yes,NT Balance,Unknown ,1
4/08/2026,2025,4,02 Assault,022 Assault of a prescribed officer,No,No,Darwin,,2
4/08/2026,2025,4,02 Assault,022 Assault of a prescribed officer,No,No,Alice Springs,,3
4/08/2026,2025,4,02 Assault,022 Assault of a prescribed officer,No,No,NT Balance,Daly,2
4/08/2026,2025,4,02 Assault,022 Assault of a prescribed officer,No,No,NT Balance,Unknown ,1
4/08/2026,2025,4,02 Assault,022 Assault of a prescribed officer,No,Yes,Darwin,,1
4/08/2026,2025,4,02 Assault,022 Assault of a prescribed officer,No,Yes,NT Balance,Gulf,1
4/08/2026,2025,4,02 Assault,022 Assault of a prescribed officer,No,Yes,NT Balance,Tiwi Islands,1
4/08/2026,2025,4,02 Assault,022 Assault of a prescribed officer,Yes,No,Darwin,,3
4/08/2026,2025,4,02 Assault,022 Assault of a prescribed officer,Yes,No,Palmerston,,2
4/08/2026,2025,4,02 Assault,022 Assault of a prescribed officer,Yes,No,Alice Springs,,3
4/08/2026,2025,4,02 Assault,022 Assault of a prescribed officer,Yes,No,NT Balance,West Arnhem,2
4/08/2026,2025,4,02 Assault,022 Assault of a prescribed officer,Yes,Yes,Darwin,,1
4/08/2026,2025,4,02 Assault,022 Assault of a prescribed officer,Yes,Yes,Alice Springs,,2
4/08/2026,2025,4,02 Assault,023 Common Assault,No,No,Darwin,,20
4/08/2026,2025,4,02 Assault,023 Common Assault,No,No,Palmerston,,5
4/08/2026,2025,4,02 Assault,023 Common Assault,No,No,Alice Springs,,9
4/08/2026,2025,4,02 Assault,023 Common Assault,No,No,Katherine,,1
4/08/2026,2025,4,02 Assault,023 Common Assault,No,No,Tennant Creek,,2
4/08/2026,2025,4,02 Assault,023 Common Assault,No,No,NT Balance,Alligator,1
4/08/2026,2025,4,02 Assault,023 Common Assault,No,No,NT Balance,East Arnhem,1
4/08/2026,2025,4,02 Assault,023 Common Assault,No,No,NT Balance,Howard Springs,5
4/08/2026,2025,4,02 Assault,023 Common Assault,No,No,NT Balance,Sandover - Plenty,1
4/08/2026,2025,4,02 Assault,023 Common Assault,No,No,NT Balance,Tanami,1
4/08/2026,2025,4,02 Assault,023 Common Assault,No,No,NT Balance,West Arnhem,1
4/08/2026,2025,4,02 Assault,023 Common Assault,No,No,NT Balance,Unknown ,2
4/08/2026,2025,4,02 Assault,023 Common Assault,No,Yes,Darwin,,4
4/08/2026,2025,4,02 Assault,023 Common Assault,No,Yes,Palmerston,,1
4/08/2026,2025,4,02 Assault,023 Common Assault,No,Yes,Alice Springs,,5
4/08/2026,2025,4,02 Assault,023 Common Assault,No,Yes,Katherine,,5
4/08/2026,2025,4,02 Assault,023 Common Assault,No,Yes,Tennant Creek,,1
4/08/2026,2025,4,02 Assault,023 Common Assault,No,Yes,NT Balance,Anindilyakwa,2
4/08/2026,2025,4,02 Assault,023 Common Assault,No,Yes,NT Balance,East Arnhem,5
4/08/2026,2025,4,02 Assault,023 Common Assault,No,Yes,NT Balance,Petermann - Simpson,1
4/08/2026,2025,4,02 Assault,023 Common Assault,No,Yes,NT Balance,Sandover - Plenty,4
4/08/2026,2025,4,02 Assault,023 Common Assault,No,Yes,NT Balance,Thamarrurr,1
4/08/2026,2025,4,02 Assault,023 Common Assault,No,Yes,NT Balance,Tiwi Islands,1
4/08/2026,2025,4,02 Assault,023 Common Assault,No,Yes,NT Balance,Victoria River,1
4/08/2026,2025,4,02 Assault,023 Common Assault,No,Yes,NT Balance,Virginia,1
4/08/2026,2025,4,02 Assault,023 Common Assault,No,Yes,NT Balance,West Arnhem,1
4/08/2026,2025,4,02 Assault,023 Common Assault,Yes,No,Darwin,,9
4/08/2026,2025,4,02 Assault,023 Common Assault,Yes,No,Palmerston,,4
4/08/2026,2025,4,02 Assault,023 Common Assault,Yes,No,Alice Springs,,3
4/08/2026,2025,4,02 Assault,023 Common Assault,Yes,No,Katherine,,2
4/08/2026,2025,4,02 Assault,023 Common Assault,Yes,No,Tennant Creek,,3
4/08/2026,2025,4,02 Assault,023 Common Assault,Yes,No,Nhulunbuy,,1
4/08/2026,2025,4,02 Assault,023 Common Assault,Yes,No,NT Balance,Anindilyakwa,1
4/08/2026,2025,4,02 Assault,023 Common Assault,Yes,No,NT Balance,Sandover - Plenty,1
4/08/2026,2025,4,02 Assault,023 Common Assault,Yes,No,NT Balance,Unknown ,1
4/08/2026,2025,4,02 Assault,023 Common Assault,Yes,Yes,Darwin,,6
4/08/2026,2025,4,02 Assault,023 Common Assault,Yes,Yes,Palmerston,,4
4/08/2026,2025,4,02 Assault,023 Common Assault,Yes,Yes,Alice Springs,,2
4/08/2026,2025,4,02 Assault,023 Common Assault,Yes,Yes,Katherine,,5
4/08/2026,2025,4,02 Assault,023 Common Assault,Yes,Yes,Tennant Creek,,1
4/08/2026,2025,4,02 Assault,023 Common Assault,Yes,Yes,NT Balance,Tiwi Islands,1
4/08/2026,2025,4,03 Sexual offences,031 Sexual assault of an adult,-,-,Darwin,,12
4/08/2026,2025,4,03 Sexual offences,031 Sexual assault of an adult,-,-,Palmerston,,2
4/08/2026,2025,4,03 Sexual offences,031 Sexual assault of an adult,-,-,Alice Springs,,2
4/08/2026,2025,4,03 Sexual offences,031 Sexual assault of an adult,-,-,Katherine,,2
4/08/2026,2025,4,03 Sexual offences,031 Sexual assault of an adult,-,-,Nhulunbuy,,1
4/08/2026,2025,4,03 Sexual offences,031 Sexual assault of an adult,-,-,NT Balance,Anindilyakwa,2
4/08/2026,2025,4,03 Sexual offences,031 Sexual assault of an adult,-,-,NT Balance,East Arnhem,1
4/08/2026,2025,4,03 Sexual offences,031 Sexual assault of an adult,-,-,NT Balance,Howard Springs,1
4/08/2026,2025,4,03 Sexual offences,031 Sexual assault of an adult,-,-,NT Balance,Humpty Doo,1
4/08/2026,2025,4,03 Sexual offences,031 Sexual assault of an adult,-,-,NT Balance,Weddell,1
4/08/2026,2025,4,03 Sexual offences,031 Sexual assault of an adult,-,-,NT Balance,Unknown ,1
4/08/2026,2025,4,03 Sexual offences,032 Sexual assault of a child,-,-,Palmerston,,5
4/08/2026,2025,4,03 Sexual offences,032 Sexual assault of a child,-,-,Alice Springs,,2
4/08/2026,2025,4,03 Sexual offences,032 Sexual assault of a child,-,-,Katherine,,1
4/08/2026,2025,4,03 Sexual offences,032 Sexual assault of a child,-,-,NT Balance,East Arnhem,1
4/08/2026,2025,4,03 Sexual offences,032 Sexual assault of a child,-,-,NT Balance,Gulf,1
4/08/2026,2025,4,03 Sexual offences,032 Sexual assault of a child,-,-,NT Balance,West Arnhem,1
4/08/2026,2025,4,03 Sexual offences,"033, 034 Other child-related sexual offences",-,-,NT Balance,East Arnhem,2
4/08/2026,2025,4,03 Sexual offences,"033, 034 Other child-related sexual offences",-,-,NT Balance,Howard Springs,1
4/08/2026,2025,4,03 Sexual offences,"033, 034 Other child-related sexual offences",-,-,NT Balance,Humpty Doo,1
4/08/2026,2025,4,03 Sexual offences,"033, 034 Other child-related sexual offences",-,-,NT Balance,Victoria River,2
4/08/2026,2025,4,03 Sexual offences,"033, 034 Other child-related sexual offences",-,-,NT Balance,West Arnhem,1
4/08/2026,2025,4,03 Sexual offences,"033, 034 Other child-related sexual offences",-,-,NT Balance,Unknown ,1
4/08/2026,2025,4,03 Sexual offences,"035, 039 Other sexual offences",-,-,Darwin,,1
4/08/2026,2025,4,03 Sexual offences,"035, 039 Other sexual offences",-,-,NT Balance,Alligator,1
4/08/2026,2025,4,03 Sexual offences,"035, 039 Other sexual offences",-,-,NT Balance,East Arnhem,2
4/08/2026,2025,4,03 Sexual offences,"035, 039 Other sexual offences",-,-,NT Balance,Unknown ,1
4/08/2026,2025,4,04 Harm or endanger persons,"041, 042, 043 Human trafficking, abduction, deprivation of liberty",-,-,Darwin,,1
4/08/2026,2025,4,04 Harm or endanger persons,"041, 042, 043 Human trafficking, abduction, deprivation of liberty",-,-,Palmerston,,1
4/08/2026,2025,4,04 Harm or endanger persons,"041, 042, 043 Human trafficking, abduction, deprivation of liberty",-,-,NT Balance,Unknown ,1
4/08/2026,2025,4,04 Harm or endanger persons,"044 Acts that threaten, harass or control",-,-,Darwin,,16
4/08/2026,2025,4,04 Harm or endanger persons,"044 Acts that threaten, harass or control",-,-,Palmerston,,5
4/08/2026,2025,4,04 Harm or endanger persons,"044 Acts that threaten, harass or control",-,-,Alice Springs,,5
4/08/2026,2025,4,04 Harm or endanger persons,"044 Acts that threaten, harass or control",-,-,Katherine,,6
4/08/2026,2025,4,04 Harm or endanger persons,"044 Acts that threaten, harass or control",-,-,Tennant Creek,,4
4/08/2026,2025,4,04 Harm or endanger persons,"044 Acts that threaten, harass or control",-,-,NT Balance,Alligator,1
4/08/2026,2025,4,04 Harm or endanger persons,"044 Acts that threaten, harass or control",-,-,NT Balance,Anindilyakwa,1
4/08/2026,2025,4,04 Harm or endanger persons,"044 Acts that threaten, harass or control",-,-,NT Balance,East Arnhem,2
4/08/2026,2025,4,04 Harm or endanger persons,"044 Acts that threaten, harass or control",-,-,NT Balance,Elsey,1
4/08/2026,2025,4,04 Harm or endanger persons,"044 Acts that threaten, harass or control",-,-,NT Balance,Gulf,2
4/08/2026,2025,4,04 Harm or endanger persons,"044 Acts that threaten, harass or control",-,-,NT Balance,Howard Springs,1
4/08/2026,2025,4,04 Harm or endanger persons,"044 Acts that threaten, harass or control",-,-,NT Balance,Humpty Doo,1
4/08/2026,2025,4,04 Harm or endanger persons,"044 Acts that threaten, harass or control",-,-,NT Balance,Sandover - Plenty,2
4/08/2026,2025,4,04 Harm or endanger persons,"044 Acts that threaten, harass or control",-,-,NT Balance,Virginia,1
4/08/2026,2025,4,04 Harm or endanger persons,"044 Acts that threaten, harass or control",-,-,NT Balance,West Arnhem,1
4/08/2026,2025,4,04 Harm or endanger persons,"044 Acts that threaten, harass or control",-,-,NT Balance,Yuendumu - Anmatjere,2
4/08/2026,2025,4,04 Harm or endanger persons,"044 Acts that threaten, harass or control",-,-,NT Balance,Unknown ,2
4/08/2026,2025,4,04 Harm or endanger persons,045 Driving causing serious injury,-,-,Darwin,,2
4/08/2026,2025,4,04 Harm or endanger persons,049 Other acts that harm or endanger persons,-,-,Darwin,,5
4/08/2026,2025,4,04 Harm or endanger persons,049 Other acts that harm or endanger persons,-,-,Palmerston,,1
4/08/2026,2025,4,04 Harm or endanger persons,049 Other acts that harm or endanger persons,-,-,Alice Springs,,1
4/08/2026,2025,4,04 Harm or endanger persons,049 Other acts that harm or endanger persons,-,-,Katherine,,6
4/08/2026,2025,4,04 Harm or endanger persons,049 Other acts that harm or endanger persons,-,-,Tennant Creek,,1
4/08/2026,2025,4,04 Harm or endanger persons,049 Other acts that harm or endanger persons,-,-,NT Balance,Daly,4
4/08/2026,2025,4,04 Harm or endanger persons,049 Other acts that harm or endanger persons,-,-,NT Balance,East Arnhem,2
4/08/2026,2025,4,04 Harm or endanger persons,049 Other acts that harm or endanger persons,-,-,NT Balance,Sandover - Plenty,1
4/08/2026,2025,4,04 Harm or endanger persons,049 Other acts that harm or endanger persons,-,-,NT Balance,Thamarrurr,1
4/08/2026,2025,4,04 Harm or endanger persons,049 Other acts that harm or endanger persons,-,-,NT Balance,Virginia,2
4/08/2026,2025,4,04 Harm or endanger persons,049 Other acts that harm or endanger persons,-,-,NT Balance,Weddell,1
4/08/2026,2025,4,04 Harm or endanger persons,049 Other acts that harm or endanger persons,-,-,NT Balance,West Arnhem,1
4/08/2026,2025,4,"05 Robbery, blackmail, and extortion",051 Robbery,-,-,Darwin,,23
4/08/2026,2025,4,"05 Robbery, blackmail, and extortion",051 Robbery,-,-,Palmerston,,9
4/08/2026,2025,4,"05 Robbery, blackmail, and extortion",051 Robbery,-,-,Alice Springs,,3
4/08/2026,2025,4,"05 Robbery, blackmail, and extortion",051 Robbery,-,-,Katherine,,2
4/08/2026,2025,4,"05 Robbery, blackmail, and extortion",051 Robbery,-,-,Tennant Creek,,1
4/08/2026,2025,4,"05 Robbery, blackmail, and extortion",051 Robbery,-,-,NT Balance,East Arnhem,1
4/08/2026,2025,4,"05 Robbery, blackmail, and extortion",051 Robbery,-,-,NT Balance,Virginia,1
4/08/2026,2025,4,"05 Robbery, blackmail, and extortion",051 Robbery,-,-,NT Balance,Unknown ,1
4/08/2026,2025,4,061 Burglary - dwelling,"061 Burglary - dwelling (house break-ins), actual",-,-,Darwin,,27
4/08/2026,2025,4,061 Burglary - dwelling,"061 Burglary - dwelling (house break-ins), actual",-,-,Palmerston,,10
4/08/2026,2025,4,061 Burglary - dwelling,"061 Burglary - dwelling (house break-ins), actual",-,-,Alice Springs,,67
4/08/2026,2025,4,061 Burglary - dwelling,"061 Burglary - dwelling (house break-ins), actual",-,-,Katherine,,35
4/08/2026,2025,4,061 Burglary - dwelling,"061 Burglary - dwelling (house break-ins), actual",-,-,Tennant Creek,,7
4/08/2026,2025,4,061 Burglary - dwelling,"061 Burglary - dwelling (house break-ins), actual",-,-,Nhulunbuy,,2
4/08/2026,2025,4,061 Burglary - dwelling,"061 Burglary - dwelling (house break-ins), actual",-,-,NT Balance,Alligator,1
4/08/2026,2025,4,061 Burglary - dwelling,"061 Burglary - dwelling (house break-ins), actual",-,-,NT Balance,Anindilyakwa,1
4/08/2026,2025,4,061 Burglary - dwelling,"061 Burglary - dwelling (house break-ins), actual",-,-,NT Balance,Barkly,2
4/08/2026,2025,4,061 Burglary - dwelling,"061 Burglary - dwelling (house break-ins), actual",-,-,NT Balance,Daly,1
4/08/2026,2025,4,061 Burglary - dwelling,"061 Burglary - dwelling (house break-ins), actual",-,-,NT Balance,East Arnhem,12
4/08/2026,2025,4,061 Burglary - dwelling,"061 Burglary - dwelling (house break-ins), actual",-,-,NT Balance,Elsey,2
4/08/2026,2025,4,061 Burglary - dwelling,"061 Burglary - dwelling (house break-ins), actual",-,-,NT Balance,Gulf,1
4/08/2026,2025,4,061 Burglary - dwelling,"061 Burglary - dwelling (house break-ins), actual",-,-,NT Balance,Humpty Doo,1
4/08/2026,2025,4,061 Burglary - dwelling,"061 Burglary - dwelling (house break-ins), actual",-,-,NT Balance,Petermann - Simpson,3
4/08/2026,2025,4,061 Burglary - dwelling,"061 Burglary - dwelling (house break-ins), actual",-,-,NT Balance,Sandover - Plenty,1
4/08/2026,2025,4,061 Burglary - dwelling,"061 Burglary - dwelling (house break-ins), actual",-,-,NT Balance,Thamarrurr,1
4/08/2026,2025,4,061 Burglary - dwelling,"061 Burglary - dwelling (house break-ins), actual",-,-,NT Balance,Tiwi Islands,1
4/08/2026,2025,4,061 Burglary - dwelling,"061 Burglary - dwelling (house break-ins), actual",-,-,NT Balance,Victoria River,7
4/08/2026,2025,4,061 Burglary - dwelling,"061 Burglary - dwelling (house break-ins), actual",-,-,NT Balance,West Arnhem,4
4/08/2026,2025,4,061 Burglary - dwelling,"061 Burglary - dwelling (house break-ins), actual",-,-,NT Balance,Yuendumu - Anmatjere,2
4/08/2026,2025,4,061 Burglary - dwelling,"061 Burglary - dwelling (house break-ins), actual",-,-,NT Balance,Unknown ,3
4/08/2026,2025,4,061 Burglary - dwelling,"061 Burglary - dweling (house break-ins), attempted",-,-,Darwin,,6
4/08/2026,2025,4,061 Burglary - dwelling,"061 Burglary - dweling (house break-ins), attempted",-,-,Palmerston,,7
4/08/2026,2025,4,061 Burglary - dwelling,"061 Burglary - dweling (house break-ins), attempted",-,-,Alice Springs,,12
4/08/2026,2025,4,061 Burglary - dwelling,"061 Burglary - dweling (house break-ins), attempted",-,-,Katherine,,6
4/08/2026,2025,4,061 Burglary - dwelling,"061 Burglary - dweling (house break-ins), attempted",-,-,NT Balance,Daly,1
4/08/2026,2025,4,061 Burglary - dwelling,"061 Burglary - dweling (house break-ins), attempted",-,-,NT Balance,East Arnhem,2
4/08/2026,2025,4,061 Burglary - dwelling,"061 Burglary - dweling (house break-ins), attempted",-,-,NT Balance,Victoria River,2
4/08/2026,2025,4,061 Burglary - dwelling,"061 Burglary - dweling (house break-ins), attempted",-,-,NT Balance,Unknown ,1
4/08/2026,2025,4,062 Burglary - non-residential,"062 Burglary - non-residential (commercial break-ins), actual",-,-,Darwin,,21
4/08/2026,2025,4,062 Burglary - non-residential,"062 Burglary - non-residential (commercial break-ins), actual",-,-,Palmerston,,3
4/08/2026,2025,4,062 Burglary - non-residential,"062 Burglary - non-residential (commercial break-ins), actual",-,-,Alice Springs,,30
4/08/2026,2025,4,062 Burglary - non-residential,"062 Burglary - non-residential (commercial break-ins), actual",-,-,Katherine,,13
4/08/2026,2025,4,062 Burglary - non-residential,"062 Burglary - non-residential (commercial break-ins), actual",-,-,Tennant Creek,,2
4/08/2026,2025,4,062 Burglary - non-residential,"062 Burglary - non-residential (commercial break-ins), actual",-,-,Nhulunbuy,,2
4/08/2026,2025,4,062 Burglary - non-residential,"062 Burglary - non-residential (commercial break-ins), actual",-,-,NT Balance,Alligator,1
4/08/2026,2025,4,062 Burglary - non-residential,"062 Burglary - non-residential (commercial break-ins), actual",-,-,NT Balance,Barkly,2
4/08/2026,2025,4,062 Burglary - non-residential,"062 Burglary - non-residential (commercial break-ins), actual",-,-,NT Balance,Daly,3
4/08/2026,2025,4,062 Burglary - non-residential,"062 Burglary - non-residential (commercial break-ins), actual",-,-,NT Balance,East Arnhem,18
4/08/2026,2025,4,062 Burglary - non-residential,"062 Burglary - non-residential (commercial break-ins), actual",-,-,NT Balance,Elsey,7
4/08/2026,2025,4,062 Burglary - non-residential,"062 Burglary - non-residential (commercial break-ins), actual",-,-,NT Balance,Gulf,3
4/08/2026,2025,4,062 Burglary - non-residential,"062 Burglary - non-residential (commercial break-ins), actual",-,-,NT Balance,Sandover - Plenty,2
4/08/2026,2025,4,062 Burglary - non-residential,"062 Burglary - non-residential (commercial break-ins), actual",-,-,NT Balance,Tanami,3
4/08/2026,2025,4,062 Burglary - non-residential,"062 Burglary - non-residential (commercial break-ins), actual",-,-,NT Balance,Thamarrurr,4
4/08/2026,2025,4,062 Burglary - non-residential,"062 Burglary - non-residential (commercial break-ins), actual",-,-,NT Balance,Tiwi Islands,1
4/08/2026,2025,4,062 Burglary - non-residential,"062 Burglary - non-residential (commercial break-ins), actual",-,-,NT Balance,Victoria River,3
4/08/2026,2025,4,062 Burglary - non-residential,"062 Burglary - non-residential (commercial break-ins), actual",-,-,NT Balance,West Arnhem,3
4/08/2026,2025,4,062 Burglary - non-residential,"062 Burglary - non-residential (commercial break-ins), actual",-,-,NT Balance,Yuendumu - Anmatjere,1
4/08/2026,2025,4,062 Burglary - non-residential,"062 Burglary - non-residential (commercial break-ins), actual",-,-,NT Balance,Unknown ,3
4/08/2026,2025,4,062 Burglary - non-residential,"062 Burglary - non-residential (commercial break-ins), attempted",-,-,Darwin,,1
4/08/2026,2025,4,062 Burglary - non-residential,"062 Burglary - non-residential (commercial break-ins), attempted",-,-,Palmerston,,3
4/08/2026,2025,4,062 Burglary - non-residential,"062 Burglary - non-residential (commercial break-ins), attempted",-,-,Alice Springs,,2
4/08/2026,2025,4,062 Burglary - non-residential,"062 Burglary - non-residential (commercial break-ins), attempted",-,-,Katherine,,2
4/08/2026,2025,4,062 Burglary - non-residential,"062 Burglary - non-residential (commercial break-ins), attempted",-,-,NT Balance,Barkly,1
4/08/2026,2025,4,062 Burglary - non-residential,"062 Burglary - non-residential (commercial break-ins), attempted",-,-,NT Balance,Gulf,1
4/08/2026,2025,4,062 Burglary - non-residential,"062 Burglary - non-residential (commercial break-ins), attempted",-,-,NT Balance,Thamarrurr,2
4/08/2026,2025,4,062 Burglary - non-residential,"062 Burglary - non-residential (commercial break-ins), attempted",-,-,NT Balance,West Arnhem,1
4/08/2026,2025,4,07 Theft,071 Motor vehicle theft and related offences,-,-,Darwin,,15
4/08/2026,2025,4,07 Theft,071 Motor vehicle theft and related offences,-,-,Palmerston,,11
4/08/2026,2025,4,07 Theft,071 Motor vehicle theft and related offences,-,-,Alice Springs,,10
4/08/2026,2025,4,07 Theft,071 Motor vehicle theft and related offences,-,-,Katherine,,5
4/08/2026,2025,4,07 Theft,071 Motor vehicle theft and related offences,-,-,Tennant Creek,,2
4/08/2026,2025,4,07 Theft,071 Motor vehicle theft and related offences,-,-,Nhulunbuy,,1
4/08/2026,2025,4,07 Theft,071 Motor vehicle theft and related offences,-,-,NT Balance,Alligator,2
4/08/2026,2025,4,07 Theft,071 Motor vehicle theft and related offences,-,-,NT Balance,Daly,1
4/08/2026,2025,4,07 Theft,071 Motor vehicle theft and related offences,-,-,NT Balance,Humpty Doo,1
4/08/2026,2025,4,07 Theft,071 Motor vehicle theft and related offences,-,-,NT Balance,Sandover - Plenty,1
4/08/2026,2025,4,07 Theft,071 Motor vehicle theft and related offences,-,-,NT Balance,Tanami,1
4/08/2026,2025,4,07 Theft,071 Motor vehicle theft and related offences,-,-,NT Balance,Thamarrurr,1
4/08/2026,2025,4,07 Theft,071 Motor vehicle theft and related offences,-,-,NT Balance,Virginia,2
4/08/2026,2025,4,07 Theft,071 Motor vehicle theft and related offences,-,-,NT Balance,Unknown ,1
4/08/2026,2025,4,07 Theft,07* Other theft,-,-,Darwin,,261
4/08/2026,2025,4,07 Theft,07* Other theft,-,-,Palmerston,,94
4/08/2026,2025,4,07 Theft,07* Other theft,-,-,Alice Springs,,143
4/08/2026,2025,4,07 Theft,07* Other theft,-,-,Katherine,,54
4/08/2026,2025,4,07 Theft,07* Other theft,-,-,Tennant Creek,,10
4/08/2026,2025,4,07 Theft,07* Other theft,-,-,Nhulunbuy,,3
4/08/2026,2025,4,07 Theft,07* Other theft,-,-,NT Balance,Alligator,3
4/08/2026,2025,4,07 Theft,07* Other theft,-,-,NT Balance,Barkly,2
4/08/2026,2025,4,07 Theft,07* Other theft,-,-,NT Balance,Daly,10
4/08/2026,2025,4,07 Theft,07* Other theft,-,-,NT Balance,East Arnhem,15
4/08/2026,2025,4,07 Theft,07* Other theft,-,-,NT Balance,Elsey,6
4/08/2026,2025,4,07 Theft,07* Other theft,-,-,NT Balance,Gulf,2
4/08/2026,2025,4,07 Theft,07* Other theft,-,-,NT Balance,Howard Springs,6
4/08/2026,2025,4,07 Theft,07* Other theft,-,-,NT Balance,Humpty Doo,10
4/08/2026,2025,4,07 Theft,07* Other theft,-,-,NT Balance,Petermann - Simpson,6
4/08/2026,2025,4,07 Theft,07* Other theft,-,-,NT Balance,Sandover - Plenty,3
4/08/2026,2025,4,07 Theft,07* Other theft,-,-,NT Balance,Tanami,7
4/08/2026,2025,4,07 Theft,07* Other theft,-,-,NT Balance,Thamarrurr,1
4/08/2026,2025,4,07 Theft,07* Other theft,-,-,NT Balance,Tiwi Islands,3
4/08/2026,2025,4,07 Theft,07* Other theft,-,-,NT Balance,Victoria River,5
4/08/2026,2025,4,07 Theft,07* Other theft,-,-,NT Balance,Virginia,7
4/08/2026,2025,4,07 Theft,07* Other theft,-,-,NT Balance,Weddell,3
4/08/2026,2025,4,07 Theft,07* Other theft,-,-,NT Balance,West Arnhem,3
4/08/2026,2025,4,07 Theft,07* Other theft,-,-,NT Balance,Yuendumu - Anmatjere,2
4/08/2026,2025,4,07 Theft,07* Other theft,-,-,NT Balance,Unknown ,14
4/08/2026,2025,4,11 Property damage offences,11 Property damage offences,-,-,Darwin,,187
4/08/2026,2025,4,11 Property damage offences,11 Property damage offences,-,-,Palmerston,,73
4/08/2026,2025,4,11 Property damage offences,11 Property damage offences,-,-,Alice Springs,,200
4/08/2026,2025,4,11 Property damage offences,11 Property damage offences,-,-,Katherine,,82
4/08/2026,2025,4,11 Property damage offences,11 Property damage offences,-,-,Tennant Creek,,15
4/08/2026,2025,4,11 Property damage offences,11 Property damage offences,-,-,Nhulunbuy,,5
4/08/2026,2025,4,11 Property damage offences,11 Property damage offences,-,-,NT Balance,Alligator,7
4/08/2026,2025,4,11 Property damage offences,11 Property damage offences,-,-,NT Balance,Anindilyakwa,2
4/08/2026,2025,4,11 Property damage offences,11 Property damage offences,-,-,NT Balance,Barkly,3
4/08/2026,2025,4,11 Property damage offences,11 Property damage offences,-,-,NT Balance,Daly,11
4/08/2026,2025,4,11 Property damage offences,11 Property damage offences,-,-,NT Balance,East Arnhem,31
4/08/2026,2025,4,11 Property damage offences,11 Property damage offences,-,-,NT Balance,Elsey,5
4/08/2026,2025,4,11 Property damage offences,11 Property damage offences,-,-,NT Balance,Gulf,8
4/08/2026,2025,4,11 Property damage offences,11 Property damage offences,-,-,NT Balance,Howard Springs,8
4/08/2026,2025,4,11 Property damage offences,11 Property damage offences,-,-,NT Balance,Humpty Doo,6
4/08/2026,2025,4,11 Property damage offences,11 Property damage offences,-,-,NT Balance,Petermann - Simpson,2
4/08/2026,2025,4,11 Property damage offences,11 Property damage offences,-,-,NT Balance,Sandover - Plenty,1
4/08/2026,2025,4,11 Property damage offences,11 Property damage offences,-,-,NT Balance,Tanami,6
4/08/2026,2025,4,11 Property damage offences,11 Property damage offences,-,-,NT Balance,Thamarrurr,14
4/08/2026,2025,4,11 Property damage offences,11 Property damage offences,-,-,NT Balance,Tiwi Islands,1
4/08/2026,2025,4,11 Property damage offences,11 Property damage offences,-,-,NT Balance,Victoria River,13
4/08/2026,2025,4,11 Property damage offences,11 Property damage offences,-,-,NT Balance,Virginia,2
4/08/2026,2025,4,11 Property damage offences,11 Property damage offences,-,-,NT Balance,Weddell,2
4/08/2026,2025,4,11 Property damage offences,11 Property damage offences,-,-,NT Balance,West Arnhem,17
4/08/2026,2025,4,11 Property damage offences,11 Property damage offences,-,-,NT Balance,Yuendumu - Anmatjere,3
4/08/2026,2025,4,11 Property damage offences,11 Property damage offences,-,-,NT Balance,Unknown ,8
4/08/2026,2025,5,01 Homicide,0132 Driving causing death,-,-,Darwin,,2
4/08/2026,2025,5,01 Homicide,0132 Driving causing death,-,-,NT Balance,Alligator,1
4/08/2026,2025,5,02 Assault,021 Serious Assault,No,No,Darwin,,35
4/08/2026,2025,5,02 Assault,021 Serious Assault,No,No,Palmerston,,10
4/08/2026,2025,5,02 Assault,021 Serious Assault,No,No,Alice Springs,,14
4/08/2026,2025,5,02 Assault,021 Serious Assault,No,No,Katherine,,11
4/08/2026,2025,5,02 Assault,021 Serious Assault,No,No,Tennant Creek,,5
4/08/2026,2025,5,02 Assault,021 Serious Assault,No,No,NT Balance,Daly,3
4/08/2026,2025,5,02 Assault,021 Serious Assault,No,No,NT Balance,East Arnhem,4
4/08/2026,2025,5,02 Assault,021 Serious Assault,No,No,NT Balance,Elsey,1
4/08/2026,2025,5,02 Assault,021 Serious Assault,No,No,NT Balance,Gulf,3
4/08/2026,2025,5,02 Assault,021 Serious Assault,No,No,NT Balance,Howard Springs,3
4/08/2026,2025,5,02 Assault,021 Serious Assault,No,No,NT Balance,Humpty Doo,3
4/08/2026,2025,5,02 Assault,021 Serious Assault,No,No,NT Balance,Sandover - Plenty,2
4/08/2026,2025,5,02 Assault,021 Serious Assault,No,No,NT Balance,Thamarrurr,2
4/08/2026,2025,5,02 Assault,021 Serious Assault,No,No,NT Balance,Tiwi Islands,2
4/08/2026,2025,5,02 Assault,021 Serious Assault,No,No,NT Balance,West Arnhem,1
4/08/2026,2025,5,02 Assault,021 Serious Assault,No,No,NT Balance,Yuendumu - Anmatjere,1
4/08/2026,2025,5,02 Assault,021 Serious Assault,No,No,NT Balance,Unknown ,1
4/08/2026,2025,5,02 Assault,021 Serious Assault,No,Yes,Darwin,,33
4/08/2026,2025,5,02 Assault,021 Serious Assault,No,Yes,Palmerston,,24
4/08/2026,2025,5,02 Assault,021 Serious Assault,No,Yes,Alice Springs,,42
4/08/2026,2025,5,02 Assault,021 Serious Assault,No,Yes,Katherine,,18
4/08/2026,2025,5,02 Assault,021 Serious Assault,No,Yes,Tennant Creek,,1
4/08/2026,2025,5,02 Assault,021 Serious Assault,No,Yes,Nhulunbuy,,1
4/08/2026,2025,5,02 Assault,021 Serious Assault,No,Yes,NT Balance,Alligator,1
4/08/2026,2025,5,02 Assault,021 Serious Assault,No,Yes,NT Balance,Anindilyakwa,4
4/08/2026,2025,5,02 Assault,021 Serious Assault,No,Yes,NT Balance,Barkly,4
4/08/2026,2025,5,02 Assault,021 Serious Assault,No,Yes,NT Balance,Daly,1
4/08/2026,2025,5,02 Assault,021 Serious Assault,No,Yes,NT Balance,East Arnhem,20
4/08/2026,2025,5,02 Assault,021 Serious Assault,No,Yes,NT Balance,Elsey,4
4/08/2026,2025,5,02 Assault,021 Serious Assault,No,Yes,NT Balance,Gulf,7
4/08/2026,2025,5,02 Assault,021 Serious Assault,No,Yes,NT Balance,Howard Springs,1
4/08/2026,2025,5,02 Assault,021 Serious Assault,No,Yes,NT Balance,Humpty Doo,2
4/08/2026,2025,5,02 Assault,021 Serious Assault,No,Yes,NT Balance,Petermann - Simpson,4
4/08/2026,2025,5,02 Assault,021 Serious Assault,No,Yes,NT Balance,Sandover - Plenty,3
4/08/2026,2025,5,02 Assault,021 Serious Assault,No,Yes,NT Balance,Tanami,5
4/08/2026,2025,5,02 Assault,021 Serious Assault,No,Yes,NT Balance,Thamarrurr,19
4/08/2026,2025,5,02 Assault,021 Serious Assault,No,Yes,NT Balance,Tiwi Islands,10
4/08/2026,2025,5,02 Assault,021 Serious Assault,No,Yes,NT Balance,Victoria River,3
4/08/2026,2025,5,02 Assault,021 Serious Assault,No,Yes,NT Balance,Virginia,1
4/08/2026,2025,5,02 Assault,021 Serious Assault,No,Yes,NT Balance,Weddell,2
4/08/2026,2025,5,02 Assault,021 Serious Assault,No,Yes,NT Balance,West Arnhem,14
4/08/2026,2025,5,02 Assault,021 Serious Assault,No,Yes,NT Balance,Yuendumu - Anmatjere,7
4/08/2026,2025,5,02 Assault,021 Serious Assault,No,Yes,NT Balance,Unknown ,7
4/08/2026,2025,5,02 Assault,021 Serious Assault,Yes,No,Darwin,,27
4/08/2026,2025,5,02 Assault,021 Serious Assault,Yes,No,Palmerston,,11
4/08/2026,2025,5,02 Assault,021 Serious Assault,Yes,No,Alice Springs,,22
4/08/2026,2025,5,02 Assault,021 Serious Assault,Yes,No,Katherine,,10
4/08/2026,2025,5,02 Assault,021 Serious Assault,Yes,No,Tennant Creek,,3
4/08/2026,2025,5,02 Assault,021 Serious Assault,Yes,No,Nhulunbuy,,6
4/08/2026,2025,5,02 Assault,021 Serious Assault,Yes,No,NT Balance,Anindilyakwa,1
4/08/2026,2025,5,02 Assault,021 Serious Assault,Yes,No,NT Balance,Barkly,2
4/08/2026,2025,5,02 Assault,021 Serious Assault,Yes,No,NT Balance,Petermann - Simpson,1
4/08/2026,2025,5,02 Assault,021 Serious Assault,Yes,No,NT Balance,Thamarrurr,2
4/08/2026,2025,5,02 Assault,021 Serious Assault,Yes,No,NT Balance,Victoria River,2
4/08/2026,2025,5,02 Assault,021 Serious Assault,Yes,No,NT Balance,Virginia,1
4/08/2026,2025,5,02 Assault,021 Serious Assault,Yes,No,NT Balance,Unknown ,3
4/08/2026,2025,5,02 Assault,021 Serious Assault,Yes,Yes,Darwin,,64
4/08/2026,2025,5,02 Assault,021 Serious Assault,Yes,Yes,Palmerston,,40
4/08/2026,2025,5,02 Assault,021 Serious Assault,Yes,Yes,Alice Springs,,59
4/08/2026,2025,5,02 Assault,021 Serious Assault,Yes,Yes,Katherine,,36
4/08/2026,2025,5,02 Assault,021 Serious Assault,Yes,Yes,Tennant Creek,,20
4/08/2026,2025,5,02 Assault,021 Serious Assault,Yes,Yes,Nhulunbuy,,5
4/08/2026,2025,5,02 Assault,021 Serious Assault,Yes,Yes,NT Balance,Alligator,7
4/08/2026,2025,5,02 Assault,021 Serious Assault,Yes,Yes,NT Balance,Barkly,4
4/08/2026,2025,5,02 Assault,021 Serious Assault,Yes,Yes,NT Balance,Daly,2
4/08/2026,2025,5,02 Assault,021 Serious Assault,Yes,Yes,NT Balance,East Arnhem,5
4/08/2026,2025,5,02 Assault,021 Serious Assault,Yes,Yes,NT Balance,Gulf,6
4/08/2026,2025,5,02 Assault,021 Serious Assault,Yes,Yes,NT Balance,Petermann - Simpson,1
4/08/2026,2025,5,02 Assault,021 Serious Assault,Yes,Yes,NT Balance,Sandover - Plenty,4
4/08/2026,2025,5,02 Assault,021 Serious Assault,Yes,Yes,NT Balance,Tanami,2
4/08/2026,2025,5,02 Assault,021 Serious Assault,Yes,Yes,NT Balance,Thamarrurr,3
4/08/2026,2025,5,02 Assault,021 Serious Assault,Yes,Yes,NT Balance,Tiwi Islands,1
4/08/2026,2025,5,02 Assault,021 Serious Assault,Yes,Yes,NT Balance,Victoria River,4
4/08/2026,2025,5,02 Assault,021 Serious Assault,Yes,Yes,NT Balance,Virginia,2
4/08/2026,2025,5,02 Assault,021 Serious Assault,Yes,Yes,NT Balance,West Arnhem,4
4/08/2026,2025,5,02 Assault,021 Serious Assault,Yes,Yes,NT Balance,Yuendumu - Anmatjere,4
4/08/2026,2025,5,02 Assault,021 Serious Assault,Yes,Yes,NT Balance,Unknown ,2
4/08/2026,2025,5,02 Assault,022 Assault of a prescribed officer,No,No,Darwin,,1
4/08/2026,2025,5,02 Assault,022 Assault of a prescribed officer,No,No,Palmerston,,2
4/08/2026,2025,5,02 Assault,022 Assault of a prescribed officer,No,No,Alice Springs,,1
4/08/2026,2025,5,02 Assault,022 Assault of a prescribed officer,No,No,Katherine,,1
4/08/2026,2025,5,02 Assault,022 Assault of a prescribed officer,No,No,Tennant Creek,,3
4/08/2026,2025,5,02 Assault,022 Assault of a prescribed officer,No,No,NT Balance,Sandover - Plenty,1
4/08/2026,2025,5,02 Assault,022 Assault of a prescribed officer,No,No,NT Balance,Thamarrurr,1
4/08/2026,2025,5,02 Assault,022 Assault of a prescribed officer,No,Yes,Palmerston,,2
4/08/2026,2025,5,02 Assault,022 Assault of a prescribed officer,Yes,No,Darwin,,5
4/08/2026,2025,5,02 Assault,022 Assault of a prescribed officer,Yes,No,Alice Springs,,1
4/08/2026,2025,5,02 Assault,022 Assault of a prescribed officer,Yes,No,Katherine,,2
4/08/2026,2025,5,02 Assault,022 Assault of a prescribed officer,Yes,No,Tennant Creek,,1
4/08/2026,2025,5,02 Assault,022 Assault of a prescribed officer,Yes,No,Nhulunbuy,,1
4/08/2026,2025,5,02 Assault,022 Assault of a prescribed officer,Yes,No,NT Balance,Thamarrurr,1
4/08/2026,2025,5,02 Assault,022 Assault of a prescribed officer,Yes,No,NT Balance,Yuendumu - Anmatjere,1
4/08/2026,2025,5,02 Assault,022 Assault of a prescribed officer,Yes,Yes,Darwin,,3
4/08/2026,2025,5,02 Assault,022 Assault of a prescribed officer,Yes,Yes,Palmerston,,1
4/08/2026,2025,5,02 Assault,022 Assault of a prescribed officer,Yes,Yes,Katherine,,1
4/08/2026,2025,5,02 Assault,022 Assault of a prescribed officer,Yes,Yes,NT Balance,Gulf,1
4/08/2026,2025,5,02 Assault,023 Common Assault,No,No,Darwin,,23
4/08/2026,2025,5,02 Assault,023 Common Assault,No,No,Palmerston,,11
4/08/2026,2025,5,02 Assault,023 Common Assault,No,No,Alice Springs,,6
4/08/2026,2025,5,02 Assault,023 Common Assault,No,No,Katherine,,2
4/08/2026,2025,5,02 Assault,023 Common Assault,No,No,Tennant Creek,,2
4/08/2026,2025,5,02 Assault,023 Common Assault,No,No,Nhulunbuy,,2
4/08/2026,2025,5,02 Assault,023 Common Assault,No,No,NT Balance,Alligator,1
4/08/2026,2025,5,02 Assault,023 Common Assault,No,No,NT Balance,Daly,1
4/08/2026,2025,5,02 Assault,023 Common Assault,No,No,NT Balance,East Arnhem,2
4/08/2026,2025,5,02 Assault,023 Common Assault,No,No,NT Balance,Howard Springs,12
4/08/2026,2025,5,02 Assault,023 Common Assault,No,No,NT Balance,Sandover - Plenty,1
4/08/2026,2025,5,02 Assault,023 Common Assault,No,No,NT Balance,Tanami,1
4/08/2026,2025,5,02 Assault,023 Common Assault,No,No,NT Balance,Thamarrurr,1
4/08/2026,2025,5,02 Assault,023 Common Assault,No,No,NT Balance,Virginia,1
4/08/2026,2025,5,02 Assault,023 Common Assault,No,No,NT Balance,Weddell,1
4/08/2026,2025,5,02 Assault,023 Common Assault,No,No,NT Balance,West Arnhem,1
4/08/2026,2025,5,02 Assault,023 Common Assault,No,No,NT Balance,Yuendumu - Anmatjere,1
4/08/2026,2025,5,02 Assault,023 Common Assault,No,No,NT Balance,Unknown ,3
4/08/2026,2025,5,02 Assault,023 Common Assault,No,Yes,Darwin,,6
4/08/2026,2025,5,02 Assault,023 Common Assault,No,Yes,Palmerston,,4
4/08/2026,2025,5,02 Assault,023 Common Assault,No,Yes,Alice Springs,,3
4/08/2026,2025,5,02 Assault,023 Common Assault,No,Yes,NT Balance,East Arnhem,5
4/08/2026,2025,5,02 Assault,023 Common Assault,No,Yes,NT Balance,Elsey,3
4/08/2026,2025,5,02 Assault,023 Common Assault,No,Yes,NT Balance,Petermann - Simpson,2
4/08/2026,2025,5,02 Assault,023 Common Assault,No,Yes,NT Balance,Sandover - Plenty,2
4/08/2026,2025,5,02 Assault,023 Common Assault,No,Yes,NT Balance,Thamarrurr,2
4/08/2026,2025,5,02 Assault,023 Common Assault,No,Yes,NT Balance,Victoria River,1
4/08/2026,2025,5,02 Assault,023 Common Assault,No,Yes,NT Balance,West Arnhem,1
4/08/2026,2025,5,02 Assault,023 Common Assault,Yes,No,Darwin,,9
4/08/2026,2025,5,02 Assault,023 Common Assault,Yes,No,Palmerston,,2
4/08/2026,2025,5,02 Assault,023 Common Assault,Yes,No,Alice Springs,,4
4/08/2026,2025,5,02 Assault,023 Common Assault,Yes,No,Katherine,,2
4/08/2026,2025,5,02 Assault,023 Common Assault,Yes,No,Tennant Creek,,2
4/08/2026,2025,5,02 Assault,023 Common Assault,Yes,No,Nhulunbuy,,1
4/08/2026,2025,5,02 Assault,023 Common Assault,Yes,No,NT Balance,Humpty Doo,1
4/08/2026,2025,5,02 Assault,023 Common Assault,Yes,No,NT Balance,Tanami,1
4/08/2026,2025,5,02 Assault,023 Common Assault,Yes,No,NT Balance,Thamarrurr,1
4/08/2026,2025,5,02 Assault,023 Common Assault,Yes,Yes,Darwin,,6
4/08/2026,2025,5,02 Assault,023 Common Assault,Yes,Yes,Palmerston,,4
4/08/2026,2025,5,02 Assault,023 Common Assault,Yes,Yes,Alice Springs,,7
4/08/2026,2025,5,02 Assault,023 Common Assault,Yes,Yes,Katherine,,3
4/08/2026,2025,5,02 Assault,023 Common Assault,Yes,Yes,Tennant Creek,,1
4/08/2026,2025,5,02 Assault,023 Common Assault,Yes,Yes,NT Balance,Gulf,1
4/08/2026,2025,5,02 Assault,023 Common Assault,Yes,Yes,NT Balance,Sandover - Plenty,2
4/08/2026,2025,5,02 Assault,023 Common Assault,Yes,Yes,NT Balance,Thamarrurr,1
4/08/2026,2025,5,02 Assault,023 Common Assault,Yes,Yes,NT Balance,Tiwi Islands,1
4/08/2026,2025,5,02 Assault,023 Common Assault,Yes,Yes,NT Balance,Victoria River,1
4/08/2026,2025,5,03 Sexual offences,031 Sexual assault of an adult,-,-,Darwin,,13
4/08/2026,2025,5,03 Sexual offences,031 Sexual assault of an adult,-,-,Palmerston,,1
4/08/2026,2025,5,03 Sexual offences,031 Sexual assault of an adult,-,-,Alice Springs,,2
4/08/2026,2025,5,03 Sexual offences,031 Sexual assault of an adult,-,-,Katherine,,5
4/08/2026,2025,5,03 Sexual offences,031 Sexual assault of an adult,-,-,Tennant Creek,,2
4/08/2026,2025,5,03 Sexual offences,031 Sexual assault of an adult,-,-,NT Balance,Alligator,1
4/08/2026,2025,5,03 Sexual offences,031 Sexual assault of an adult,-,-,NT Balance,East Arnhem,1
4/08/2026,2025,5,03 Sexual offences,031 Sexual assault of an adult,-,-,NT Balance,Gulf,1
4/08/2026,2025,5,03 Sexual offences,031 Sexual assault of an adult,-,-,NT Balance,Howard Springs,1
4/08/2026,2025,5,03 Sexual offences,031 Sexual assault of an adult,-,-,NT Balance,Sandover - Plenty,1
4/08/2026,2025,5,03 Sexual offences,031 Sexual assault of an adult,-,-,NT Balance,Tanami,2
4/08/2026,2025,5,03 Sexual offences,031 Sexual assault of an adult,-,-,NT Balance,Victoria River,1
4/08/2026,2025,5,03 Sexual offences,031 Sexual assault of an adult,-,-,NT Balance,Weddell,2
4/08/2026,2025,5,03 Sexual offences,031 Sexual assault of an adult,-,-,NT Balance,Yuendumu - Anmatjere,1
4/08/2026,2025,5,03 Sexual offences,031 Sexual assault of an adult,-,-,NT Balance,Unknown ,2
4/08/2026,2025,5,03 Sexual offences,032 Sexual assault of a child,-,-,Darwin,,5
4/08/2026,2025,5,03 Sexual offences,032 Sexual assault of a child,-,-,Palmerston,,2
4/08/2026,2025,5,03 Sexual offences,032 Sexual assault of a child,-,-,Alice Springs,,11
4/08/2026,2025,5,03 Sexual offences,032 Sexual assault of a child,-,-,Katherine,,1
4/08/2026,2025,5,03 Sexual offences,032 Sexual assault of a child,-,-,NT Balance,East Arnhem,1
4/08/2026,2025,5,03 Sexual offences,"033, 034 Other child-related sexual offences",-,-,Darwin,,1
4/08/2026,2025,5,03 Sexual offences,"033, 034 Other child-related sexual offences",-,-,Palmerston,,1
4/08/2026,2025,5,03 Sexual offences,"033, 034 Other child-related sexual offences",-,-,Alice Springs,,7
4/08/2026,2025,5,03 Sexual offences,"033, 034 Other child-related sexual offences",-,-,NT Balance,Humpty Doo,3
4/08/2026,2025,5,03 Sexual offences,"035, 039 Other sexual offences",-,-,Darwin,,2
4/08/2026,2025,5,03 Sexual offences,"035, 039 Other sexual offences",-,-,Palmerston,,1
4/08/2026,2025,5,03 Sexual offences,"035, 039 Other sexual offences",-,-,Katherine,,1
4/08/2026,2025,5,03 Sexual offences,"035, 039 Other sexual offences",-,-,NT Balance,Tanami,1
4/08/2026,2025,5,03 Sexual offences,"035, 039 Other sexual offences",-,-,NT Balance,Tiwi Islands,3
4/08/2026,2025,5,03 Sexual offences,"035, 039 Other sexual offences",-,-,NT Balance,Virginia,1
4/08/2026,2025,5,04 Harm or endanger persons,"041, 042, 043 Human trafficking, abduction, deprivation of liberty",-,-,Darwin,,1
4/08/2026,2025,5,04 Harm or endanger persons,"041, 042, 043 Human trafficking, abduction, deprivation of liberty",-,-,Palmerston,,1
4/08/2026,2025,5,04 Harm or endanger persons,"041, 042, 043 Human trafficking, abduction, deprivation of liberty",-,-,Katherine,,1
4/08/2026,2025,5,04 Harm or endanger persons,"041, 042, 043 Human trafficking, abduction, deprivation of liberty",-,-,NT Balance,West Arnhem,1
4/08/2026,2025,5,04 Harm or endanger persons,"041, 042, 043 Human trafficking, abduction, deprivation of liberty",-,-,NT Balance,Yuendumu - Anmatjere,2
4/08/2026,2025,5,04 Harm or endanger persons,"044 Acts that threaten, harass or control",-,-,Darwin,,13
4/08/2026,2025,5,04 Harm or endanger persons,"044 Acts that threaten, harass or control",-,-,Palmerston,,6
4/08/2026,2025,5,04 Harm or endanger persons,"044 Acts that threaten, harass or control",-,-,Alice Springs,,21
4/08/2026,2025,5,04 Harm or endanger persons,"044 Acts that threaten, harass or control",-,-,Katherine,,4
4/08/2026,2025,5,04 Harm or endanger persons,"044 Acts that threaten, harass or control",-,-,Tennant Creek,,1
4/08/2026,2025,5,04 Harm or endanger persons,"044 Acts that threaten, harass or control",-,-,NT Balance,Alligator,1
4/08/2026,2025,5,04 Harm or endanger persons,"044 Acts that threaten, harass or control",-,-,NT Balance,Anindilyakwa,2
4/08/2026,2025,5,04 Harm or endanger persons,"044 Acts that threaten, harass or control",-,-,NT Balance,East Arnhem,1
4/08/2026,2025,5,04 Harm or endanger persons,"044 Acts that threaten, harass or control",-,-,NT Balance,Elsey,1
4/08/2026,2025,5,04 Harm or endanger persons,"044 Acts that threaten, harass or control",-,-,NT Balance,Howard Springs,1
4/08/2026,2025,5,04 Harm or endanger persons,"044 Acts that threaten, harass or control",-,-,NT Balance,Humpty Doo,1
4/08/2026,2025,5,04 Harm or endanger persons,"044 Acts that threaten, harass or control",-,-,NT Balance,Tiwi Islands,4
4/08/2026,2025,5,04 Harm or endanger persons,"044 Acts that threaten, harass or control",-,-,NT Balance,Victoria River,1
4/08/2026,2025,5,04 Harm or endanger persons,"044 Acts that threaten, harass or control",-,-,NT Balance,West Arnhem,1
4/08/2026,2025,5,04 Harm or endanger persons,"044 Acts that threaten, harass or control",-,-,NT Balance,Yuendumu - Anmatjere,4
4/08/2026,2025,5,04 Harm or endanger persons,"044 Acts that threaten, harass or control",-,-,NT Balance,Unknown ,2
4/08/2026,2025,5,04 Harm or endanger persons,045 Driving causing serious injury,-,-,Darwin,,1
4/08/2026,2025,5,04 Harm or endanger persons,045 Driving causing serious injury,-,-,NT Balance,Gulf,1
4/08/2026,2025,5,04 Harm or endanger persons,049 Other acts that harm or endanger persons,-,-,Darwin,,8
4/08/2026,2025,5,04 Harm or endanger persons,049 Other acts that harm or endanger persons,-,-,Palmerston,,5
4/08/2026,2025,5,04 Harm or endanger persons,049 Other acts that harm or endanger persons,-,-,Alice Springs,,2
4/08/2026,2025,5,04 Harm or endanger persons,049 Other acts that harm or endanger persons,-,-,Katherine,,5
4/08/2026,2025,5,04 Harm or endanger persons,049 Other acts that harm or endanger persons,-,-,NT Balance,Anindilyakwa,1
4/08/2026,2025,5,04 Harm or endanger persons,049 Other acts that harm or endanger persons,-,-,NT Balance,Daly,1
4/08/2026,2025,5,04 Harm or endanger persons,049 Other acts that harm or endanger persons,-,-,NT Balance,East Arnhem,4
4/08/2026,2025,5,04 Harm or endanger persons,049 Other acts that harm or endanger persons,-,-,NT Balance,Gulf,3
4/08/2026,2025,5,04 Harm or endanger persons,049 Other acts that harm or endanger persons,-,-,NT Balance,Sandover - Plenty,1
4/08/2026,2025,5,04 Harm or endanger persons,049 Other acts that harm or endanger persons,-,-,NT Balance,Victoria River,1
4/08/2026,2025,5,04 Harm or endanger persons,049 Other acts that harm or endanger persons,-,-,NT Balance,Virginia,2
4/08/2026,2025,5,04 Harm or endanger persons,049 Other acts that harm or endanger persons,-,-,NT Balance,West Arnhem,2
4/08/2026,2025,5,04 Harm or endanger persons,049 Other acts that harm or endanger persons,-,-,NT Balance,Yuendumu - Anmatjere,1
4/08/2026,2025,5,04 Harm or endanger persons,049 Other acts that harm or endanger persons,-,-,NT Balance,Unknown ,1
4/08/2026,2025,5,"05 Robbery, blackmail, and extortion",051 Robbery,-,-,Darwin,,18
4/08/2026,2025,5,"05 Robbery, blackmail, and extortion",051 Robbery,-,-,Palmerston,,3
4/08/2026,2025,5,"05 Robbery, blackmail, and extortion",051 Robbery,-,-,Alice Springs,,7
4/08/2026,2025,5,"05 Robbery, blackmail, and extortion",051 Robbery,-,-,Katherine,,3
4/08/2026,2025,5,"05 Robbery, blackmail, and extortion",051 Robbery,-,-,Nhulunbuy,,1
4/08/2026,2025,5,"05 Robbery, blackmail, and extortion",051 Robbery,-,-,NT Balance,Thamarrurr,1
4/08/2026,2025,5,"05 Robbery, blackmail, and extortion",051 Robbery,-,-,NT Balance,Victoria River,1
4/08/2026,2025,5,"05 Robbery, blackmail, and extortion",052 Blackmail or other extortion,-,-,NT Balance,East Arnhem,1
4/08/2026,2025,5,061 Burglary - dwelling,"061 Burglary - dwelling (house break-ins), actual",-,-,Darwin,,20
4/08/2026,2025,5,061 Burglary - dwelling,"061 Burglary - dwelling (house break-ins), actual",-,-,Palmerston,,6
4/08/2026,2025,5,061 Burglary - dwelling,"061 Burglary - dwelling (house break-ins), actual",-,-,Alice Springs,,67
4/08/2026,2025,5,061 Burglary - dwelling,"061 Burglary - dwelling (house break-ins), actual",-,-,Katherine,,16
4/08/2026,2025,5,061 Burglary - dwelling,"061 Burglary - dwelling (house break-ins), actual",-,-,Tennant Creek,,14
4/08/2026,2025,5,061 Burglary - dwelling,"061 Burglary - dwelling (house break-ins), actual",-,-,Nhulunbuy,,1
4/08/2026,2025,5,061 Burglary - dwelling,"061 Burglary - dwelling (house break-ins), actual",-,-,NT Balance,Anindilyakwa,1
4/08/2026,2025,5,061 Burglary - dwelling,"061 Burglary - dwelling (house break-ins), actual",-,-,NT Balance,Barkly,8
4/08/2026,2025,5,061 Burglary - dwelling,"061 Burglary - dwelling (house break-ins), actual",-,-,NT Balance,Daly,5
4/08/2026,2025,5,061 Burglary - dwelling,"061 Burglary - dwelling (house break-ins), actual",-,-,NT Balance,East Arnhem,5
4/08/2026,2025,5,061 Burglary - dwelling,"061 Burglary - dwelling (house break-ins), actual",-,-,NT Balance,Humpty Doo,2
4/08/2026,2025,5,061 Burglary - dwelling,"061 Burglary - dwelling (house break-ins), actual",-,-,NT Balance,Petermann - Simpson,1
4/08/2026,2025,5,061 Burglary - dwelling,"061 Burglary - dwelling (house break-ins), actual",-,-,NT Balance,Tanami,2
4/08/2026,2025,5,061 Burglary - dwelling,"061 Burglary - dwelling (house break-ins), actual",-,-,NT Balance,Thamarrurr,1
4/08/2026,2025,5,061 Burglary - dwelling,"061 Burglary - dwelling (house break-ins), actual",-,-,NT Balance,Victoria River,2
4/08/2026,2025,5,061 Burglary - dwelling,"061 Burglary - dwelling (house break-ins), actual",-,-,NT Balance,West Arnhem,4
4/08/2026,2025,5,061 Burglary - dwelling,"061 Burglary - dwelling (house break-ins), actual",-,-,NT Balance,Yuendumu - Anmatjere,5
4/08/2026,2025,5,061 Burglary - dwelling,"061 Burglary - dwelling (house break-ins), actual",-,-,NT Balance,Unknown ,1
4/08/2026,2025,5,061 Burglary - dwelling,"061 Burglary - dweling (house break-ins), attempted",-,-,Palmerston,,3
4/08/2026,2025,5,061 Burglary - dwelling,"061 Burglary - dweling (house break-ins), attempted",-,-,Alice Springs,,5
4/08/2026,2025,5,061 Burglary - dwelling,"061 Burglary - dweling (house break-ins), attempted",-,-,Katherine,,4
4/08/2026,2025,5,061 Burglary - dwelling,"061 Burglary - dweling (house break-ins), attempted",-,-,NT Balance,Barkly,2
4/08/2026,2025,5,061 Burglary - dwelling,"061 Burglary - dweling (house break-ins), attempted",-,-,NT Balance,Thamarrurr,1
4/08/2026,2025,5,061 Burglary - dwelling,"061 Burglary - dweling (house break-ins), attempted",-,-,NT Balance,West Arnhem,1
4/08/2026,2025,5,062 Burglary - non-residential,"062 Burglary - non-residential (commercial break-ins), actual",-,-,Darwin,,28
4/08/2026,2025,5,062 Burglary - non-residential,"062 Burglary - non-residential (commercial break-ins), actual",-,-,Palmerston,,2
4/08/2026,2025,5,062 Burglary - non-residential,"062 Burglary - non-residential (commercial break-ins), actual",-,-,Alice Springs,,17
4/08/2026,2025,5,062 Burglary - non-residential,"062 Burglary - non-residential (commercial break-ins), actual",-,-,Katherine,,14
4/08/2026,2025,5,062 Burglary - non-residential,"062 Burglary - non-residential (commercial break-ins), actual",-,-,Tennant Creek,,2
4/08/2026,2025,5,062 Burglary - non-residential,"062 Burglary - non-residential (commercial break-ins), actual",-,-,NT Balance,Barkly,9
4/08/2026,2025,5,062 Burglary - non-residential,"062 Burglary - non-residential (commercial break-ins), actual",-,-,NT Balance,Daly,3
4/08/2026,2025,5,062 Burglary - non-residential,"062 Burglary - non-residential (commercial break-ins), actual",-,-,NT Balance,East Arnhem,8
4/08/2026,2025,5,062 Burglary - non-residential,"062 Burglary - non-residential (commercial break-ins), actual",-,-,NT Balance,Elsey,4
4/08/2026,2025,5,062 Burglary - non-residential,"062 Burglary - non-residential (commercial break-ins), actual",-,-,NT Balance,Howard Springs,1
4/08/2026,2025,5,062 Burglary - non-residential,"062 Burglary - non-residential (commercial break-ins), actual",-,-,NT Balance,Petermann - Simpson,2
4/08/2026,2025,5,062 Burglary - non-residential,"062 Burglary - non-residential (commercial break-ins), actual",-,-,NT Balance,Sandover - Plenty,6
4/08/2026,2025,5,062 Burglary - non-residential,"062 Burglary - non-residential (commercial break-ins), actual",-,-,NT Balance,Tanami,5
4/08/2026,2025,5,062 Burglary - non-residential,"062 Burglary - non-residential (commercial break-ins), actual",-,-,NT Balance,Thamarrurr,7
4/08/2026,2025,5,062 Burglary - non-residential,"062 Burglary - non-residential (commercial break-ins), actual",-,-,NT Balance,Tiwi Islands,3
4/08/2026,2025,5,062 Burglary - non-residential,"062 Burglary - non-residential (commercial break-ins), actual",-,-,NT Balance,Victoria River,2
4/08/2026,2025,5,062 Burglary - non-residential,"062 Burglary - non-residential (commercial break-ins), actual",-,-,NT Balance,Virginia,1
4/08/2026,2025,5,062 Burglary - non-residential,"062 Burglary - non-residential (commercial break-ins), actual",-,-,NT Balance,West Arnhem,5
4/08/2026,2025,5,062 Burglary - non-residential,"062 Burglary - non-residential (commercial break-ins), actual",-,-,NT Balance,Yuendumu - Anmatjere,4
4/08/2026,2025,5,062 Burglary - non-residential,"062 Burglary - non-residential (commercial break-ins), actual",-,-,NT Balance,Unknown ,4
4/08/2026,2025,5,062 Burglary - non-residential,"062 Burglary - non-residential (commercial break-ins), attempted",-,-,Darwin,,1
4/08/2026,2025,5,062 Burglary - non-residential,"062 Burglary - non-residential (commercial break-ins), attempted",-,-,Alice Springs,,3
4/08/2026,2025,5,062 Burglary - non-residential,"062 Burglary - non-residential (commercial break-ins), attempted",-,-,NT Balance,Anindilyakwa,1
4/08/2026,2025,5,062 Burglary - non-residential,"062 Burglary - non-residential (commercial break-ins), attempted",-,-,NT Balance,Barkly,1
4/08/2026,2025,5,062 Burglary - non-residential,"062 Burglary - non-residential (commercial break-ins), attempted",-,-,NT Balance,East Arnhem,1
4/08/2026,2025,5,062 Burglary - non-residential,"062 Burglary - non-residential (commercial break-ins), attempted",-,-,NT Balance,Tiwi Islands,1
4/08/2026,2025,5,062 Burglary - non-residential,"062 Burglary - non-residential (commercial break-ins), attempted",-,-,NT Balance,Victoria River,1
4/08/2026,2025,5,07 Theft,071 Motor vehicle theft and related offences,-,-,Darwin,,18
4/08/2026,2025,5,07 Theft,071 Motor vehicle theft and related offences,-,-,Palmerston,,7
4/08/2026,2025,5,07 Theft,071 Motor vehicle theft and related offences,-,-,Alice Springs,,3
4/08/2026,2025,5,07 Theft,071 Motor vehicle theft and related offences,-,-,Katherine,,3
4/08/2026,2025,5,07 Theft,071 Motor vehicle theft and related offences,-,-,NT Balance,Humpty Doo,2
4/08/2026,2025,5,07 Theft,071 Motor vehicle theft and related offences,-,-,NT Balance,Sandover - Plenty,1
4/08/2026,2025,5,07 Theft,071 Motor vehicle theft and related offences,-,-,NT Balance,Thamarrurr,1
4/08/2026,2025,5,07 Theft,071 Motor vehicle theft and related offences,-,-,NT Balance,Unknown ,1
4/08/2026,2025,5,07 Theft,07* Other theft,-,-,Darwin,,282
4/08/2026,2025,5,07 Theft,07* Other theft,-,-,Palmerston,,94
4/08/2026,2025,5,07 Theft,07* Other theft,-,-,Alice Springs,,123
4/08/2026,2025,5,07 Theft,07* Other theft,-,-,Katherine,,33
4/08/2026,2025,5,07 Theft,07* Other theft,-,-,Tennant Creek,,12
4/08/2026,2025,5,07 Theft,07* Other theft,-,-,Nhulunbuy,,5
4/08/2026,2025,5,07 Theft,07* Other theft,-,-,NT Balance,Alligator,5
4/08/2026,2025,5,07 Theft,07* Other theft,-,-,NT Balance,Anindilyakwa,2
4/08/2026,2025,5,07 Theft,07* Other theft,-,-,NT Balance,Barkly,6
4/08/2026,2025,5,07 Theft,07* Other theft,-,-,NT Balance,Daly,5
4/08/2026,2025,5,07 Theft,07* Other theft,-,-,NT Balance,East Arnhem,8
4/08/2026,2025,5,07 Theft,07* Other theft,-,-,NT Balance,Elsey,1
4/08/2026,2025,5,07 Theft,07* Other theft,-,-,NT Balance,Gulf,5
4/08/2026,2025,5,07 Theft,07* Other theft,-,-,NT Balance,Howard Springs,2
4/08/2026,2025,5,07 Theft,07* Other theft,-,-,NT Balance,Humpty Doo,7
4/08/2026,2025,5,07 Theft,07* Other theft,-,-,NT Balance,Petermann - Simpson,5
4/08/2026,2025,5,07 Theft,07* Other theft,-,-,NT Balance,Sandover - Plenty,9
4/08/2026,2025,5,07 Theft,07* Other theft,-,-,NT Balance,Thamarrurr,2
4/08/2026,2025,5,07 Theft,07* Other theft,-,-,NT Balance,Tiwi Islands,5
4/08/2026,2025,5,07 Theft,07* Other theft,-,-,NT Balance,Victoria River,5
4/08/2026,2025,5,07 Theft,07* Other theft,-,-,NT Balance,Virginia,23
4/08/2026,2025,5,07 Theft,07* Other theft,-,-,NT Balance,Weddell,9
4/08/2026,2025,5,07 Theft,07* Other theft,-,-,NT Balance,West Arnhem,4
4/08/2026,2025,5,07 Theft,07* Other theft,-,-,NT Balance,Yuendumu - Anmatjere,3
4/08/2026,2025,5,07 Theft,07* Other theft,-,-,NT Balance,Unknown ,6
4/08/2026,2025,5,11 Property damage offences,11 Property damage offences,-,-,Darwin,,218
4/08/2026,2025,5,11 Property damage offences,11 Property damage offences,-,-,Palmerston,,103
4/08/2026,2025,5,11 Property damage offences,11 Property damage offences,-,-,Alice Springs,,241
4/08/2026,2025,5,11 Property damage offences,11 Property damage offences,-,-,Katherine,,62
4/08/2026,2025,5,11 Property damage offences,11 Property damage offences,-,-,Tennant Creek,,33
4/08/2026,2025,5,11 Property damage offences,11 Property damage offences,-,-,Nhulunbuy,,6
4/08/2026,2025,5,11 Property damage offences,11 Property damage offences,-,-,NT Balance,Alligator,3
4/08/2026,2025,5,11 Property damage offences,11 Property damage offences,-,-,NT Balance,Anindilyakwa,3
4/08/2026,2025,5,11 Property damage offences,11 Property damage offences,-,-,NT Balance,Barkly,4
4/08/2026,2025,5,11 Property damage offences,11 Property damage offences,-,-,NT Balance,Daly,14
4/08/2026,2025,5,11 Property damage offences,11 Property damage offences,-,-,NT Balance,East Arnhem,15
4/08/2026,2025,5,11 Property damage offences,11 Property damage offences,-,-,NT Balance,Elsey,3
4/08/2026,2025,5,11 Property damage offences,11 Property damage offences,-,-,NT Balance,Gulf,3
4/08/2026,2025,5,11 Property damage offences,11 Property damage offences,-,-,NT Balance,Howard Springs,5
4/08/2026,2025,5,11 Property damage offences,11 Property damage offences,-,-,NT Balance,Humpty Doo,6
4/08/2026,2025,5,11 Property damage offences,11 Property damage offences,-,-,NT Balance,Petermann - Simpson,1
4/08/2026,2025,5,11 Property damage offences,11 Property damage offences,-,-,NT Balance,Sandover - Plenty,4
4/08/2026,2025,5,11 Property damage offences,11 Property damage offences,-,-,NT Balance,Tanami,2
4/08/2026,2025,5,11 Property damage offences,11 Property damage offences,-,-,NT Balance,Thamarrurr,13
4/08/2026,2025,5,11 Property damage offences,11 Property damage offences,-,-,NT Balance,Tiwi Islands,2
4/08/2026,2025,5,11 Property damage offences,11 Property damage offences,-,-,NT Balance,Victoria River,6
4/08/2026,2025,5,11 Property damage offences,11 Property damage offences,-,-,NT Balance,Virginia,2
4/08/2026,2025,5,11 Property damage offences,11 Property damage offences,-,-,NT Balance,Weddell,2
4/08/2026,2025,5,11 Property damage offences,11 Property damage offences,-,-,NT Balance,West Arnhem,8
4/08/2026,2025,5,11 Property damage offences,11 Property damage offences,-,-,NT Balance,Yuendumu - Anmatjere,3
4/08/2026,2025,5,11 Property damage offences,11 Property damage offences,-,-,NT Balance,Unknown ,14
4/08/2026,2025,6,01 Homicide,0132 Driving causing death,-,-,NT Balance,Alligator,1
4/08/2026,2025,6,01 Homicide,0132 Driving causing death,-,-,NT Balance,Elsey,1
4/08/2026,2025,6,02 Assault,021 Serious Assault,No,No,Darwin,,45
4/08/2026,2025,6,02 Assault,021 Serious Assault,No,No,Palmerston,,14
4/08/2026,2025,6,02 Assault,021 Serious Assault,No,No,Alice Springs,,13
4/08/2026,2025,6,02 Assault,021 Serious Assault,No,No,Katherine,,5
4/08/2026,2025,6,02 Assault,021 Serious Assault,No,No,Tennant Creek,,4
4/08/2026,2025,6,02 Assault,021 Serious Assault,No,No,NT Balance,Alligator,1
4/08/2026,2025,6,02 Assault,021 Serious Assault,No,No,NT Balance,Daly,5
4/08/2026,2025,6,02 Assault,021 Serious Assault,No,No,NT Balance,Elsey,3
4/08/2026,2025,6,02 Assault,021 Serious Assault,No,No,NT Balance,Gulf,2
4/08/2026,2025,6,02 Assault,021 Serious Assault,No,No,NT Balance,Howard Springs,15
4/08/2026,2025,6,02 Assault,021 Serious Assault,No,No,NT Balance,Tanami,1
4/08/2026,2025,6,02 Assault,021 Serious Assault,No,No,NT Balance,Thamarrurr,3
4/08/2026,2025,6,02 Assault,021 Serious Assault,No,No,NT Balance,Tiwi Islands,2
4/08/2026,2025,6,02 Assault,021 Serious Assault,No,No,NT Balance,Weddell,1
4/08/2026,2025,6,02 Assault,021 Serious Assault,No,No,NT Balance,West Arnhem,2
4/08/2026,2025,6,02 Assault,021 Serious Assault,No,No,NT Balance,Yuendumu - Anmatjere,5
4/08/2026,2025,6,02 Assault,021 Serious Assault,No,No,NT Balance,Unknown ,4
4/08/2026,2025,6,02 Assault,021 Serious Assault,No,Yes,Darwin,,32
4/08/2026,2025,6,02 Assault,021 Serious Assault,No,Yes,Palmerston,,23
4/08/2026,2025,6,02 Assault,021 Serious Assault,No,Yes,Alice Springs,,33
4/08/2026,2025,6,02 Assault,021 Serious Assault,No,Yes,Katherine,,19
4/08/2026,2025,6,02 Assault,021 Serious Assault,No,Yes,Tennant Creek,,8
4/08/2026,2025,6,02 Assault,021 Serious Assault,No,Yes,NT Balance,Alligator,4
4/08/2026,2025,6,02 Assault,021 Serious Assault,No,Yes,NT Balance,Anindilyakwa,4
4/08/2026,2025,6,02 Assault,021 Serious Assault,No,Yes,NT Balance,Barkly,5
4/08/2026,2025,6,02 Assault,021 Serious Assault,No,Yes,NT Balance,Daly,5
4/08/2026,2025,6,02 Assault,021 Serious Assault,No,Yes,NT Balance,East Arnhem,11
4/08/2026,2025,6,02 Assault,021 Serious Assault,No,Yes,NT Balance,Elsey,8
4/08/2026,2025,6,02 Assault,021 Serious Assault,No,Yes,NT Balance,Gulf,7
4/08/2026,2025,6,02 Assault,021 Serious Assault,No,Yes,NT Balance,Howard Springs,1
4/08/2026,2025,6,02 Assault,021 Serious Assault,No,Yes,NT Balance,Petermann - Simpson,6
4/08/2026,2025,6,02 Assault,021 Serious Assault,No,Yes,NT Balance,Sandover - Plenty,5
4/08/2026,2025,6,02 Assault,021 Serious Assault,No,Yes,NT Balance,Tanami,5
4/08/2026,2025,6,02 Assault,021 Serious Assault,No,Yes,NT Balance,Thamarrurr,17
4/08/2026,2025,6,02 Assault,021 Serious Assault,No,Yes,NT Balance,Tiwi Islands,9
4/08/2026,2025,6,02 Assault,021 Serious Assault,No,Yes,NT Balance,Victoria River,1
4/08/2026,2025,6,02 Assault,021 Serious Assault,No,Yes,NT Balance,West Arnhem,16
4/08/2026,2025,6,02 Assault,021 Serious Assault,No,Yes,NT Balance,Yuendumu - Anmatjere,3
4/08/2026,2025,6,02 Assault,021 Serious Assault,No,Yes,NT Balance,Unknown ,4
4/08/2026,2025,6,02 Assault,021 Serious Assault,Yes,No,Darwin,,16
4/08/2026,2025,6,02 Assault,021 Serious Assault,Yes,No,Palmerston,,10
4/08/2026,2025,6,02 Assault,021 Serious Assault,Yes,No,Alice Springs,,16
4/08/2026,2025,6,02 Assault,021 Serious Assault,Yes,No,Katherine,,7
4/08/2026,2025,6,02 Assault,021 Serious Assault,Yes,No,NT Balance,Alligator,3
4/08/2026,2025,6,02 Assault,021 Serious Assault,Yes,No,NT Balance,Daly,1
4/08/2026,2025,6,02 Assault,021 Serious Assault,Yes,No,NT Balance,Elsey,1
4/08/2026,2025,6,02 Assault,021 Serious Assault,Yes,No,NT Balance,Humpty Doo,1
4/08/2026,2025,6,02 Assault,021 Serious Assault,Yes,No,NT Balance,Thamarrurr,1
4/08/2026,2025,6,02 Assault,021 Serious Assault,Yes,No,NT Balance,Unknown ,1
4/08/2026,2025,6,02 Assault,021 Serious Assault,Yes,Yes,Darwin,,59
4/08/2026,2025,6,02 Assault,021 Serious Assault,Yes,Yes,Palmerston,,30
4/08/2026,2025,6,02 Assault,021 Serious Assault,Yes,Yes,Alice Springs,,38
4/08/2026,2025,6,02 Assault,021 Serious Assault,Yes,Yes,Katherine,,31
4/08/2026,2025,6,02 Assault,021 Serious Assault,Yes,Yes,Tennant Creek,,20
4/08/2026,2025,6,02 Assault,021 Serious Assault,Yes,Yes,Nhulunbuy,,2
4/08/2026,2025,6,02 Assault,021 Serious Assault,Yes,Yes,NT Balance,Alligator,2
4/08/2026,2025,6,02 Assault,021 Serious Assault,Yes,Yes,NT Balance,Anindilyakwa,1
4/08/2026,2025,6,02 Assault,021 Serious Assault,Yes,Yes,NT Balance,Barkly,2
4/08/2026,2025,6,02 Assault,021 Serious Assault,Yes,Yes,NT Balance,Daly,2
4/08/2026,2025,6,02 Assault,021 Serious Assault,Yes,Yes,NT Balance,Elsey,7
4/08/2026,2025,6,02 Assault,021 Serious Assault,Yes,Yes,NT Balance,Gulf,5
4/08/2026,2025,6,02 Assault,021 Serious Assault,Yes,Yes,NT Balance,Koolpinyah,1
4/08/2026,2025,6,02 Assault,021 Serious Assault,Yes,Yes,NT Balance,Petermann - Simpson,1
4/08/2026,2025,6,02 Assault,021 Serious Assault,Yes,Yes,NT Balance,Sandover - Plenty,11
4/08/2026,2025,6,02 Assault,021 Serious Assault,Yes,Yes,NT Balance,Tanami,2
4/08/2026,2025,6,02 Assault,021 Serious Assault,Yes,Yes,NT Balance,Thamarrurr,4
4/08/2026,2025,6,02 Assault,021 Serious Assault,Yes,Yes,NT Balance,Tiwi Islands,2
4/08/2026,2025,6,02 Assault,021 Serious Assault,Yes,Yes,NT Balance,Victoria River,3
4/08/2026,2025,6,02 Assault,021 Serious Assault,Yes,Yes,NT Balance,West Arnhem,6
4/08/2026,2025,6,02 Assault,021 Serious Assault,Yes,Yes,NT Balance,Yuendumu - Anmatjere,1
4/08/2026,2025,6,02 Assault,021 Serious Assault,Yes,Yes,NT Balance,Unknown ,2
4/08/2026,2025,6,02 Assault,022 Assault of a prescribed officer,No,No,Alice Springs,,2
4/08/2026,2025,6,02 Assault,022 Assault of a prescribed officer,No,No,NT Balance,Humpty Doo,2
4/08/2026,2025,6,02 Assault,022 Assault of a prescribed officer,No,No,NT Balance,Petermann - Simpson,1
4/08/2026,2025,6,02 Assault,022 Assault of a prescribed officer,No,No,NT Balance,Thamarrurr,1
4/08/2026,2025,6,02 Assault,022 Assault of a prescribed officer,No,No,NT Balance,West Arnhem,1
4/08/2026,2025,6,02 Assault,022 Assault of a prescribed officer,No,Yes,Alice Springs,,1
4/08/2026,2025,6,02 Assault,022 Assault of a prescribed officer,No,Yes,NT Balance,Sandover - Plenty,1
4/08/2026,2025,6,02 Assault,022 Assault of a prescribed officer,Yes,No,Darwin,,1
4/08/2026,2025,6,02 Assault,022 Assault of a prescribed officer,Yes,No,Palmerston,,1
4/08/2026,2025,6,02 Assault,022 Assault of a prescribed officer,Yes,No,Alice Springs,,1
4/08/2026,2025,6,02 Assault,022 Assault of a prescribed officer,Yes,Yes,Darwin,,1
4/08/2026,2025,6,02 Assault,022 Assault of a prescribed officer,Yes,Yes,Alice Springs,,2
4/08/2026,2025,6,02 Assault,022 Assault of a prescribed officer,Yes,Yes,Tennant Creek,,1
4/08/2026,2025,6,02 Assault,023 Common Assault,No,No,Darwin,,24
4/08/2026,2025,6,02 Assault,023 Common Assault,No,No,Palmerston,,4
4/08/2026,2025,6,02 Assault,023 Common Assault,No,No,Alice Springs,,12
4/08/2026,2025,6,02 Assault,023 Common Assault,No,No,Katherine,,4
4/08/2026,2025,6,02 Assault,023 Common Assault,No,No,Tennant Creek,,2
4/08/2026,2025,6,02 Assault,023 Common Assault,No,No,NT Balance,Elsey,1
4/08/2026,2025,6,02 Assault,023 Common Assault,No,No,NT Balance,Gulf,1
4/08/2026,2025,6,02 Assault,023 Common Assault,No,No,NT Balance,Howard Springs,7
4/08/2026,2025,6,02 Assault,023 Common Assault,No,No,NT Balance,Sandover - Plenty,2
4/08/2026,2025,6,02 Assault,023 Common Assault,No,No,NT Balance,Tanami,1
4/08/2026,2025,6,02 Assault,023 Common Assault,No,No,NT Balance,Weddell,1
4/08/2026,2025,6,02 Assault,023 Common Assault,No,No,NT Balance,Unknown ,3
4/08/2026,2025,6,02 Assault,023 Common Assault,No,Yes,Darwin,,5
4/08/2026,2025,6,02 Assault,023 Common Assault,No,Yes,Palmerston,,1
4/08/2026,2025,6,02 Assault,023 Common Assault,No,Yes,Alice Springs,,1
4/08/2026,2025,6,02 Assault,023 Common Assault,No,Yes,Katherine,,1
4/08/2026,2025,6,02 Assault,023 Common Assault,No,Yes,NT Balance,Anindilyakwa,1
4/08/2026,2025,6,02 Assault,023 Common Assault,No,Yes,NT Balance,Sandover - Plenty,1
4/08/2026,2025,6,02 Assault,023 Common Assault,No,Yes,NT Balance,Tanami,3
4/08/2026,2025,6,02 Assault,023 Common Assault,No,Yes,NT Balance,Thamarrurr,2
4/08/2026,2025,6,02 Assault,023 Common Assault,No,Yes,NT Balance,Tiwi Islands,2
4/08/2026,2025,6,02 Assault,023 Common Assault,No,Yes,NT Balance,Victoria River,1
4/08/2026,2025,6,02 Assault,023 Common Assault,No,Yes,NT Balance,Virginia,1
4/08/2026,2025,6,02 Assault,023 Common Assault,No,Yes,NT Balance,West Arnhem,1
4/08/2026,2025,6,02 Assault,023 Common Assault,Yes,No,Darwin,,4
4/08/2026,2025,6,02 Assault,023 Common Assault,Yes,No,Palmerston,,4
4/08/2026,2025,6,02 Assault,023 Common Assault,Yes,No,Alice Springs,,3
4/08/2026,2025,6,02 Assault,023 Common Assault,Yes,No,Katherine,,5
4/08/2026,2025,6,02 Assault,023 Common Assault,Yes,No,Tennant Creek,,1
4/08/2026,2025,6,02 Assault,023 Common Assault,Yes,No,NT Balance,Alligator,1
4/08/2026,2025,6,02 Assault,023 Common Assault,Yes,No,NT Balance,Petermann - Simpson,1
4/08/2026,2025,6,02 Assault,023 Common Assault,Yes,No,NT Balance,Victoria River,2
4/08/2026,2025,6,02 Assault,023 Common Assault,Yes,No,NT Balance,Virginia,1
4/08/2026,2025,6,02 Assault,023 Common Assault,Yes,No,NT Balance,Unknown ,1
4/08/2026,2025,6,02 Assault,023 Common Assault,Yes,Yes,Darwin,,2
4/08/2026,2025,6,02 Assault,023 Common Assault,Yes,Yes,Palmerston,,4
4/08/2026,2025,6,02 Assault,023 Common Assault,Yes,Yes,Alice Springs,,7
4/08/2026,2025,6,02 Assault,023 Common Assault,Yes,Yes,Katherine,,4
4/08/2026,2025,6,02 Assault,023 Common Assault,Yes,Yes,Nhulunbuy,,1
4/08/2026,2025,6,02 Assault,023 Common Assault,Yes,Yes,NT Balance,Elsey,1
4/08/2026,2025,6,03 Sexual offences,031 Sexual assault of an adult,-,-,Darwin,,9
4/08/2026,2025,6,03 Sexual offences,031 Sexual assault of an adult,-,-,Palmerston,,7
4/08/2026,2025,6,03 Sexual offences,031 Sexual assault of an adult,-,-,Alice Springs,,13
4/08/2026,2025,6,03 Sexual offences,031 Sexual assault of an adult,-,-,Katherine,,1
4/08/2026,2025,6,03 Sexual offences,031 Sexual assault of an adult,-,-,Tennant Creek,,1
4/08/2026,2025,6,03 Sexual offences,031 Sexual assault of an adult,-,-,NT Balance,Alligator,2
4/08/2026,2025,6,03 Sexual offences,031 Sexual assault of an adult,-,-,NT Balance,Barkly,2
4/08/2026,2025,6,03 Sexual offences,031 Sexual assault of an adult,-,-,NT Balance,East Arnhem,1
4/08/2026,2025,6,03 Sexual offences,031 Sexual assault of an adult,-,-,NT Balance,Gulf,2
4/08/2026,2025,6,03 Sexual offences,031 Sexual assault of an adult,-,-,NT Balance,Howard Springs,1
4/08/2026,2025,6,03 Sexual offences,031 Sexual assault of an adult,-,-,NT Balance,Humpty Doo,1
4/08/2026,2025,6,03 Sexual offences,031 Sexual assault of an adult,-,-,NT Balance,Tanami,1
4/08/2026,2025,6,03 Sexual offences,031 Sexual assault of an adult,-,-,NT Balance,Tiwi Islands,1
4/08/2026,2025,6,03 Sexual offences,031 Sexual assault of an adult,-,-,NT Balance,Yuendumu - Anmatjere,1
4/08/2026,2025,6,03 Sexual offences,031 Sexual assault of an adult,-,-,NT Balance,Unknown ,2
4/08/2026,2025,6,03 Sexual offences,032 Sexual assault of a child,-,-,Darwin,,3
4/08/2026,2025,6,03 Sexual offences,032 Sexual assault of a child,-,-,Palmerston,,2
4/08/2026,2025,6,03 Sexual offences,032 Sexual assault of a child,-,-,Alice Springs,,3
4/08/2026,2025,6,03 Sexual offences,032 Sexual assault of a child,-,-,NT Balance,Tanami,1
4/08/2026,2025,6,03 Sexual offences,032 Sexual assault of a child,-,-,NT Balance,West Arnhem,1
4/08/2026,2025,6,03 Sexual offences,"033, 034 Other child-related sexual offences",-,-,Palmerston,,1
4/08/2026,2025,6,03 Sexual offences,"033, 034 Other child-related sexual offences",-,-,Alice Springs,,2
4/08/2026,2025,6,03 Sexual offences,"033, 034 Other child-related sexual offences",-,-,NT Balance,Sandover - Plenty,1
4/08/2026,2025,6,03 Sexual offences,"035, 039 Other sexual offences",-,-,Palmerston,,4
4/08/2026,2025,6,03 Sexual offences,"035, 039 Other sexual offences",-,-,Alice Springs,,1
4/08/2026,2025,6,03 Sexual offences,"035, 039 Other sexual offences",-,-,NT Balance,East Arnhem,1
4/08/2026,2025,6,04 Harm or endanger persons,"041, 042, 043 Human trafficking, abduction, deprivation of liberty",-,-,Darwin,,1
4/08/2026,2025,6,04 Harm or endanger persons,"041, 042, 043 Human trafficking, abduction, deprivation of liberty",-,-,Tennant Creek,,1
4/08/2026,2025,6,04 Harm or endanger persons,"041, 042, 043 Human trafficking, abduction, deprivation of liberty",-,-,NT Balance,Gulf,1
4/08/2026,2025,6,04 Harm or endanger persons,"044 Acts that threaten, harass or control",-,-,Darwin,,19
4/08/2026,2025,6,04 Harm or endanger persons,"044 Acts that threaten, harass or control",-,-,Palmerston,,7
4/08/2026,2025,6,04 Harm or endanger persons,"044 Acts that threaten, harass or control",-,-,Alice Springs,,13
4/08/2026,2025,6,04 Harm or endanger persons,"044 Acts that threaten, harass or control",-,-,Katherine,,7
4/08/2026,2025,6,04 Harm or endanger persons,"044 Acts that threaten, harass or control",-,-,Nhulunbuy,,1
4/08/2026,2025,6,04 Harm or endanger persons,"044 Acts that threaten, harass or control",-,-,NT Balance,Elsey,1
4/08/2026,2025,6,04 Harm or endanger persons,"044 Acts that threaten, harass or control",-,-,NT Balance,Howard Springs,1
4/08/2026,2025,6,04 Harm or endanger persons,"044 Acts that threaten, harass or control",-,-,NT Balance,Sandover - Plenty,1
4/08/2026,2025,6,04 Harm or endanger persons,"044 Acts that threaten, harass or control",-,-,NT Balance,Tanami,2
4/08/2026,2025,6,04 Harm or endanger persons,"044 Acts that threaten, harass or control",-,-,NT Balance,Tiwi Islands,1
4/08/2026,2025,6,04 Harm or endanger persons,"044 Acts that threaten, harass or control",-,-,NT Balance,Victoria River,2
4/08/2026,2025,6,04 Harm or endanger persons,"044 Acts that threaten, harass or control",-,-,NT Balance,West Arnhem,2
4/08/2026,2025,6,04 Harm or endanger persons,"044 Acts that threaten, harass or control",-,-,NT Balance,Yuendumu - Anmatjere,2
4/08/2026,2025,6,04 Harm or endanger persons,"044 Acts that threaten, harass or control",-,-,NT Balance,Unknown ,4
4/08/2026,2025,6,04 Harm or endanger persons,045 Driving causing serious injury,-,-,Darwin,,2
4/08/2026,2025,6,04 Harm or endanger persons,045 Driving causing serious injury,-,-,NT Balance,Virginia,1
4/08/2026,2025,6,04 Harm or endanger persons,049 Other acts that harm or endanger persons,-,-,Darwin,,4
4/08/2026,2025,6,04 Harm or endanger persons,049 Other acts that harm or endanger persons,-,-,Palmerston,,1
4/08/2026,2025,6,04 Harm or endanger persons,049 Other acts that harm or endanger persons,-,-,Alice Springs,,5
4/08/2026,2025,6,04 Harm or endanger persons,049 Other acts that harm or endanger persons,-,-,Katherine,,3
4/08/2026,2025,6,04 Harm or endanger persons,049 Other acts that harm or endanger persons,-,-,NT Balance,East Arnhem,2
4/08/2026,2025,6,04 Harm or endanger persons,049 Other acts that harm or endanger persons,-,-,NT Balance,Thamarrurr,1
4/08/2026,2025,6,04 Harm or endanger persons,049 Other acts that harm or endanger persons,-,-,NT Balance,Tiwi Islands,2
4/08/2026,2025,6,04 Harm or endanger persons,049 Other acts that harm or endanger persons,-,-,NT Balance,Weddell,1
4/08/2026,2025,6,04 Harm or endanger persons,049 Other acts that harm or endanger persons,-,-,NT Balance,West Arnhem,1
4/08/2026,2025,6,"05 Robbery, blackmail, and extortion",051 Robbery,-,-,Darwin,,11
4/08/2026,2025,6,"05 Robbery, blackmail, and extortion",051 Robbery,-,-,Palmerston,,7
4/08/2026,2025,6,"05 Robbery, blackmail, and extortion",051 Robbery,-,-,Alice Springs,,6
4/08/2026,2025,6,"05 Robbery, blackmail, and extortion",051 Robbery,-,-,Katherine,,2
4/08/2026,2025,6,"05 Robbery, blackmail, and extortion",051 Robbery,-,-,NT Balance,Howard Springs,1
4/08/2026,2025,6,061 Burglary - dwelling,"061 Burglary - dwelling (house break-ins), actual",-,-,Darwin,,29
4/08/2026,2025,6,061 Burglary - dwelling,"061 Burglary - dwelling (house break-ins), actual",-,-,Palmerston,,14
4/08/2026,2025,6,061 Burglary - dwelling,"061 Burglary - dwelling (house break-ins), actual",-,-,Alice Springs,,56
4/08/2026,2025,6,061 Burglary - dwelling,"061 Burglary - dwelling (house break-ins), actual",-,-,Katherine,,24
4/08/2026,2025,6,061 Burglary - dwelling,"061 Burglary - dwelling (house break-ins), actual",-,-,Tennant Creek,,4
4/08/2026,2025,6,061 Burglary - dwelling,"061 Burglary - dwelling (house break-ins), actual",-,-,Nhulunbuy,,1
4/08/2026,2025,6,061 Burglary - dwelling,"061 Burglary - dwelling (house break-ins), actual",-,-,NT Balance,East Arnhem,4
4/08/2026,2025,6,061 Burglary - dwelling,"061 Burglary - dwelling (house break-ins), actual",-,-,NT Balance,Gulf,3
4/08/2026,2025,6,061 Burglary - dwelling,"061 Burglary - dwelling (house break-ins), actual",-,-,NT Balance,Howard Springs,3
4/08/2026,2025,6,061 Burglary - dwelling,"061 Burglary - dwelling (house break-ins), actual",-,-,NT Balance,Humpty Doo,1
4/08/2026,2025,6,061 Burglary - dwelling,"061 Burglary - dwelling (house break-ins), actual",-,-,NT Balance,Sandover - Plenty,1
4/08/2026,2025,6,061 Burglary - dwelling,"061 Burglary - dwelling (house break-ins), actual",-,-,NT Balance,Thamarrurr,1
4/08/2026,2025,6,061 Burglary - dwelling,"061 Burglary - dwelling (house break-ins), actual",-,-,NT Balance,Victoria River,3
4/08/2026,2025,6,061 Burglary - dwelling,"061 Burglary - dwelling (house break-ins), actual",-,-,NT Balance,West Arnhem,8
4/08/2026,2025,6,061 Burglary - dwelling,"061 Burglary - dwelling (house break-ins), actual",-,-,NT Balance,Yuendumu - Anmatjere,1
4/08/2026,2025,6,061 Burglary - dwelling,"061 Burglary - dwelling (house break-ins), actual",-,-,NT Balance,Unknown ,2
4/08/2026,2025,6,061 Burglary - dwelling,"061 Burglary - dweling (house break-ins), attempted",-,-,Darwin,,5
4/08/2026,2025,6,061 Burglary - dwelling,"061 Burglary - dweling (house break-ins), attempted",-,-,Palmerston,,7
4/08/2026,2025,6,061 Burglary - dwelling,"061 Burglary - dweling (house break-ins), attempted",-,-,Alice Springs,,12
4/08/2026,2025,6,061 Burglary - dwelling,"061 Burglary - dweling (house break-ins), attempted",-,-,Katherine,,4
4/08/2026,2025,6,061 Burglary - dwelling,"061 Burglary - dweling (house break-ins), attempted",-,-,NT Balance,Barkly,1
4/08/2026,2025,6,061 Burglary - dwelling,"061 Burglary - dweling (house break-ins), attempted",-,-,NT Balance,West Arnhem,3
4/08/2026,2025,6,062 Burglary - non-residential,"062 Burglary - non-residential (commercial break-ins), actual",-,-,Darwin,,8
4/08/2026,2025,6,062 Burglary - non-residential,"062 Burglary - non-residential (commercial break-ins), actual",-,-,Palmerston,,4
4/08/2026,2025,6,062 Burglary - non-residential,"062 Burglary - non-residential (commercial break-ins), actual",-,-,Alice Springs,,21
4/08/2026,2025,6,062 Burglary - non-residential,"062 Burglary - non-residential (commercial break-ins), actual",-,-,Katherine,,9
4/08/2026,2025,6,062 Burglary - non-residential,"062 Burglary - non-residential (commercial break-ins), actual",-,-,Tennant Creek,,2
4/08/2026,2025,6,062 Burglary - non-residential,"062 Burglary - non-residential (commercial break-ins), actual",-,-,NT Balance,Alligator,2
4/08/2026,2025,6,062 Burglary - non-residential,"062 Burglary - non-residential (commercial break-ins), actual",-,-,NT Balance,Barkly,1
4/08/2026,2025,6,062 Burglary - non-residential,"062 Burglary - non-residential (commercial break-ins), actual",-,-,NT Balance,Daly,2
4/08/2026,2025,6,062 Burglary - non-residential,"062 Burglary - non-residential (commercial break-ins), actual",-,-,NT Balance,East Arnhem,4
4/08/2026,2025,6,062 Burglary - non-residential,"062 Burglary - non-residential (commercial break-ins), actual",-,-,NT Balance,Gulf,1
4/08/2026,2025,6,062 Burglary - non-residential,"062 Burglary - non-residential (commercial break-ins), actual",-,-,NT Balance,Howard Springs,2
4/08/2026,2025,6,062 Burglary - non-residential,"062 Burglary - non-residential (commercial break-ins), actual",-,-,NT Balance,Sandover - Plenty,1
4/08/2026,2025,6,062 Burglary - non-residential,"062 Burglary - non-residential (commercial break-ins), actual",-,-,NT Balance,Tanami,1
4/08/2026,2025,6,062 Burglary - non-residential,"062 Burglary - non-residential (commercial break-ins), actual",-,-,NT Balance,Thamarrurr,1
4/08/2026,2025,6,062 Burglary - non-residential,"062 Burglary - non-residential (commercial break-ins), actual",-,-,NT Balance,Victoria River,2
4/08/2026,2025,6,062 Burglary - non-residential,"062 Burglary - non-residential (commercial break-ins), actual",-,-,NT Balance,Virginia,1
4/08/2026,2025,6,062 Burglary - non-residential,"062 Burglary - non-residential (commercial break-ins), actual",-,-,NT Balance,West Arnhem,5
4/08/2026,2025,6,062 Burglary - non-residential,"062 Burglary - non-residential (commercial break-ins), actual",-,-,NT Balance,Yuendumu - Anmatjere,2
4/08/2026,2025,6,062 Burglary - non-residential,"062 Burglary - non-residential (commercial break-ins), attempted",-,-,Katherine,,1
4/08/2026,2025,6,07 Theft,071 Motor vehicle theft and related offences,-,-,Darwin,,25
4/08/2026,2025,6,07 Theft,071 Motor vehicle theft and related offences,-,-,Palmerston,,9
4/08/2026,2025,6,07 Theft,071 Motor vehicle theft and related offences,-,-,Alice Springs,,7
4/08/2026,2025,6,07 Theft,071 Motor vehicle theft and related offences,-,-,Tennant Creek,,2
4/08/2026,2025,6,07 Theft,071 Motor vehicle theft and related offences,-,-,NT Balance,Alligator,2
4/08/2026,2025,6,07 Theft,071 Motor vehicle theft and related offences,-,-,NT Balance,East Arnhem,1
4/08/2026,2025,6,07 Theft,071 Motor vehicle theft and related offences,-,-,NT Balance,Humpty Doo,1
4/08/2026,2025,6,07 Theft,071 Motor vehicle theft and related offences,-,-,NT Balance,West Arnhem,1
4/08/2026,2025,6,07 Theft,07* Other theft,-,-,Darwin,,218
4/08/2026,2025,6,07 Theft,07* Other theft,-,-,Palmerston,,134
4/08/2026,2025,6,07 Theft,07* Other theft,-,-,Alice Springs,,114
4/08/2026,2025,6,07 Theft,07* Other theft,-,-,Katherine,,48
4/08/2026,2025,6,07 Theft,07* Other theft,-,-,Tennant Creek,,16
4/08/2026,2025,6,07 Theft,07* Other theft,-,-,Nhulunbuy,,2
4/08/2026,2025,6,07 Theft,07* Other theft,-,-,NT Balance,Alligator,6
4/08/2026,2025,6,07 Theft,07* Other theft,-,-,NT Balance,Anindilyakwa,1
4/08/2026,2025,6,07 Theft,07* Other theft,-,-,NT Balance,Barkly,7
4/08/2026,2025,6,07 Theft,07* Other theft,-,-,NT Balance,Daly,3
4/08/2026,2025,6,07 Theft,07* Other theft,-,-,NT Balance,East Arnhem,9
4/08/2026,2025,6,07 Theft,07* Other theft,-,-,NT Balance,Gulf,1
4/08/2026,2025,6,07 Theft,07* Other theft,-,-,NT Balance,Howard Springs,6
4/08/2026,2025,6,07 Theft,07* Other theft,-,-,NT Balance,Humpty Doo,4
4/08/2026,2025,6,07 Theft,07* Other theft,-,-,NT Balance,Petermann - Simpson,2
4/08/2026,2025,6,07 Theft,07* Other theft,-,-,NT Balance,Sandover - Plenty,1
4/08/2026,2025,6,07 Theft,07* Other theft,-,-,NT Balance,Tanami,2
4/08/2026,2025,6,07 Theft,07* Other theft,-,-,NT Balance,Tiwi Islands,1
4/08/2026,2025,6,07 Theft,07* Other theft,-,-,NT Balance,Victoria River,7
4/08/2026,2025,6,07 Theft,07* Other theft,-,-,NT Balance,Virginia,13
4/08/2026,2025,6,07 Theft,07* Other theft,-,-,NT Balance,Weddell,5
4/08/2026,2025,6,07 Theft,07* Other theft,-,-,NT Balance,West Arnhem,6
4/08/2026,2025,6,07 Theft,07* Other theft,-,-,NT Balance,Yuendumu - Anmatjere,3
4/08/2026,2025,6,07 Theft,07* Other theft,-,-,NT Balance,Unknown ,9
4/08/2026,2025,6,11 Property damage offences,11 Property damage offences,-,-,Darwin,,212
4/08/2026,2025,6,11 Property damage offences,11 Property damage offences,-,-,Palmerston,,106
4/08/2026,2025,6,11 Property damage offences,11 Property damage offences,-,-,Alice Springs,,203
4/08/2026,2025,6,11 Property damage offences,11 Property damage offences,-,-,Katherine,,67
4/08/2026,2025,6,11 Property damage offences,11 Property damage offences,-,-,Tennant Creek,,25
4/08/2026,2025,6,11 Property damage offences,11 Property damage offences,-,-,Nhulunbuy,,1
4/08/2026,2025,6,11 Property damage offences,11 Property damage offences,-,-,NT Balance,Alligator,11
4/08/2026,2025,6,11 Property damage offences,11 Property damage offences,-,-,NT Balance,Anindilyakwa,3
4/08/2026,2025,6,11 Property damage offences,11 Property damage offences,-,-,NT Balance,Barkly,2
4/08/2026,2025,6,11 Property damage offences,11 Property damage offences,-,-,NT Balance,Daly,4
4/08/2026,2025,6,11 Property damage offences,11 Property damage offences,-,-,NT Balance,East Arnhem,19
4/08/2026,2025,6,11 Property damage offences,11 Property damage offences,-,-,NT Balance,Elsey,2
4/08/2026,2025,6,11 Property damage offences,11 Property damage offences,-,-,NT Balance,Gulf,4
4/08/2026,2025,6,11 Property damage offences,11 Property damage offences,-,-,NT Balance,Howard Springs,10
4/08/2026,2025,6,11 Property damage offences,11 Property damage offences,-,-,NT Balance,Humpty Doo,3
4/08/2026,2025,6,11 Property damage offences,11 Property damage offences,-,-,NT Balance,Petermann - Simpson,3
4/08/2026,2025,6,11 Property damage offences,11 Property damage offences,-,-,NT Balance,Sandover - Plenty,5
4/08/2026,2025,6,11 Property damage offences,11 Property damage offences,-,-,NT Balance,Tanami,2
4/08/2026,2025,6,11 Property damage offences,11 Property damage offences,-,-,NT Balance,Thamarrurr,11
4/08/2026,2025,6,11 Property damage offences,11 Property damage offences,-,-,NT Balance,Tiwi Islands,4
4/08/2026,2025,6,11 Property damage offences,11 Property damage offences,-,-,NT Balance,Victoria River,7
4/08/2026,2025,6,11 Property damage offences,11 Property damage offences,-,-,NT Balance,Virginia,3
4/08/2026,2025,6,11 Property damage offences,11 Property damage offences,-,-,NT Balance,Weddell,2
4/08/2026,2025,6,11 Property damage offences,11 Property damage offences,-,-,NT Balance,West Arnhem,10
4/08/2026,2025,6,11 Property damage offences,11 Property damage offences,-,-,NT Balance,Yuendumu - Anmatjere,3
4/08/2026,2025,6,11 Property damage offences,11 Property damage offences,-,-,NT Balance,Unknown ,18
4/08/2026,2025,7,01 Homicide,0132 Driving causing death,-,-,NT Balance,West Arnhem,1
4/08/2026,2025,7,02 Assault,021 Serious Assault,No,No,Darwin,,34
4/08/2026,2025,7,02 Assault,021 Serious Assault,No,No,Palmerston,,12
4/08/2026,2025,7,02 Assault,021 Serious Assault,No,No,Alice Springs,,14
4/08/2026,2025,7,02 Assault,021 Serious Assault,No,No,Katherine,,6
4/08/2026,2025,7,02 Assault,021 Serious Assault,No,No,Tennant Creek,,4
4/08/2026,2025,7,02 Assault,021 Serious Assault,No,No,Nhulunbuy,,1
4/08/2026,2025,7,02 Assault,021 Serious Assault,No,No,NT Balance,Anindilyakwa,1
4/08/2026,2025,7,02 Assault,021 Serious Assault,No,No,NT Balance,Daly,1
4/08/2026,2025,7,02 Assault,021 Serious Assault,No,No,NT Balance,East Arnhem,2
4/08/2026,2025,7,02 Assault,021 Serious Assault,No,No,NT Balance,Elsey,3
4/08/2026,2025,7,02 Assault,021 Serious Assault,No,No,NT Balance,Gulf,4
4/08/2026,2025,7,02 Assault,021 Serious Assault,No,No,NT Balance,Howard Springs,11
4/08/2026,2025,7,02 Assault,021 Serious Assault,No,No,NT Balance,Petermann - Simpson,2
4/08/2026,2025,7,02 Assault,021 Serious Assault,No,No,NT Balance,Sandover - Plenty,1
4/08/2026,2025,7,02 Assault,021 Serious Assault,No,No,NT Balance,Tanami,1
4/08/2026,2025,7,02 Assault,021 Serious Assault,No,No,NT Balance,Tiwi Islands,1
4/08/2026,2025,7,02 Assault,021 Serious Assault,No,No,NT Balance,West Arnhem,2
4/08/2026,2025,7,02 Assault,021 Serious Assault,No,No,NT Balance,Yuendumu - Anmatjere,2
4/08/2026,2025,7,02 Assault,021 Serious Assault,No,No,NT Balance,Unknown ,1
4/08/2026,2025,7,02 Assault,021 Serious Assault,No,Yes,Darwin,,44
4/08/2026,2025,7,02 Assault,021 Serious Assault,No,Yes,Palmerston,,14
4/08/2026,2025,7,02 Assault,021 Serious Assault,No,Yes,Alice Springs,,36
4/08/2026,2025,7,02 Assault,021 Serious Assault,No,Yes,Katherine,,10
4/08/2026,2025,7,02 Assault,021 Serious Assault,No,Yes,Tennant Creek,,5
4/08/2026,2025,7,02 Assault,021 Serious Assault,No,Yes,NT Balance,Alligator,1
4/08/2026,2025,7,02 Assault,021 Serious Assault,No,Yes,NT Balance,Anindilyakwa,6
4/08/2026,2025,7,02 Assault,021 Serious Assault,No,Yes,NT Balance,Barkly,2
4/08/2026,2025,7,02 Assault,021 Serious Assault,No,Yes,NT Balance,Daly,2
4/08/2026,2025,7,02 Assault,021 Serious Assault,No,Yes,NT Balance,East Arnhem,18
4/08/2026,2025,7,02 Assault,021 Serious Assault,No,Yes,NT Balance,Elsey,4
4/08/2026,2025,7,02 Assault,021 Serious Assault,No,Yes,NT Balance,Gulf,6
4/08/2026,2025,7,02 Assault,021 Serious Assault,No,Yes,NT Balance,Petermann - Simpson,2
4/08/2026,2025,7,02 Assault,021 Serious Assault,No,Yes,NT Balance,Sandover - Plenty,4
4/08/2026,2025,7,02 Assault,021 Serious Assault,No,Yes,NT Balance,Tanami,7
4/08/2026,2025,7,02 Assault,021 Serious Assault,No,Yes,NT Balance,Thamarrurr,12
4/08/2026,2025,7,02 Assault,021 Serious Assault,No,Yes,NT Balance,Tiwi Islands,12
4/08/2026,2025,7,02 Assault,021 Serious Assault,No,Yes,NT Balance,Victoria River,7
4/08/2026,2025,7,02 Assault,021 Serious Assault,No,Yes,NT Balance,Weddell,1
4/08/2026,2025,7,02 Assault,021 Serious Assault,No,Yes,NT Balance,West Arnhem,12
4/08/2026,2025,7,02 Assault,021 Serious Assault,No,Yes,NT Balance,Yuendumu - Anmatjere,5
4/08/2026,2025,7,02 Assault,021 Serious Assault,No,Yes,NT Balance,Unknown ,2
4/08/2026,2025,7,02 Assault,021 Serious Assault,Yes,No,Darwin,,29
4/08/2026,2025,7,02 Assault,021 Serious Assault,Yes,No,Palmerston,,9
4/08/2026,2025,7,02 Assault,021 Serious Assault,Yes,No,Alice Springs,,14
4/08/2026,2025,7,02 Assault,021 Serious Assault,Yes,No,Katherine,,4
4/08/2026,2025,7,02 Assault,021 Serious Assault,Yes,No,Tennant Creek,,1
4/08/2026,2025,7,02 Assault,021 Serious Assault,Yes,No,NT Balance,Alligator,2
4/08/2026,2025,7,02 Assault,021 Serious Assault,Yes,No,NT Balance,Barkly,1
4/08/2026,2025,7,02 Assault,021 Serious Assault,Yes,No,NT Balance,Thamarrurr,1
4/08/2026,2025,7,02 Assault,021 Serious Assault,Yes,No,NT Balance,Tiwi Islands,2
4/08/2026,2025,7,02 Assault,021 Serious Assault,Yes,No,NT Balance,Victoria River,1
4/08/2026,2025,7,02 Assault,021 Serious Assault,Yes,Yes,Darwin,,51
4/08/2026,2025,7,02 Assault,021 Serious Assault,Yes,Yes,Palmerston,,43
4/08/2026,2025,7,02 Assault,021 Serious Assault,Yes,Yes,Alice Springs,,52
4/08/2026,2025,7,02 Assault,021 Serious Assault,Yes,Yes,Katherine,,30
4/08/2026,2025,7,02 Assault,021 Serious Assault,Yes,Yes,Tennant Creek,,36
4/08/2026,2025,7,02 Assault,021 Serious Assault,Yes,Yes,Nhulunbuy,,2
4/08/2026,2025,7,02 Assault,021 Serious Assault,Yes,Yes,NT Balance,Alligator,4
4/08/2026,2025,7,02 Assault,021 Serious Assault,Yes,Yes,NT Balance,Barkly,1
4/08/2026,2025,7,02 Assault,021 Serious Assault,Yes,Yes,NT Balance,East Arnhem,3
4/08/2026,2025,7,02 Assault,021 Serious Assault,Yes,Yes,NT Balance,Elsey,9
4/08/2026,2025,7,02 Assault,021 Serious Assault,Yes,Yes,NT Balance,Gulf,4
4/08/2026,2025,7,02 Assault,021 Serious Assault,Yes,Yes,NT Balance,Howard Springs,2
4/08/2026,2025,7,02 Assault,021 Serious Assault,Yes,Yes,NT Balance,Humpty Doo,1
4/08/2026,2025,7,02 Assault,021 Serious Assault,Yes,Yes,NT Balance,Petermann - Simpson,1
4/08/2026,2025,7,02 Assault,021 Serious Assault,Yes,Yes,NT Balance,Sandover - Plenty,2
4/08/2026,2025,7,02 Assault,021 Serious Assault,Yes,Yes,NT Balance,Tanami,1
4/08/2026,2025,7,02 Assault,021 Serious Assault,Yes,Yes,NT Balance,Thamarrurr,10
4/08/2026,2025,7,02 Assault,021 Serious Assault,Yes,Yes,NT Balance,Tiwi Islands,6
4/08/2026,2025,7,02 Assault,021 Serious Assault,Yes,Yes,NT Balance,Victoria River,2
4/08/2026,2025,7,02 Assault,021 Serious Assault,Yes,Yes,NT Balance,West Arnhem,2
4/08/2026,2025,7,02 Assault,021 Serious Assault,Yes,Yes,NT Balance,Yuendumu - Anmatjere,1
4/08/2026,2025,7,02 Assault,021 Serious Assault,Yes,Yes,NT Balance,Unknown ,3
4/08/2026,2025,7,02 Assault,022 Assault of a prescribed officer,No,No,Darwin,,1
4/08/2026,2025,7,02 Assault,022 Assault of a prescribed officer,No,No,Palmerston,,2
4/08/2026,2025,7,02 Assault,022 Assault of a prescribed officer,No,No,Alice Springs,,1
4/08/2026,2025,7,02 Assault,022 Assault of a prescribed officer,No,No,Katherine,,1
4/08/2026,2025,7,02 Assault,022 Assault of a prescribed officer,No,No,Tennant Creek,,1
4/08/2026,2025,7,02 Assault,022 Assault of a prescribed officer,No,No,NT Balance,East Arnhem,1
4/08/2026,2025,7,02 Assault,022 Assault of a prescribed officer,No,No,NT Balance,Howard Springs,1
4/08/2026,2025,7,02 Assault,022 Assault of a prescribed officer,No,No,NT Balance,Sandover - Plenty,1
4/08/2026,2025,7,02 Assault,022 Assault of a prescribed officer,No,Yes,Alice Springs,,1
4/08/2026,2025,7,02 Assault,022 Assault of a prescribed officer,No,Yes,Tennant Creek,,1
4/08/2026,2025,7,02 Assault,022 Assault of a prescribed officer,No,Yes,NT Balance,Thamarrurr,1
4/08/2026,2025,7,02 Assault,022 Assault of a prescribed officer,Yes,No,Darwin,,6
4/08/2026,2025,7,02 Assault,022 Assault of a prescribed officer,Yes,No,Alice Springs,,2
4/08/2026,2025,7,02 Assault,022 Assault of a prescribed officer,Yes,No,Katherine,,1
4/08/2026,2025,7,02 Assault,022 Assault of a prescribed officer,Yes,No,Tennant Creek,,1
4/08/2026,2025,7,02 Assault,022 Assault of a prescribed officer,Yes,No,NT Balance,Daly,1
4/08/2026,2025,7,02 Assault,022 Assault of a prescribed officer,Yes,No,NT Balance,Tiwi Islands,1
4/08/2026,2025,7,02 Assault,022 Assault of a prescribed officer,Yes,Yes,Darwin,,1
4/08/2026,2025,7,02 Assault,022 Assault of a prescribed officer,Yes,Yes,Alice Springs,,2
4/08/2026,2025,7,02 Assault,022 Assault of a prescribed officer,Yes,Yes,Katherine,,2
4/08/2026,2025,7,02 Assault,022 Assault of a prescribed officer,Yes,Yes,Tennant Creek,,1
4/08/2026,2025,7,02 Assault,022 Assault of a prescribed officer,Yes,Yes,NT Balance,Howard Springs,1
4/08/2026,2025,7,02 Assault,022 Assault of a prescribed officer,Yes,Yes,NT Balance,Thamarrurr,1
4/08/2026,2025,7,02 Assault,023 Common Assault,No,No,Darwin,,26
4/08/2026,2025,7,02 Assault,023 Common Assault,No,No,Palmerston,,4
4/08/2026,2025,7,02 Assault,023 Common Assault,No,No,Alice Springs,,11
4/08/2026,2025,7,02 Assault,023 Common Assault,No,No,Katherine,,6
4/08/2026,2025,7,02 Assault,023 Common Assault,No,No,Tennant Creek,,1
4/08/2026,2025,7,02 Assault,023 Common Assault,No,No,NT Balance,Daly,3
4/08/2026,2025,7,02 Assault,023 Common Assault,No,No,NT Balance,East Arnhem,3
4/08/2026,2025,7,02 Assault,023 Common Assault,No,No,NT Balance,Gulf,2
4/08/2026,2025,7,02 Assault,023 Common Assault,No,No,NT Balance,Howard Springs,15
4/08/2026,2025,7,02 Assault,023 Common Assault,No,No,NT Balance,Humpty Doo,1
4/08/2026,2025,7,02 Assault,023 Common Assault,No,No,NT Balance,Petermann - Simpson,3
4/08/2026,2025,7,02 Assault,023 Common Assault,No,No,NT Balance,Sandover - Plenty,1
4/08/2026,2025,7,02 Assault,023 Common Assault,No,No,NT Balance,Tanami,1
4/08/2026,2025,7,02 Assault,023 Common Assault,No,No,NT Balance,Victoria River,1
4/08/2026,2025,7,02 Assault,023 Common Assault,No,No,NT Balance,West Arnhem,1
4/08/2026,2025,7,02 Assault,023 Common Assault,No,No,NT Balance,Unknown ,3
4/08/2026,2025,7,02 Assault,023 Common Assault,No,Yes,Darwin,,4
4/08/2026,2025,7,02 Assault,023 Common Assault,No,Yes,Katherine,,1
4/08/2026,2025,7,02 Assault,023 Common Assault,No,Yes,NT Balance,Anindilyakwa,2
4/08/2026,2025,7,02 Assault,023 Common Assault,No,Yes,NT Balance,East Arnhem,1
4/08/2026,2025,7,02 Assault,023 Common Assault,No,Yes,NT Balance,Gulf,1
4/08/2026,2025,7,02 Assault,023 Common Assault,No,Yes,NT Balance,Petermann - Simpson,2
4/08/2026,2025,7,02 Assault,023 Common Assault,No,Yes,NT Balance,Tiwi Islands,2
4/08/2026,2025,7,02 Assault,023 Common Assault,No,Yes,NT Balance,West Arnhem,1
4/08/2026,2025,7,02 Assault,023 Common Assault,Yes,No,Darwin,,13
4/08/2026,2025,7,02 Assault,023 Common Assault,Yes,No,Palmerston,,2
4/08/2026,2025,7,02 Assault,023 Common Assault,Yes,No,Alice Springs,,5
4/08/2026,2025,7,02 Assault,023 Common Assault,Yes,No,Katherine,,2
4/08/2026,2025,7,02 Assault,023 Common Assault,Yes,No,Tennant Creek,,2
4/08/2026,2025,7,02 Assault,023 Common Assault,Yes,Yes,Darwin,,6
4/08/2026,2025,7,02 Assault,023 Common Assault,Yes,Yes,Palmerston,,3
4/08/2026,2025,7,02 Assault,023 Common Assault,Yes,Yes,Alice Springs,,5
4/08/2026,2025,7,02 Assault,023 Common Assault,Yes,Yes,Katherine,,2
4/08/2026,2025,7,02 Assault,023 Common Assault,Yes,Yes,Tennant Creek,,2
4/08/2026,2025,7,02 Assault,023 Common Assault,Yes,Yes,NT Balance,Daly,2
4/08/2026,2025,7,03 Sexual offences,031 Sexual assault of an adult,-,-,Darwin,,18
4/08/2026,2025,7,03 Sexual offences,031 Sexual assault of an adult,-,-,Palmerston,,7
4/08/2026,2025,7,03 Sexual offences,031 Sexual assault of an adult,-,-,Alice Springs,,8
4/08/2026,2025,7,03 Sexual offences,031 Sexual assault of an adult,-,-,Katherine,,4
4/08/2026,2025,7,03 Sexual offences,031 Sexual assault of an adult,-,-,Tennant Creek,,1
4/08/2026,2025,7,03 Sexual offences,031 Sexual assault of an adult,-,-,NT Balance,Elsey,1
4/08/2026,2025,7,03 Sexual offences,031 Sexual assault of an adult,-,-,NT Balance,Gulf,1
4/08/2026,2025,7,03 Sexual offences,031 Sexual assault of an adult,-,-,NT Balance,Thamarrurr,1
4/08/2026,2025,7,03 Sexual offences,031 Sexual assault of an adult,-,-,NT Balance,Tiwi Islands,1
4/08/2026,2025,7,03 Sexual offences,031 Sexual assault of an adult,-,-,NT Balance,Weddell,2
4/08/2026,2025,7,03 Sexual offences,031 Sexual assault of an adult,-,-,NT Balance,West Arnhem,1
4/08/2026,2025,7,03 Sexual offences,031 Sexual assault of an adult,-,-,NT Balance,Yuendumu - Anmatjere,2
4/08/2026,2025,7,03 Sexual offences,031 Sexual assault of an adult,-,-,NT Balance,Unknown ,3
4/08/2026,2025,7,03 Sexual offences,032 Sexual assault of a child,-,-,Darwin,,5
4/08/2026,2025,7,03 Sexual offences,032 Sexual assault of a child,-,-,Alice Springs,,2
4/08/2026,2025,7,03 Sexual offences,032 Sexual assault of a child,-,-,NT Balance,Elsey,1
4/08/2026,2025,7,03 Sexual offences,032 Sexual assault of a child,-,-,NT Balance,Howard Springs,1
4/08/2026,2025,7,03 Sexual offences,032 Sexual assault of a child,-,-,NT Balance,Victoria River,1
4/08/2026,2025,7,03 Sexual offences,032 Sexual assault of a child,-,-,NT Balance,Yuendumu - Anmatjere,1
4/08/2026,2025,7,03 Sexual offences,032 Sexual assault of a child,-,-,NT Balance,Unknown ,1
4/08/2026,2025,7,03 Sexual offences,"035, 039 Other sexual offences",-,-,Darwin,,1
4/08/2026,2025,7,03 Sexual offences,"035, 039 Other sexual offences",-,-,Palmerston,,1
4/08/2026,2025,7,03 Sexual offences,"035, 039 Other sexual offences",-,-,Alice Springs,,2
4/08/2026,2025,7,03 Sexual offences,"035, 039 Other sexual offences",-,-,Katherine,,1
4/08/2026,2025,7,03 Sexual offences,"035, 039 Other sexual offences",-,-,NT Balance,Thamarrurr,1
4/08/2026,2025,7,04 Harm or endanger persons,"041, 042, 043 Human trafficking, abduction, deprivation of liberty",-,-,Palmerston,,2
4/08/2026,2025,7,04 Harm or endanger persons,"041, 042, 043 Human trafficking, abduction, deprivation of liberty",-,-,Tennant Creek,,1
4/08/2026,2025,7,04 Harm or endanger persons,"041, 042, 043 Human trafficking, abduction, deprivation of liberty",-,-,NT Balance,Anindilyakwa,1
4/08/2026,2025,7,04 Harm or endanger persons,"041, 042, 043 Human trafficking, abduction, deprivation of liberty",-,-,NT Balance,West Arnhem,1
4/08/2026,2025,7,04 Harm or endanger persons,"044 Acts that threaten, harass or control",-,-,Darwin,,23
4/08/2026,2025,7,04 Harm or endanger persons,"044 Acts that threaten, harass or control",-,-,Palmerston,,5
4/08/2026,2025,7,04 Harm or endanger persons,"044 Acts that threaten, harass or control",-,-,Alice Springs,,15
4/08/2026,2025,7,04 Harm or endanger persons,"044 Acts that threaten, harass or control",-,-,Katherine,,7
4/08/2026,2025,7,04 Harm or endanger persons,"044 Acts that threaten, harass or control",-,-,Tennant Creek,,3
4/08/2026,2025,7,04 Harm or endanger persons,"044 Acts that threaten, harass or control",-,-,NT Balance,Alligator,1
4/08/2026,2025,7,04 Harm or endanger persons,"044 Acts that threaten, harass or control",-,-,NT Balance,Anindilyakwa,1
4/08/2026,2025,7,04 Harm or endanger persons,"044 Acts that threaten, harass or control",-,-,NT Balance,East Arnhem,2
4/08/2026,2025,7,04 Harm or endanger persons,"044 Acts that threaten, harass or control",-,-,NT Balance,Howard Springs,1
4/08/2026,2025,7,04 Harm or endanger persons,"044 Acts that threaten, harass or control",-,-,NT Balance,Tiwi Islands,5
4/08/2026,2025,7,04 Harm or endanger persons,"044 Acts that threaten, harass or control",-,-,NT Balance,Victoria River,5
4/08/2026,2025,7,04 Harm or endanger persons,"044 Acts that threaten, harass or control",-,-,NT Balance,Virginia,1
4/08/2026,2025,7,04 Harm or endanger persons,"044 Acts that threaten, harass or control",-,-,NT Balance,Weddell,1
4/08/2026,2025,7,04 Harm or endanger persons,"044 Acts that threaten, harass or control",-,-,NT Balance,West Arnhem,4
4/08/2026,2025,7,04 Harm or endanger persons,"044 Acts that threaten, harass or control",-,-,NT Balance,Unknown ,2
4/08/2026,2025,7,04 Harm or endanger persons,049 Other acts that harm or endanger persons,-,-,Darwin,,11
4/08/2026,2025,7,04 Harm or endanger persons,049 Other acts that harm or endanger persons,-,-,Palmerston,,4
4/08/2026,2025,7,04 Harm or endanger persons,049 Other acts that harm or endanger persons,-,-,Alice Springs,,2
4/08/2026,2025,7,04 Harm or endanger persons,049 Other acts that harm or endanger persons,-,-,Katherine,,3
4/08/2026,2025,7,04 Harm or endanger persons,049 Other acts that harm or endanger persons,-,-,NT Balance,Anindilyakwa,2
4/08/2026,2025,7,04 Harm or endanger persons,049 Other acts that harm or endanger persons,-,-,NT Balance,Daly,1
4/08/2026,2025,7,04 Harm or endanger persons,049 Other acts that harm or endanger persons,-,-,NT Balance,East Arnhem,1
4/08/2026,2025,7,04 Harm or endanger persons,049 Other acts that harm or endanger persons,-,-,NT Balance,Elsey,1
4/08/2026,2025,7,04 Harm or endanger persons,049 Other acts that harm or endanger persons,-,-,NT Balance,Petermann - Simpson,1
4/08/2026,2025,7,04 Harm or endanger persons,049 Other acts that harm or endanger persons,-,-,NT Balance,Thamarrurr,1
4/08/2026,2025,7,04 Harm or endanger persons,049 Other acts that harm or endanger persons,-,-,NT Balance,Virginia,2
4/08/2026,2025,7,"05 Robbery, blackmail, and extortion",051 Robbery,-,-,Darwin,,12
4/08/2026,2025,7,"05 Robbery, blackmail, and extortion",051 Robbery,-,-,Palmerston,,2
4/08/2026,2025,7,"05 Robbery, blackmail, and extortion",051 Robbery,-,-,Alice Springs,,4
4/08/2026,2025,7,"05 Robbery, blackmail, and extortion",051 Robbery,-,-,Katherine,,6
4/08/2026,2025,7,"05 Robbery, blackmail, and extortion",051 Robbery,-,-,NT Balance,Daly,1
4/08/2026,2025,7,"05 Robbery, blackmail, and extortion",051 Robbery,-,-,NT Balance,Petermann - Simpson,1
4/08/2026,2025,7,"05 Robbery, blackmail, and extortion",051 Robbery,-,-,NT Balance,Unknown ,1
4/08/2026,2025,7,"05 Robbery, blackmail, and extortion",052 Blackmail or other extortion,-,-,Darwin,,1
4/08/2026,2025,7,061 Burglary - dwelling,"061 Burglary - dwelling (house break-ins), actual",-,-,Darwin,,31
4/08/2026,2025,7,061 Burglary - dwelling,"061 Burglary - dwelling (house break-ins), actual",-,-,Palmerston,,11
4/08/2026,2025,7,061 Burglary - dwelling,"061 Burglary - dwelling (house break-ins), actual",-,-,Alice Springs,,106
4/08/2026,2025,7,061 Burglary - dwelling,"061 Burglary - dwelling (house break-ins), actual",-,-,Katherine,,24
4/08/2026,2025,7,061 Burglary - dwelling,"061 Burglary - dwelling (house break-ins), actual",-,-,Tennant Creek,,6
4/08/2026,2025,7,061 Burglary - dwelling,"061 Burglary - dwelling (house break-ins), actual",-,-,Nhulunbuy,,1
4/08/2026,2025,7,061 Burglary - dwelling,"061 Burglary - dwelling (house break-ins), actual",-,-,NT Balance,Alligator,1
4/08/2026,2025,7,061 Burglary - dwelling,"061 Burglary - dwelling (house break-ins), actual",-,-,NT Balance,Anindilyakwa,2
4/08/2026,2025,7,061 Burglary - dwelling,"061 Burglary - dwelling (house break-ins), actual",-,-,NT Balance,Barkly,6
4/08/2026,2025,7,061 Burglary - dwelling,"061 Burglary - dwelling (house break-ins), actual",-,-,NT Balance,Daly,1
4/08/2026,2025,7,061 Burglary - dwelling,"061 Burglary - dwelling (house break-ins), actual",-,-,NT Balance,East Arnhem,4
4/08/2026,2025,7,061 Burglary - dwelling,"061 Burglary - dwelling (house break-ins), actual",-,-,NT Balance,Gulf,1
4/08/2026,2025,7,061 Burglary - dwelling,"061 Burglary - dwelling (house break-ins), actual",-,-,NT Balance,Humpty Doo,1
4/08/2026,2025,7,061 Burglary - dwelling,"061 Burglary - dwelling (house break-ins), actual",-,-,NT Balance,Petermann - Simpson,2
4/08/2026,2025,7,061 Burglary - dwelling,"061 Burglary - dwelling (house break-ins), actual",-,-,NT Balance,Sandover - Plenty,1
4/08/2026,2025,7,061 Burglary - dwelling,"061 Burglary - dwelling (house break-ins), actual",-,-,NT Balance,Thamarrurr,1
4/08/2026,2025,7,061 Burglary - dwelling,"061 Burglary - dwelling (house break-ins), actual",-,-,NT Balance,Yuendumu - Anmatjere,3
4/08/2026,2025,7,061 Burglary - dwelling,"061 Burglary - dweling (house break-ins), attempted",-,-,Darwin,,3
4/08/2026,2025,7,061 Burglary - dwelling,"061 Burglary - dweling (house break-ins), attempted",-,-,Palmerston,,1
4/08/2026,2025,7,061 Burglary - dwelling,"061 Burglary - dweling (house break-ins), attempted",-,-,Alice Springs,,25
4/08/2026,2025,7,061 Burglary - dwelling,"061 Burglary - dweling (house break-ins), attempted",-,-,Katherine,,5
4/08/2026,2025,7,061 Burglary - dwelling,"061 Burglary - dweling (house break-ins), attempted",-,-,NT Balance,East Arnhem,2
4/08/2026,2025,7,061 Burglary - dwelling,"061 Burglary - dweling (house break-ins), attempted",-,-,NT Balance,Unknown ,2
4/08/2026,2025,7,062 Burglary - non-residential,"062 Burglary - non-residential (commercial break-ins), actual",-,-,Darwin,,7
4/08/2026,2025,7,062 Burglary - non-residential,"062 Burglary - non-residential (commercial break-ins), actual",-,-,Palmerston,,3
4/08/2026,2025,7,062 Burglary - non-residential,"062 Burglary - non-residential (commercial break-ins), actual",-,-,Alice Springs,,15
4/08/2026,2025,7,062 Burglary - non-residential,"062 Burglary - non-residential (commercial break-ins), actual",-,-,Katherine,,15
4/08/2026,2025,7,062 Burglary - non-residential,"062 Burglary - non-residential (commercial break-ins), actual",-,-,Tennant Creek,,5
4/08/2026,2025,7,062 Burglary - non-residential,"062 Burglary - non-residential (commercial break-ins), actual",-,-,NT Balance,Alligator,1
4/08/2026,2025,7,062 Burglary - non-residential,"062 Burglary - non-residential (commercial break-ins), actual",-,-,NT Balance,Barkly,2
4/08/2026,2025,7,062 Burglary - non-residential,"062 Burglary - non-residential (commercial break-ins), actual",-,-,NT Balance,East Arnhem,5
4/08/2026,2025,7,062 Burglary - non-residential,"062 Burglary - non-residential (commercial break-ins), actual",-,-,NT Balance,Elsey,1
4/08/2026,2025,7,062 Burglary - non-residential,"062 Burglary - non-residential (commercial break-ins), actual",-,-,NT Balance,Gulf,3
4/08/2026,2025,7,062 Burglary - non-residential,"062 Burglary - non-residential (commercial break-ins), actual",-,-,NT Balance,Howard Springs,2
4/08/2026,2025,7,062 Burglary - non-residential,"062 Burglary - non-residential (commercial break-ins), actual",-,-,NT Balance,Petermann - Simpson,4
4/08/2026,2025,7,062 Burglary - non-residential,"062 Burglary - non-residential (commercial break-ins), actual",-,-,NT Balance,Sandover - Plenty,1
4/08/2026,2025,7,062 Burglary - non-residential,"062 Burglary - non-residential (commercial break-ins), actual",-,-,NT Balance,Victoria River,1
4/08/2026,2025,7,062 Burglary - non-residential,"062 Burglary - non-residential (commercial break-ins), actual",-,-,NT Balance,West Arnhem,1
4/08/2026,2025,7,062 Burglary - non-residential,"062 Burglary - non-residential (commercial break-ins), actual",-,-,NT Balance,Yuendumu - Anmatjere,2
4/08/2026,2025,7,062 Burglary - non-residential,"062 Burglary - non-residential (commercial break-ins), actual",-,-,NT Balance,Unknown ,1
4/08/2026,2025,7,062 Burglary - non-residential,"062 Burglary - non-residential (commercial break-ins), attempted",-,-,Darwin,,2
4/08/2026,2025,7,062 Burglary - non-residential,"062 Burglary - non-residential (commercial break-ins), attempted",-,-,Palmerston,,2
4/08/2026,2025,7,062 Burglary - non-residential,"062 Burglary - non-residential (commercial break-ins), attempted",-,-,Alice Springs,,3
4/08/2026,2025,7,062 Burglary - non-residential,"062 Burglary - non-residential (commercial break-ins), attempted",-,-,Katherine,,1
4/08/2026,2025,7,07 Theft,071 Motor vehicle theft and related offences,-,-,Darwin,,8
4/08/2026,2025,7,07 Theft,071 Motor vehicle theft and related offences,-,-,Palmerston,,6
4/08/2026,2025,7,07 Theft,071 Motor vehicle theft and related offences,-,-,Alice Springs,,11
4/08/2026,2025,7,07 Theft,071 Motor vehicle theft and related offences,-,-,Katherine,,5
4/08/2026,2025,7,07 Theft,071 Motor vehicle theft and related offences,-,-,Tennant Creek,,2
4/08/2026,2025,7,07 Theft,071 Motor vehicle theft and related offences,-,-,NT Balance,Alligator,1
4/08/2026,2025,7,07 Theft,071 Motor vehicle theft and related offences,-,-,NT Balance,Anindilyakwa,1
4/08/2026,2025,7,07 Theft,071 Motor vehicle theft and related offences,-,-,NT Balance,Barkly,1
4/08/2026,2025,7,07 Theft,071 Motor vehicle theft and related offences,-,-,NT Balance,Daly,2
4/08/2026,2025,7,07 Theft,071 Motor vehicle theft and related offences,-,-,NT Balance,Humpty Doo,3
4/08/2026,2025,7,07 Theft,071 Motor vehicle theft and related offences,-,-,NT Balance,Petermann - Simpson,1
4/08/2026,2025,7,07 Theft,07* Other theft,-,-,Darwin,,192
4/08/2026,2025,7,07 Theft,07* Other theft,-,-,Palmerston,,70
4/08/2026,2025,7,07 Theft,07* Other theft,-,-,Alice Springs,,136
4/08/2026,2025,7,07 Theft,07* Other theft,-,-,Katherine,,30
4/08/2026,2025,7,07 Theft,07* Other theft,-,-,Tennant Creek,,10
4/08/2026,2025,7,07 Theft,07* Other theft,-,-,Nhulunbuy,,5
4/08/2026,2025,7,07 Theft,07* Other theft,-,-,NT Balance,Alligator,2
4/08/2026,2025,7,07 Theft,07* Other theft,-,-,NT Balance,Barkly,6
4/08/2026,2025,7,07 Theft,07* Other theft,-,-,NT Balance,Daly,2
4/08/2026,2025,7,07 Theft,07* Other theft,-,-,NT Balance,East Arnhem,6
4/08/2026,2025,7,07 Theft,07* Other theft,-,-,NT Balance,Elsey,2
4/08/2026,2025,7,07 Theft,07* Other theft,-,-,NT Balance,Gulf,2
4/08/2026,2025,7,07 Theft,07* Other theft,-,-,NT Balance,Howard Springs,9
4/08/2026,2025,7,07 Theft,07* Other theft,-,-,NT Balance,Humpty Doo,7
4/08/2026,2025,7,07 Theft,07* Other theft,-,-,NT Balance,Koolpinyah,1
4/08/2026,2025,7,07 Theft,07* Other theft,-,-,NT Balance,Petermann - Simpson,7
4/08/2026,2025,7,07 Theft,07* Other theft,-,-,NT Balance,Sandover - Plenty,1
4/08/2026,2025,7,07 Theft,07* Other theft,-,-,NT Balance,Tanami,1
4/08/2026,2025,7,07 Theft,07* Other theft,-,-,NT Balance,Tiwi Islands,1
4/08/2026,2025,7,07 Theft,07* Other theft,-,-,NT Balance,Victoria River,2
4/08/2026,2025,7,07 Theft,07* Other theft,-,-,NT Balance,Virginia,4
4/08/2026,2025,7,07 Theft,07* Other theft,-,-,NT Balance,Weddell,4
4/08/2026,2025,7,07 Theft,07* Other theft,-,-,NT Balance,West Arnhem,3
4/08/2026,2025,7,07 Theft,07* Other theft,-,-,NT Balance,Yuendumu - Anmatjere,2
4/08/2026,2025,7,07 Theft,07* Other theft,-,-,NT Balance,Unknown ,12
4/08/2026,2025,7,11 Property damage offences,11 Property damage offences,-,-,Darwin,,196
4/08/2026,2025,7,11 Property damage offences,11 Property damage offences,-,-,Palmerston,,62
4/08/2026,2025,7,11 Property damage offences,11 Property damage offences,-,-,Alice Springs,,249
4/08/2026,2025,7,11 Property damage offences,11 Property damage offences,-,-,Katherine,,54
4/08/2026,2025,7,11 Property damage offences,11 Property damage offences,-,-,Tennant Creek,,28
4/08/2026,2025,7,11 Property damage offences,11 Property damage offences,-,-,Nhulunbuy,,4
4/08/2026,2025,7,11 Property damage offences,11 Property damage offences,-,-,NT Balance,Alligator,5
4/08/2026,2025,7,11 Property damage offences,11 Property damage offences,-,-,NT Balance,Anindilyakwa,5
4/08/2026,2025,7,11 Property damage offences,11 Property damage offences,-,-,NT Balance,Barkly,4
4/08/2026,2025,7,11 Property damage offences,11 Property damage offences,-,-,NT Balance,Daly,1
4/08/2026,2025,7,11 Property damage offences,11 Property damage offences,-,-,NT Balance,East Arnhem,7
4/08/2026,2025,7,11 Property damage offences,11 Property damage offences,-,-,NT Balance,Elsey,2
4/08/2026,2025,7,11 Property damage offences,11 Property damage offences,-,-,NT Balance,Gulf,5
4/08/2026,2025,7,11 Property damage offences,11 Property damage offences,-,-,NT Balance,Howard Springs,4
4/08/2026,2025,7,11 Property damage offences,11 Property damage offences,-,-,NT Balance,Humpty Doo,5
4/08/2026,2025,7,11 Property damage offences,11 Property damage offences,-,-,NT Balance,Petermann - Simpson,6
4/08/2026,2025,7,11 Property damage offences,11 Property damage offences,-,-,NT Balance,Sandover - Plenty,5
4/08/2026,2025,7,11 Property damage offences,11 Property damage offences,-,-,NT Balance,Tanami,2
4/08/2026,2025,7,11 Property damage offences,11 Property damage offences,-,-,NT Balance,Thamarrurr,5
4/08/2026,2025,7,11 Property damage offences,11 Property damage offences,-,-,NT Balance,Victoria River,2
4/08/2026,2025,7,11 Property damage offences,11 Property damage offences,-,-,NT Balance,Virginia,4
4/08/2026,2025,7,11 Property damage offences,11 Property damage offences,-,-,NT Balance,Weddell,1
4/08/2026,2025,7,11 Property damage offences,11 Property damage offences,-,-,NT Balance,West Arnhem,4
4/08/2026,2025,7,11 Property damage offences,11 Property damage offences,-,-,NT Balance,Yuendumu - Anmatjere,5
4/08/2026,2025,7,11 Property damage offences,11 Property damage offences,-,-,NT Balance,Unknown ,22
4/08/2026,2025,8,01 Homicide,0132 Driving causing death,-,-,Katherine,,1
4/08/2026,2025,8,02 Assault,021 Serious Assault,No,No,Darwin,,25
4/08/2026,2025,8,02 Assault,021 Serious Assault,No,No,Palmerston,,7
4/08/2026,2025,8,02 Assault,021 Serious Assault,No,No,Alice Springs,,11
4/08/2026,2025,8,02 Assault,021 Serious Assault,No,No,Katherine,,9
4/08/2026,2025,8,02 Assault,021 Serious Assault,No,No,Tennant Creek,,8
4/08/2026,2025,8,02 Assault,021 Serious Assault,No,No,NT Balance,Barkly,1
4/08/2026,2025,8,02 Assault,021 Serious Assault,No,No,NT Balance,East Arnhem,2
4/08/2026,2025,8,02 Assault,021 Serious Assault,No,No,NT Balance,Gulf,5
4/08/2026,2025,8,02 Assault,021 Serious Assault,No,No,NT Balance,Howard Springs,4
4/08/2026,2025,8,02 Assault,021 Serious Assault,No,No,NT Balance,Sandover - Plenty,2
4/08/2026,2025,8,02 Assault,021 Serious Assault,No,No,NT Balance,Tanami,2
4/08/2026,2025,8,02 Assault,021 Serious Assault,No,No,NT Balance,Thamarrurr,1
4/08/2026,2025,8,02 Assault,021 Serious Assault,No,No,NT Balance,Victoria River,2
4/08/2026,2025,8,02 Assault,021 Serious Assault,No,No,NT Balance,Virginia,2
4/08/2026,2025,8,02 Assault,021 Serious Assault,No,No,NT Balance,Yuendumu - Anmatjere,5
4/08/2026,2025,8,02 Assault,021 Serious Assault,No,No,NT Balance,Unknown ,1
4/08/2026,2025,8,02 Assault,021 Serious Assault,No,Yes,Darwin,,36
4/08/2026,2025,8,02 Assault,021 Serious Assault,No,Yes,Palmerston,,16
4/08/2026,2025,8,02 Assault,021 Serious Assault,No,Yes,Alice Springs,,37
4/08/2026,2025,8,02 Assault,021 Serious Assault,No,Yes,Katherine,,15
4/08/2026,2025,8,02 Assault,021 Serious Assault,No,Yes,Tennant Creek,,11
4/08/2026,2025,8,02 Assault,021 Serious Assault,No,Yes,Nhulunbuy,,4
4/08/2026,2025,8,02 Assault,021 Serious Assault,No,Yes,NT Balance,Alligator,2
4/08/2026,2025,8,02 Assault,021 Serious Assault,No,Yes,NT Balance,Anindilyakwa,3
4/08/2026,2025,8,02 Assault,021 Serious Assault,No,Yes,NT Balance,Barkly,3
4/08/2026,2025,8,02 Assault,021 Serious Assault,No,Yes,NT Balance,Daly,3
4/08/2026,2025,8,02 Assault,021 Serious Assault,No,Yes,NT Balance,East Arnhem,24
4/08/2026,2025,8,02 Assault,021 Serious Assault,No,Yes,NT Balance,Elsey,5
4/08/2026,2025,8,02 Assault,021 Serious Assault,No,Yes,NT Balance,Gulf,7
4/08/2026,2025,8,02 Assault,021 Serious Assault,No,Yes,NT Balance,Howard Springs,3
4/08/2026,2025,8,02 Assault,021 Serious Assault,No,Yes,NT Balance,Humpty Doo,1
4/08/2026,2025,8,02 Assault,021 Serious Assault,No,Yes,NT Balance,Petermann - Simpson,3
4/08/2026,2025,8,02 Assault,021 Serious Assault,No,Yes,NT Balance,Sandover - Plenty,3
4/08/2026,2025,8,02 Assault,021 Serious Assault,No,Yes,NT Balance,Tanami,8
4/08/2026,2025,8,02 Assault,021 Serious Assault,No,Yes,NT Balance,Thamarrurr,14
4/08/2026,2025,8,02 Assault,021 Serious Assault,No,Yes,NT Balance,Tiwi Islands,7
4/08/2026,2025,8,02 Assault,021 Serious Assault,No,Yes,NT Balance,Victoria River,1
4/08/2026,2025,8,02 Assault,021 Serious Assault,No,Yes,NT Balance,Weddell,2
4/08/2026,2025,8,02 Assault,021 Serious Assault,No,Yes,NT Balance,West Arnhem,12
4/08/2026,2025,8,02 Assault,021 Serious Assault,No,Yes,NT Balance,Unknown ,1
4/08/2026,2025,8,02 Assault,021 Serious Assault,Yes,No,Darwin,,14
4/08/2026,2025,8,02 Assault,021 Serious Assault,Yes,No,Palmerston,,4
4/08/2026,2025,8,02 Assault,021 Serious Assault,Yes,No,Alice Springs,,5
4/08/2026,2025,8,02 Assault,021 Serious Assault,Yes,No,Katherine,,10
4/08/2026,2025,8,02 Assault,021 Serious Assault,Yes,No,Tennant Creek,,3
4/08/2026,2025,8,02 Assault,021 Serious Assault,Yes,No,NT Balance,Elsey,1
4/08/2026,2025,8,02 Assault,021 Serious Assault,Yes,No,NT Balance,Gulf,2
4/08/2026,2025,8,02 Assault,021 Serious Assault,Yes,No,NT Balance,Howard Springs,1
4/08/2026,2025,8,02 Assault,021 Serious Assault,Yes,No,NT Balance,Sandover - Plenty,1
4/08/2026,2025,8,02 Assault,021 Serious Assault,Yes,No,NT Balance,Weddell,1
4/08/2026,2025,8,02 Assault,021 Serious Assault,Yes,No,NT Balance,Yuendumu - Anmatjere,1
4/08/2026,2025,8,02 Assault,021 Serious Assault,Yes,No,NT Balance,Unknown ,1
4/08/2026,2025,8,02 Assault,021 Serious Assault,Yes,Yes,Darwin,,50
4/08/2026,2025,8,02 Assault,021 Serious Assault,Yes,Yes,Palmerston,,39
4/08/2026,2025,8,02 Assault,021 Serious Assault,Yes,Yes,Alice Springs,,52
4/08/2026,2025,8,02 Assault,021 Serious Assault,Yes,Yes,Katherine,,42
4/08/2026,2025,8,02 Assault,021 Serious Assault,Yes,Yes,Tennant Creek,,29
4/08/2026,2025,8,02 Assault,021 Serious Assault,Yes,Yes,Nhulunbuy,,1
4/08/2026,2025,8,02 Assault,021 Serious Assault,Yes,Yes,NT Balance,Alligator,5
4/08/2026,2025,8,02 Assault,021 Serious Assault,Yes,Yes,NT Balance,Anindilyakwa,1
4/08/2026,2025,8,02 Assault,021 Serious Assault,Yes,Yes,NT Balance,Barkly,3
4/08/2026,2025,8,02 Assault,021 Serious Assault,Yes,Yes,NT Balance,Daly,3
4/08/2026,2025,8,02 Assault,021 Serious Assault,Yes,Yes,NT Balance,East Arnhem,6
4/08/2026,2025,8,02 Assault,021 Serious Assault,Yes,Yes,NT Balance,Gulf,6
4/08/2026,2025,8,02 Assault,021 Serious Assault,Yes,Yes,NT Balance,Howard Springs,1
4/08/2026,2025,8,02 Assault,021 Serious Assault,Yes,Yes,NT Balance,Humpty Doo,3
4/08/2026,2025,8,02 Assault,021 Serious Assault,Yes,Yes,NT Balance,Koolpinyah,1
4/08/2026,2025,8,02 Assault,021 Serious Assault,Yes,Yes,NT Balance,Petermann - Simpson,2
4/08/2026,2025,8,02 Assault,021 Serious Assault,Yes,Yes,NT Balance,Sandover - Plenty,2
4/08/2026,2025,8,02 Assault,021 Serious Assault,Yes,Yes,NT Balance,Tanami,4
4/08/2026,2025,8,02 Assault,021 Serious Assault,Yes,Yes,NT Balance,Thamarrurr,8
4/08/2026,2025,8,02 Assault,021 Serious Assault,Yes,Yes,NT Balance,Tiwi Islands,4
4/08/2026,2025,8,02 Assault,021 Serious Assault,Yes,Yes,NT Balance,Victoria River,6
4/08/2026,2025,8,02 Assault,021 Serious Assault,Yes,Yes,NT Balance,West Arnhem,4
4/08/2026,2025,8,02 Assault,021 Serious Assault,Yes,Yes,NT Balance,Unknown ,5
4/08/2026,2025,8,02 Assault,021 Serious Assault,Yes,Yes,Unknown,Unknown,2
4/08/2026,2025,8,02 Assault,022 Assault of a prescribed officer,No,No,Palmerston,,1
4/08/2026,2025,8,02 Assault,022 Assault of a prescribed officer,No,No,Alice Springs,,5
4/08/2026,2025,8,02 Assault,022 Assault of a prescribed officer,No,No,Tennant Creek,,1
4/08/2026,2025,8,02 Assault,022 Assault of a prescribed officer,No,No,NT Balance,East Arnhem,1
4/08/2026,2025,8,02 Assault,022 Assault of a prescribed officer,No,No,NT Balance,Sandover - Plenty,1
4/08/2026,2025,8,02 Assault,022 Assault of a prescribed officer,No,Yes,Darwin,,1
4/08/2026,2025,8,02 Assault,022 Assault of a prescribed officer,Yes,No,Darwin,,3
4/08/2026,2025,8,02 Assault,022 Assault of a prescribed officer,Yes,No,Palmerston,,3
4/08/2026,2025,8,02 Assault,022 Assault of a prescribed officer,Yes,No,Alice Springs,,1
4/08/2026,2025,8,02 Assault,022 Assault of a prescribed officer,Yes,No,Tennant Creek,,1
4/08/2026,2025,8,02 Assault,022 Assault of a prescribed officer,Yes,No,NT Balance,East Arnhem,1
4/08/2026,2025,8,02 Assault,022 Assault of a prescribed officer,Yes,No,NT Balance,Weddell,1
4/08/2026,2025,8,02 Assault,022 Assault of a prescribed officer,Yes,No,NT Balance,West Arnhem,2
4/08/2026,2025,8,02 Assault,022 Assault of a prescribed officer,Yes,Yes,Darwin,,1
4/08/2026,2025,8,02 Assault,022 Assault of a prescribed officer,Yes,Yes,Palmerston,,1
4/08/2026,2025,8,02 Assault,022 Assault of a prescribed officer,Yes,Yes,NT Balance,Alligator,1
4/08/2026,2025,8,02 Assault,022 Assault of a prescribed officer,Yes,Yes,NT Balance,Petermann - Simpson,1
4/08/2026,2025,8,02 Assault,022 Assault of a prescribed officer,Yes,Yes,NT Balance,Unknown ,1
4/08/2026,2025,8,02 Assault,023 Common Assault,No,No,Darwin,,24
4/08/2026,2025,8,02 Assault,023 Common Assault,No,No,Palmerston,,2
4/08/2026,2025,8,02 Assault,023 Common Assault,No,No,Alice Springs,,6
4/08/2026,2025,8,02 Assault,023 Common Assault,No,No,Katherine,,5
4/08/2026,2025,8,02 Assault,023 Common Assault,No,No,Tennant Creek,,3
4/08/2026,2025,8,02 Assault,023 Common Assault,No,No,NT Balance,East Arnhem,2
4/08/2026,2025,8,02 Assault,023 Common Assault,No,No,NT Balance,Elsey,1
4/08/2026,2025,8,02 Assault,023 Common Assault,No,No,NT Balance,Gulf,1
4/08/2026,2025,8,02 Assault,023 Common Assault,No,No,NT Balance,Howard Springs,11
4/08/2026,2025,8,02 Assault,023 Common Assault,No,No,NT Balance,Humpty Doo,2
4/08/2026,2025,8,02 Assault,023 Common Assault,No,No,NT Balance,Sandover - Plenty,2
4/08/2026,2025,8,02 Assault,023 Common Assault,No,No,NT Balance,Tiwi Islands,1
4/08/2026,2025,8,02 Assault,023 Common Assault,No,No,NT Balance,Unknown ,1
4/08/2026,2025,8,02 Assault,023 Common Assault,No,Yes,Darwin,,6
4/08/2026,2025,8,02 Assault,023 Common Assault,No,Yes,Palmerston,,2
4/08/2026,2025,8,02 Assault,023 Common Assault,No,Yes,Alice Springs,,3
4/08/2026,2025,8,02 Assault,023 Common Assault,No,Yes,Katherine,,5
4/08/2026,2025,8,02 Assault,023 Common Assault,No,Yes,NT Balance,Anindilyakwa,1
4/08/2026,2025,8,02 Assault,023 Common Assault,No,Yes,NT Balance,East Arnhem,3
4/08/2026,2025,8,02 Assault,023 Common Assault,No,Yes,NT Balance,Elsey,1
4/08/2026,2025,8,02 Assault,023 Common Assault,No,Yes,NT Balance,Gulf,1
4/08/2026,2025,8,02 Assault,023 Common Assault,No,Yes,NT Balance,Humpty Doo,1
4/08/2026,2025,8,02 Assault,023 Common Assault,No,Yes,NT Balance,Sandover - Plenty,1
4/08/2026,2025,8,02 Assault,023 Common Assault,No,Yes,NT Balance,Tanami,1
4/08/2026,2025,8,02 Assault,023 Common Assault,No,Yes,NT Balance,West Arnhem,3
4/08/2026,2025,8,02 Assault,023 Common Assault,Yes,No,Darwin,,7
4/08/2026,2025,8,02 Assault,023 Common Assault,Yes,No,Alice Springs,,4
4/08/2026,2025,8,02 Assault,023 Common Assault,Yes,No,Katherine,,4
4/08/2026,2025,8,02 Assault,023 Common Assault,Yes,No,Tennant Creek,,1
4/08/2026,2025,8,02 Assault,023 Common Assault,Yes,No,NT Balance,West Arnhem,1
4/08/2026,2025,8,02 Assault,023 Common Assault,Yes,Yes,Darwin,,6
4/08/2026,2025,8,02 Assault,023 Common Assault,Yes,Yes,Palmerston,,3
4/08/2026,2025,8,02 Assault,023 Common Assault,Yes,Yes,Alice Springs,,8
4/08/2026,2025,8,02 Assault,023 Common Assault,Yes,Yes,Katherine,,5
4/08/2026,2025,8,02 Assault,023 Common Assault,Yes,Yes,Nhulunbuy,,1
4/08/2026,2025,8,02 Assault,023 Common Assault,Yes,Yes,NT Balance,Alligator,1
4/08/2026,2025,8,02 Assault,023 Common Assault,Yes,Yes,NT Balance,Elsey,1
4/08/2026,2025,8,02 Assault,023 Common Assault,Yes,Yes,NT Balance,Thamarrurr,1
4/08/2026,2025,8,03 Sexual offences,031 Sexual assault of an adult,-,-,Darwin,,13
4/08/2026,2025,8,03 Sexual offences,031 Sexual assault of an adult,-,-,Palmerston,,8
4/08/2026,2025,8,03 Sexual offences,031 Sexual assault of an adult,-,-,Alice Springs,,2
4/08/2026,2025,8,03 Sexual offences,031 Sexual assault of an adult,-,-,Katherine,,3
4/08/2026,2025,8,03 Sexual offences,031 Sexual assault of an adult,-,-,NT Balance,Anindilyakwa,1
4/08/2026,2025,8,03 Sexual offences,031 Sexual assault of an adult,-,-,NT Balance,East Arnhem,1
4/08/2026,2025,8,03 Sexual offences,031 Sexual assault of an adult,-,-,NT Balance,Gulf,1
4/08/2026,2025,8,03 Sexual offences,031 Sexual assault of an adult,-,-,NT Balance,Thamarrurr,1
4/08/2026,2025,8,03 Sexual offences,031 Sexual assault of an adult,-,-,NT Balance,Weddell,1
4/08/2026,2025,8,03 Sexual offences,031 Sexual assault of an adult,-,-,NT Balance,West Arnhem,2
4/08/2026,2025,8,03 Sexual offences,031 Sexual assault of an adult,-,-,NT Balance,Yuendumu - Anmatjere,2
4/08/2026,2025,8,03 Sexual offences,031 Sexual assault of an adult,-,-,NT Balance,Unknown ,1
4/08/2026,2025,8,03 Sexual offences,032 Sexual assault of a child,-,-,Darwin,,2
4/08/2026,2025,8,03 Sexual offences,032 Sexual assault of a child,-,-,Palmerston,,5
4/08/2026,2025,8,03 Sexual offences,032 Sexual assault of a child,-,-,Alice Springs,,1
4/08/2026,2025,8,03 Sexual offences,032 Sexual assault of a child,-,-,Katherine,,1
4/08/2026,2025,8,03 Sexual offences,032 Sexual assault of a child,-,-,NT Balance,Alligator,1
4/08/2026,2025,8,03 Sexual offences,"033, 034 Other child-related sexual offences",-,-,Darwin,,1
4/08/2026,2025,8,03 Sexual offences,"033, 034 Other child-related sexual offences",-,-,NT Balance,Alligator,1
4/08/2026,2025,8,03 Sexual offences,"033, 034 Other child-related sexual offences",-,-,NT Balance,Unknown ,1
4/08/2026,2025,8,04 Harm or endanger persons,"041, 042, 043 Human trafficking, abduction, deprivation of liberty",-,-,Katherine,,1
4/08/2026,2025,8,04 Harm or endanger persons,"041, 042, 043 Human trafficking, abduction, deprivation of liberty",-,-,Tennant Creek,,1
4/08/2026,2025,8,04 Harm or endanger persons,"041, 042, 043 Human trafficking, abduction, deprivation of liberty",-,-,NT Balance,Anindilyakwa,1
4/08/2026,2025,8,04 Harm or endanger persons,"041, 042, 043 Human trafficking, abduction, deprivation of liberty",-,-,NT Balance,West Arnhem,2
4/08/2026,2025,8,04 Harm or endanger persons,"044 Acts that threaten, harass or control",-,-,Darwin,,12
4/08/2026,2025,8,04 Harm or endanger persons,"044 Acts that threaten, harass or control",-,-,Palmerston,,5
4/08/2026,2025,8,04 Harm or endanger persons,"044 Acts that threaten, harass or control",-,-,Alice Springs,,9
4/08/2026,2025,8,04 Harm or endanger persons,"044 Acts that threaten, harass or control",-,-,Katherine,,10
4/08/2026,2025,8,04 Harm or endanger persons,"044 Acts that threaten, harass or control",-,-,NT Balance,Anindilyakwa,2
4/08/2026,2025,8,04 Harm or endanger persons,"044 Acts that threaten, harass or control",-,-,NT Balance,East Arnhem,3
4/08/2026,2025,8,04 Harm or endanger persons,"044 Acts that threaten, harass or control",-,-,NT Balance,Elsey,1
4/08/2026,2025,8,04 Harm or endanger persons,"044 Acts that threaten, harass or control",-,-,NT Balance,Howard Springs,2
4/08/2026,2025,8,04 Harm or endanger persons,"044 Acts that threaten, harass or control",-,-,NT Balance,Humpty Doo,3
4/08/2026,2025,8,04 Harm or endanger persons,"044 Acts that threaten, harass or control",-,-,NT Balance,Sandover - Plenty,4
4/08/2026,2025,8,04 Harm or endanger persons,"044 Acts that threaten, harass or control",-,-,NT Balance,Thamarrurr,2
4/08/2026,2025,8,04 Harm or endanger persons,"044 Acts that threaten, harass or control",-,-,NT Balance,Tiwi Islands,2
4/08/2026,2025,8,04 Harm or endanger persons,"044 Acts that threaten, harass or control",-,-,NT Balance,Virginia,1
4/08/2026,2025,8,04 Harm or endanger persons,"044 Acts that threaten, harass or control",-,-,NT Balance,West Arnhem,1
4/08/2026,2025,8,04 Harm or endanger persons,"044 Acts that threaten, harass or control",-,-,NT Balance,Yuendumu - Anmatjere,2
4/08/2026,2025,8,04 Harm or endanger persons,"044 Acts that threaten, harass or control",-,-,NT Balance,Unknown ,1
4/08/2026,2025,8,04 Harm or endanger persons,045 Driving causing serious injury,-,-,Darwin,,1
4/08/2026,2025,8,04 Harm or endanger persons,045 Driving causing serious injury,-,-,Alice Springs,,1
4/08/2026,2025,8,04 Harm or endanger persons,045 Driving causing serious injury,-,-,Katherine,,1
4/08/2026,2025,8,04 Harm or endanger persons,049 Other acts that harm or endanger persons,-,-,Darwin,,5
4/08/2026,2025,8,04 Harm or endanger persons,049 Other acts that harm or endanger persons,-,-,Palmerston,,5
4/08/2026,2025,8,04 Harm or endanger persons,049 Other acts that harm or endanger persons,-,-,Alice Springs,,1
4/08/2026,2025,8,04 Harm or endanger persons,049 Other acts that harm or endanger persons,-,-,Katherine,,5
4/08/2026,2025,8,04 Harm or endanger persons,049 Other acts that harm or endanger persons,-,-,Tennant Creek,,1
4/08/2026,2025,8,04 Harm or endanger persons,049 Other acts that harm or endanger persons,-,-,NT Balance,Alligator,1
4/08/2026,2025,8,04 Harm or endanger persons,049 Other acts that harm or endanger persons,-,-,NT Balance,Anindilyakwa,1
4/08/2026,2025,8,04 Harm or endanger persons,049 Other acts that harm or endanger persons,-,-,NT Balance,Gulf,2
4/08/2026,2025,8,04 Harm or endanger persons,049 Other acts that harm or endanger persons,-,-,NT Balance,Petermann - Simpson,1
4/08/2026,2025,8,04 Harm or endanger persons,049 Other acts that harm or endanger persons,-,-,NT Balance,Thamarrurr,1
4/08/2026,2025,8,04 Harm or endanger persons,049 Other acts that harm or endanger persons,-,-,NT Balance,West Arnhem,1
4/08/2026,2025,8,04 Harm or endanger persons,049 Other acts that harm or endanger persons,-,-,NT Balance,Unknown ,1
4/08/2026,2025,8,"05 Robbery, blackmail, and extortion",051 Robbery,-,-,Darwin,,9
4/08/2026,2025,8,"05 Robbery, blackmail, and extortion",051 Robbery,-,-,Palmerston,,4
4/08/2026,2025,8,"05 Robbery, blackmail, and extortion",051 Robbery,-,-,Alice Springs,,9
4/08/2026,2025,8,"05 Robbery, blackmail, and extortion",051 Robbery,-,-,Tennant Creek,,4
4/08/2026,2025,8,"05 Robbery, blackmail, and extortion",051 Robbery,-,-,NT Balance,Unknown ,1
4/08/2026,2025,8,061 Burglary - dwelling,"061 Burglary - dwelling (house break-ins), actual",-,-,Darwin,,13
4/08/2026,2025,8,061 Burglary - dwelling,"061 Burglary - dwelling (house break-ins), actual",-,-,Palmerston,,16
4/08/2026,2025,8,061 Burglary - dwelling,"061 Burglary - dwelling (house break-ins), actual",-,-,Alice Springs,,60
4/08/2026,2025,8,061 Burglary - dwelling,"061 Burglary - dwelling (house break-ins), actual",-,-,Katherine,,22
4/08/2026,2025,8,061 Burglary - dwelling,"061 Burglary - dwelling (house break-ins), actual",-,-,Tennant Creek,,1
4/08/2026,2025,8,061 Burglary - dwelling,"061 Burglary - dwelling (house break-ins), actual",-,-,Nhulunbuy,,2
4/08/2026,2025,8,061 Burglary - dwelling,"061 Burglary - dwelling (house break-ins), actual",-,-,NT Balance,Alligator,2
4/08/2026,2025,8,061 Burglary - dwelling,"061 Burglary - dwelling (house break-ins), actual",-,-,NT Balance,Barkly,2
4/08/2026,2025,8,061 Burglary - dwelling,"061 Burglary - dwelling (house break-ins), actual",-,-,NT Balance,East Arnhem,10
4/08/2026,2025,8,061 Burglary - dwelling,"061 Burglary - dwelling (house break-ins), actual",-,-,NT Balance,Gulf,1
4/08/2026,2025,8,061 Burglary - dwelling,"061 Burglary - dwelling (house break-ins), actual",-,-,NT Balance,Howard Springs,1
4/08/2026,2025,8,061 Burglary - dwelling,"061 Burglary - dwelling (house break-ins), actual",-,-,NT Balance,Petermann - Simpson,2
4/08/2026,2025,8,061 Burglary - dwelling,"061 Burglary - dwelling (house break-ins), actual",-,-,NT Balance,Tanami,2
4/08/2026,2025,8,061 Burglary - dwelling,"061 Burglary - dwelling (house break-ins), actual",-,-,NT Balance,Thamarrurr,1
4/08/2026,2025,8,061 Burglary - dwelling,"061 Burglary - dwelling (house break-ins), actual",-,-,NT Balance,West Arnhem,1
4/08/2026,2025,8,061 Burglary - dwelling,"061 Burglary - dwelling (house break-ins), actual",-,-,NT Balance,Yuendumu - Anmatjere,1
4/08/2026,2025,8,061 Burglary - dwelling,"061 Burglary - dwelling (house break-ins), actual",-,-,NT Balance,Unknown ,1
4/08/2026,2025,8,061 Burglary - dwelling,"061 Burglary - dweling (house break-ins), attempted",-,-,Darwin,,8
4/08/2026,2025,8,061 Burglary - dwelling,"061 Burglary - dweling (house break-ins), attempted",-,-,Palmerston,,4
4/08/2026,2025,8,061 Burglary - dwelling,"061 Burglary - dweling (house break-ins), attempted",-,-,Alice Springs,,8
4/08/2026,2025,8,061 Burglary - dwelling,"061 Burglary - dweling (house break-ins), attempted",-,-,Katherine,,7
4/08/2026,2025,8,061 Burglary - dwelling,"061 Burglary - dweling (house break-ins), attempted",-,-,NT Balance,West Arnhem,1
4/08/2026,2025,8,061 Burglary - dwelling,"061 Burglary - dweling (house break-ins), attempted",-,-,NT Balance,Unknown ,1
4/08/2026,2025,8,062 Burglary - non-residential,"062 Burglary - non-residential (commercial break-ins), actual",-,-,Darwin,,9
4/08/2026,2025,8,062 Burglary - non-residential,"062 Burglary - non-residential (commercial break-ins), actual",-,-,Palmerston,,5
4/08/2026,2025,8,062 Burglary - non-residential,"062 Burglary - non-residential (commercial break-ins), actual",-,-,Alice Springs,,14
4/08/2026,2025,8,062 Burglary - non-residential,"062 Burglary - non-residential (commercial break-ins), actual",-,-,Katherine,,6
4/08/2026,2025,8,062 Burglary - non-residential,"062 Burglary - non-residential (commercial break-ins), actual",-,-,Tennant Creek,,7
4/08/2026,2025,8,062 Burglary - non-residential,"062 Burglary - non-residential (commercial break-ins), actual",-,-,Nhulunbuy,,1
4/08/2026,2025,8,062 Burglary - non-residential,"062 Burglary - non-residential (commercial break-ins), actual",-,-,NT Balance,Barkly,3
4/08/2026,2025,8,062 Burglary - non-residential,"062 Burglary - non-residential (commercial break-ins), actual",-,-,NT Balance,Daly,1
4/08/2026,2025,8,062 Burglary - non-residential,"062 Burglary - non-residential (commercial break-ins), actual",-,-,NT Balance,East Arnhem,2
4/08/2026,2025,8,062 Burglary - non-residential,"062 Burglary - non-residential (commercial break-ins), actual",-,-,NT Balance,Gulf,2
4/08/2026,2025,8,062 Burglary - non-residential,"062 Burglary - non-residential (commercial break-ins), actual",-,-,NT Balance,Howard Springs,1
4/08/2026,2025,8,062 Burglary - non-residential,"062 Burglary - non-residential (commercial break-ins), actual",-,-,NT Balance,Petermann - Simpson,2
4/08/2026,2025,8,062 Burglary - non-residential,"062 Burglary - non-residential (commercial break-ins), actual",-,-,NT Balance,Tanami,2
4/08/2026,2025,8,062 Burglary - non-residential,"062 Burglary - non-residential (commercial break-ins), actual",-,-,NT Balance,West Arnhem,1
4/08/2026,2025,8,062 Burglary - non-residential,"062 Burglary - non-residential (commercial break-ins), actual",-,-,NT Balance,Yuendumu - Anmatjere,1
4/08/2026,2025,8,062 Burglary - non-residential,"062 Burglary - non-residential (commercial break-ins), actual",-,-,NT Balance,Unknown ,1
4/08/2026,2025,8,062 Burglary - non-residential,"062 Burglary - non-residential (commercial break-ins), attempted",-,-,Palmerston,,1
4/08/2026,2025,8,062 Burglary - non-residential,"062 Burglary - non-residential (commercial break-ins), attempted",-,-,Alice Springs,,2
4/08/2026,2025,8,062 Burglary - non-residential,"062 Burglary - non-residential (commercial break-ins), attempted",-,-,Katherine,,4
4/08/2026,2025,8,062 Burglary - non-residential,"062 Burglary - non-residential (commercial break-ins), attempted",-,-,NT Balance,Unknown ,1
4/08/2026,2025,8,07 Theft,071 Motor vehicle theft and related offences,-,-,Darwin,,17
4/08/2026,2025,8,07 Theft,071 Motor vehicle theft and related offences,-,-,Palmerston,,7
4/08/2026,2025,8,07 Theft,071 Motor vehicle theft and related offences,-,-,Alice Springs,,4
4/08/2026,2025,8,07 Theft,071 Motor vehicle theft and related offences,-,-,Katherine,,1
4/08/2026,2025,8,07 Theft,071 Motor vehicle theft and related offences,-,-,Tennant Creek,,1
4/08/2026,2025,8,07 Theft,071 Motor vehicle theft and related offences,-,-,NT Balance,Alligator,1
4/08/2026,2025,8,07 Theft,071 Motor vehicle theft and related offences,-,-,NT Balance,Elsey,2
4/08/2026,2025,8,07 Theft,071 Motor vehicle theft and related offences,-,-,NT Balance,Victoria River,3
4/08/2026,2025,8,07 Theft,071 Motor vehicle theft and related offences,-,-,NT Balance,Weddell,1
4/08/2026,2025,8,07 Theft,07* Other theft,-,-,Darwin,,165
4/08/2026,2025,8,07 Theft,07* Other theft,-,-,Palmerston,,78
4/08/2026,2025,8,07 Theft,07* Other theft,-,-,Alice Springs,,102
4/08/2026,2025,8,07 Theft,07* Other theft,-,-,Katherine,,24
4/08/2026,2025,8,07 Theft,07* Other theft,-,-,Tennant Creek,,17
4/08/2026,2025,8,07 Theft,07* Other theft,-,-,Nhulunbuy,,1
4/08/2026,2025,8,07 Theft,07* Other theft,-,-,NT Balance,Alligator,9
4/08/2026,2025,8,07 Theft,07* Other theft,-,-,NT Balance,Barkly,9
4/08/2026,2025,8,07 Theft,07* Other theft,-,-,NT Balance,Daly,5
4/08/2026,2025,8,07 Theft,07* Other theft,-,-,NT Balance,East Arnhem,4
4/08/2026,2025,8,07 Theft,07* Other theft,-,-,NT Balance,Elsey,2
4/08/2026,2025,8,07 Theft,07* Other theft,-,-,NT Balance,Gulf,4
4/08/2026,2025,8,07 Theft,07* Other theft,-,-,NT Balance,Howard Springs,10
4/08/2026,2025,8,07 Theft,07* Other theft,-,-,NT Balance,Humpty Doo,8
4/08/2026,2025,8,07 Theft,07* Other theft,-,-,NT Balance,Petermann - Simpson,1
4/08/2026,2025,8,07 Theft,07* Other theft,-,-,NT Balance,Sandover - Plenty,3
4/08/2026,2025,8,07 Theft,07* Other theft,-,-,NT Balance,Tanami,3
4/08/2026,2025,8,07 Theft,07* Other theft,-,-,NT Balance,Thamarrurr,2
4/08/2026,2025,8,07 Theft,07* Other theft,-,-,NT Balance,Victoria River,5
4/08/2026,2025,8,07 Theft,07* Other theft,-,-,NT Balance,Virginia,13
4/08/2026,2025,8,07 Theft,07* Other theft,-,-,NT Balance,Weddell,3
4/08/2026,2025,8,07 Theft,07* Other theft,-,-,NT Balance,West Arnhem,3
4/08/2026,2025,8,07 Theft,07* Other theft,-,-,NT Balance,Yuendumu - Anmatjere,2
4/08/2026,2025,8,07 Theft,07* Other theft,-,-,NT Balance,Unknown ,8
4/08/2026,2025,8,11 Property damage offences,11 Property damage offences,-,-,Darwin,,162
4/08/2026,2025,8,11 Property damage offences,11 Property damage offences,-,-,Palmerston,,79
4/08/2026,2025,8,11 Property damage offences,11 Property damage offences,-,-,Alice Springs,,172
4/08/2026,2025,8,11 Property damage offences,11 Property damage offences,-,-,Katherine,,53
4/08/2026,2025,8,11 Property damage offences,11 Property damage offences,-,-,Tennant Creek,,31
4/08/2026,2025,8,11 Property damage offences,11 Property damage offences,-,-,Nhulunbuy,,1
4/08/2026,2025,8,11 Property damage offences,11 Property damage offences,-,-,NT Balance,Alligator,4
4/08/2026,2025,8,11 Property damage offences,11 Property damage offences,-,-,NT Balance,Anindilyakwa,1
4/08/2026,2025,8,11 Property damage offences,11 Property damage offences,-,-,NT Balance,Barkly,10
4/08/2026,2025,8,11 Property damage offences,11 Property damage offences,-,-,NT Balance,Daly,8
4/08/2026,2025,8,11 Property damage offences,11 Property damage offences,-,-,NT Balance,East Arnhem,16
4/08/2026,2025,8,11 Property damage offences,11 Property damage offences,-,-,NT Balance,Elsey,2
4/08/2026,2025,8,11 Property damage offences,11 Property damage offences,-,-,NT Balance,Gulf,7
4/08/2026,2025,8,11 Property damage offences,11 Property damage offences,-,-,NT Balance,Howard Springs,14
4/08/2026,2025,8,11 Property damage offences,11 Property damage offences,-,-,NT Balance,Humpty Doo,5
4/08/2026,2025,8,11 Property damage offences,11 Property damage offences,-,-,NT Balance,Petermann - Simpson,1
4/08/2026,2025,8,11 Property damage offences,11 Property damage offences,-,-,NT Balance,Sandover - Plenty,4
4/08/2026,2025,8,11 Property damage offences,11 Property damage offences,-,-,NT Balance,Tanami,3
4/08/2026,2025,8,11 Property damage offences,11 Property damage offences,-,-,NT Balance,Thamarrurr,6
4/08/2026,2025,8,11 Property damage offences,11 Property damage offences,-,-,NT Balance,Tiwi Islands,4
4/08/2026,2025,8,11 Property damage offences,11 Property damage offences,-,-,NT Balance,Victoria River,2
4/08/2026,2025,8,11 Property damage offences,11 Property damage offences,-,-,NT Balance,Virginia,2
4/08/2026,2025,8,11 Property damage offences,11 Property damage offences,-,-,NT Balance,Weddell,5
4/08/2026,2025,8,11 Property damage offences,11 Property damage offences,-,-,NT Balance,West Arnhem,9
4/08/2026,2025,8,11 Property damage offences,11 Property damage offences,-,-,NT Balance,Yuendumu - Anmatjere,2
4/08/2026,2025,8,11 Property damage offences,11 Property damage offences,-,-,NT Balance,Unknown ,11
4/08/2026,2025,9,01 Homicide,0110 Murder,-,-,Darwin,,1
4/08/2026,2025,9,01 Homicide,0132 Driving causing death,-,-,Palmerston,,1
4/08/2026,2025,9,02 Assault,021 Serious Assault,No,No,Darwin,,34
4/08/2026,2025,9,02 Assault,021 Serious Assault,No,No,Palmerston,,12
4/08/2026,2025,9,02 Assault,021 Serious Assault,No,No,Alice Springs,,16
4/08/2026,2025,9,02 Assault,021 Serious Assault,No,No,Katherine,,22
4/08/2026,2025,9,02 Assault,021 Serious Assault,No,No,Tennant Creek,,9
4/08/2026,2025,9,02 Assault,021 Serious Assault,No,No,Nhulunbuy,,1
4/08/2026,2025,9,02 Assault,021 Serious Assault,No,No,NT Balance,Alligator,1
4/08/2026,2025,9,02 Assault,021 Serious Assault,No,No,NT Balance,Anindilyakwa,2
4/08/2026,2025,9,02 Assault,021 Serious Assault,No,No,NT Balance,Barkly,2
4/08/2026,2025,9,02 Assault,021 Serious Assault,No,No,NT Balance,Daly,1
4/08/2026,2025,9,02 Assault,021 Serious Assault,No,No,NT Balance,East Arnhem,2
4/08/2026,2025,9,02 Assault,021 Serious Assault,No,No,NT Balance,Elsey,1
4/08/2026,2025,9,02 Assault,021 Serious Assault,No,No,NT Balance,Gulf,4
4/08/2026,2025,9,02 Assault,021 Serious Assault,No,No,NT Balance,Howard Springs,5
4/08/2026,2025,9,02 Assault,021 Serious Assault,No,No,NT Balance,Humpty Doo,1
4/08/2026,2025,9,02 Assault,021 Serious Assault,No,No,NT Balance,Petermann - Simpson,2
4/08/2026,2025,9,02 Assault,021 Serious Assault,No,No,NT Balance,Sandover - Plenty,4
4/08/2026,2025,9,02 Assault,021 Serious Assault,No,No,NT Balance,Tanami,2
4/08/2026,2025,9,02 Assault,021 Serious Assault,No,No,NT Balance,Thamarrurr,3
4/08/2026,2025,9,02 Assault,021 Serious Assault,No,No,NT Balance,Tiwi Islands,1
4/08/2026,2025,9,02 Assault,021 Serious Assault,No,No,NT Balance,Victoria River,1
4/08/2026,2025,9,02 Assault,021 Serious Assault,No,No,NT Balance,Virginia,1
4/08/2026,2025,9,02 Assault,021 Serious Assault,No,No,NT Balance,West Arnhem,1
4/08/2026,2025,9,02 Assault,021 Serious Assault,No,No,NT Balance,Yuendumu - Anmatjere,1
4/08/2026,2025,9,02 Assault,021 Serious Assault,No,No,NT Balance,Unknown ,1
4/08/2026,2025,9,02 Assault,021 Serious Assault,No,Yes,Darwin,,44
4/08/2026,2025,9,02 Assault,021 Serious Assault,No,Yes,Palmerston,,33
4/08/2026,2025,9,02 Assault,021 Serious Assault,No,Yes,Alice Springs,,42
4/08/2026,2025,9,02 Assault,021 Serious Assault,No,Yes,Katherine,,28
4/08/2026,2025,9,02 Assault,021 Serious Assault,No,Yes,Tennant Creek,,9
4/08/2026,2025,9,02 Assault,021 Serious Assault,No,Yes,NT Balance,Alligator,4
4/08/2026,2025,9,02 Assault,021 Serious Assault,No,Yes,NT Balance,Anindilyakwa,2
4/08/2026,2025,9,02 Assault,021 Serious Assault,No,Yes,NT Balance,Barkly,3
4/08/2026,2025,9,02 Assault,021 Serious Assault,No,Yes,NT Balance,Daly,1
4/08/2026,2025,9,02 Assault,021 Serious Assault,No,Yes,NT Balance,East Arnhem,17
4/08/2026,2025,9,02 Assault,021 Serious Assault,No,Yes,NT Balance,Elsey,9
4/08/2026,2025,9,02 Assault,021 Serious Assault,No,Yes,NT Balance,Gulf,9
4/08/2026,2025,9,02 Assault,021 Serious Assault,No,Yes,NT Balance,Sandover - Plenty,3
4/08/2026,2025,9,02 Assault,021 Serious Assault,No,Yes,NT Balance,Tanami,6
4/08/2026,2025,9,02 Assault,021 Serious Assault,No,Yes,NT Balance,Thamarrurr,18
4/08/2026,2025,9,02 Assault,021 Serious Assault,No,Yes,NT Balance,Tiwi Islands,14
4/08/2026,2025,9,02 Assault,021 Serious Assault,No,Yes,NT Balance,Victoria River,11
4/08/2026,2025,9,02 Assault,021 Serious Assault,No,Yes,NT Balance,Virginia,2
4/08/2026,2025,9,02 Assault,021 Serious Assault,No,Yes,NT Balance,West Arnhem,13
4/08/2026,2025,9,02 Assault,021 Serious Assault,No,Yes,NT Balance,Yuendumu - Anmatjere,4
4/08/2026,2025,9,02 Assault,021 Serious Assault,No,Yes,NT Balance,Unknown ,6
4/08/2026,2025,9,02 Assault,021 Serious Assault,Yes,No,Darwin,,19
4/08/2026,2025,9,02 Assault,021 Serious Assault,Yes,No,Palmerston,,10
4/08/2026,2025,9,02 Assault,021 Serious Assault,Yes,No,Alice Springs,,9
4/08/2026,2025,9,02 Assault,021 Serious Assault,Yes,No,Katherine,,12
4/08/2026,2025,9,02 Assault,021 Serious Assault,Yes,No,Tennant Creek,,4
4/08/2026,2025,9,02 Assault,021 Serious Assault,Yes,No,Nhulunbuy,,1
4/08/2026,2025,9,02 Assault,021 Serious Assault,Yes,No,NT Balance,Anindilyakwa,1
4/08/2026,2025,9,02 Assault,021 Serious Assault,Yes,No,NT Balance,Barkly,1
4/08/2026,2025,9,02 Assault,021 Serious Assault,Yes,No,NT Balance,Daly,1
4/08/2026,2025,9,02 Assault,021 Serious Assault,Yes,No,NT Balance,East Arnhem,1
4/08/2026,2025,9,02 Assault,021 Serious Assault,Yes,No,NT Balance,Elsey,1
4/08/2026,2025,9,02 Assault,021 Serious Assault,Yes,No,NT Balance,Tiwi Islands,1
4/08/2026,2025,9,02 Assault,021 Serious Assault,Yes,No,NT Balance,West Arnhem,2
4/08/2026,2025,9,02 Assault,021 Serious Assault,Yes,Yes,Darwin,,49
4/08/2026,2025,9,02 Assault,021 Serious Assault,Yes,Yes,Palmerston,,40
4/08/2026,2025,9,02 Assault,021 Serious Assault,Yes,Yes,Alice Springs,,46
4/08/2026,2025,9,02 Assault,021 Serious Assault,Yes,Yes,Katherine,,34
4/08/2026,2025,9,02 Assault,021 Serious Assault,Yes,Yes,Tennant Creek,,25
4/08/2026,2025,9,02 Assault,021 Serious Assault,Yes,Yes,Nhulunbuy,,1
4/08/2026,2025,9,02 Assault,021 Serious Assault,Yes,Yes,NT Balance,Alligator,3
4/08/2026,2025,9,02 Assault,021 Serious Assault,Yes,Yes,NT Balance,Barkly,5
4/08/2026,2025,9,02 Assault,021 Serious Assault,Yes,Yes,NT Balance,Daly,2
4/08/2026,2025,9,02 Assault,021 Serious Assault,Yes,Yes,NT Balance,East Arnhem,2
4/08/2026,2025,9,02 Assault,021 Serious Assault,Yes,Yes,NT Balance,Elsey,3
4/08/2026,2025,9,02 Assault,021 Serious Assault,Yes,Yes,NT Balance,Gulf,5
4/08/2026,2025,9,02 Assault,021 Serious Assault,Yes,Yes,NT Balance,Petermann - Simpson,2
4/08/2026,2025,9,02 Assault,021 Serious Assault,Yes,Yes,NT Balance,Sandover - Plenty,2
4/08/2026,2025,9,02 Assault,021 Serious Assault,Yes,Yes,NT Balance,Tanami,3
4/08/2026,2025,9,02 Assault,021 Serious Assault,Yes,Yes,NT Balance,Thamarrurr,18
4/08/2026,2025,9,02 Assault,021 Serious Assault,Yes,Yes,NT Balance,Tiwi Islands,3
4/08/2026,2025,9,02 Assault,021 Serious Assault,Yes,Yes,NT Balance,Victoria River,8
4/08/2026,2025,9,02 Assault,021 Serious Assault,Yes,Yes,NT Balance,Virginia,3
4/08/2026,2025,9,02 Assault,021 Serious Assault,Yes,Yes,NT Balance,West Arnhem,2
4/08/2026,2025,9,02 Assault,021 Serious Assault,Yes,Yes,NT Balance,Unknown ,2
4/08/2026,2025,9,02 Assault,021 Serious Assault,Yes,Yes,Unknown,Unknown,1
4/08/2026,2025,9,02 Assault,022 Assault of a prescribed officer,No,No,Alice Springs,,1
4/08/2026,2025,9,02 Assault,022 Assault of a prescribed officer,No,No,Katherine,,1
4/08/2026,2025,9,02 Assault,022 Assault of a prescribed officer,No,No,Tennant Creek,,1
4/08/2026,2025,9,02 Assault,022 Assault of a prescribed officer,No,No,NT Balance,East Arnhem,1
4/08/2026,2025,9,02 Assault,022 Assault of a prescribed officer,No,No,NT Balance,Thamarrurr,2
4/08/2026,2025,9,02 Assault,022 Assault of a prescribed officer,No,Yes,NT Balance,Thamarrurr,1
4/08/2026,2025,9,02 Assault,022 Assault of a prescribed officer,No,Yes,NT Balance,West Arnhem,1
4/08/2026,2025,9,02 Assault,022 Assault of a prescribed officer,No,Yes,NT Balance,Unknown ,1
4/08/2026,2025,9,02 Assault,022 Assault of a prescribed officer,Yes,No,Darwin,,3
4/08/2026,2025,9,02 Assault,022 Assault of a prescribed officer,Yes,No,Palmerston,,1
4/08/2026,2025,9,02 Assault,022 Assault of a prescribed officer,Yes,No,Alice Springs,,3
4/08/2026,2025,9,02 Assault,022 Assault of a prescribed officer,Yes,No,NT Balance,East Arnhem,1
4/08/2026,2025,9,02 Assault,022 Assault of a prescribed officer,Yes,No,NT Balance,Petermann - Simpson,1
4/08/2026,2025,9,02 Assault,022 Assault of a prescribed officer,Yes,No,NT Balance,Yuendumu - Anmatjere,1
4/08/2026,2025,9,02 Assault,022 Assault of a prescribed officer,Yes,No,NT Balance,Unknown ,1
4/08/2026,2025,9,02 Assault,022 Assault of a prescribed officer,Yes,Yes,Darwin,,1
4/08/2026,2025,9,02 Assault,022 Assault of a prescribed officer,Yes,Yes,Palmerston,,2
4/08/2026,2025,9,02 Assault,022 Assault of a prescribed officer,Yes,Yes,Alice Springs,,3
4/08/2026,2025,9,02 Assault,022 Assault of a prescribed officer,Yes,Yes,NT Balance,Gulf,1
4/08/2026,2025,9,02 Assault,023 Common Assault,No,No,Darwin,,17
4/08/2026,2025,9,02 Assault,023 Common Assault,No,No,Palmerston,,6
4/08/2026,2025,9,02 Assault,023 Common Assault,No,No,Alice Springs,,10
4/08/2026,2025,9,02 Assault,023 Common Assault,No,No,Katherine,,7
4/08/2026,2025,9,02 Assault,023 Common Assault,No,No,Tennant Creek,,2
4/08/2026,2025,9,02 Assault,023 Common Assault,No,No,Nhulunbuy,,1
4/08/2026,2025,9,02 Assault,023 Common Assault,No,No,NT Balance,Alligator,1
4/08/2026,2025,9,02 Assault,023 Common Assault,No,No,NT Balance,Gulf,2
4/08/2026,2025,9,02 Assault,023 Common Assault,No,No,NT Balance,Howard Springs,20
4/08/2026,2025,9,02 Assault,023 Common Assault,No,No,NT Balance,Sandover - Plenty,1
4/08/2026,2025,9,02 Assault,023 Common Assault,No,No,NT Balance,Tanami,2
4/08/2026,2025,9,02 Assault,023 Common Assault,No,No,NT Balance,Thamarrurr,1
4/08/2026,2025,9,02 Assault,023 Common Assault,No,No,NT Balance,Victoria River,2
4/08/2026,2025,9,02 Assault,023 Common Assault,No,No,NT Balance,Weddell,2
4/08/2026,2025,9,02 Assault,023 Common Assault,No,No,NT Balance,West Arnhem,2
4/08/2026,2025,9,02 Assault,023 Common Assault,No,No,NT Balance,Yuendumu - Anmatjere,1
4/08/2026,2025,9,02 Assault,023 Common Assault,No,No,NT Balance,Unknown ,5
4/08/2026,2025,9,02 Assault,023 Common Assault,No,Yes,Darwin,,4
4/08/2026,2025,9,02 Assault,023 Common Assault,No,Yes,Palmerston,,4
4/08/2026,2025,9,02 Assault,023 Common Assault,No,Yes,Alice Springs,,5
4/08/2026,2025,9,02 Assault,023 Common Assault,No,Yes,Katherine,,2
4/08/2026,2025,9,02 Assault,023 Common Assault,No,Yes,Tennant Creek,,3
4/08/2026,2025,9,02 Assault,023 Common Assault,No,Yes,NT Balance,Gulf,2
4/08/2026,2025,9,02 Assault,023 Common Assault,No,Yes,NT Balance,Sandover - Plenty,1
4/08/2026,2025,9,02 Assault,023 Common Assault,No,Yes,NT Balance,Tanami,1
4/08/2026,2025,9,02 Assault,023 Common Assault,No,Yes,NT Balance,Thamarrurr,1
4/08/2026,2025,9,02 Assault,023 Common Assault,No,Yes,NT Balance,Victoria River,1
4/08/2026,2025,9,02 Assault,023 Common Assault,No,Yes,NT Balance,Unknown ,1
4/08/2026,2025,9,02 Assault,023 Common Assault,Yes,No,Darwin,,10
4/08/2026,2025,9,02 Assault,023 Common Assault,Yes,No,Palmerston,,2
4/08/2026,2025,9,02 Assault,023 Common Assault,Yes,No,Alice Springs,,3
4/08/2026,2025,9,02 Assault,023 Common Assault,Yes,No,Katherine,,4
4/08/2026,2025,9,02 Assault,023 Common Assault,Yes,No,NT Balance,Anindilyakwa,1
4/08/2026,2025,9,02 Assault,023 Common Assault,Yes,Yes,Darwin,,7
4/08/2026,2025,9,02 Assault,023 Common Assault,Yes,Yes,Palmerston,,3
4/08/2026,2025,9,02 Assault,023 Common Assault,Yes,Yes,Alice Springs,,1
4/08/2026,2025,9,02 Assault,023 Common Assault,Yes,Yes,Katherine,,3
4/08/2026,2025,9,02 Assault,023 Common Assault,Yes,Yes,NT Balance,Petermann - Simpson,1
4/08/2026,2025,9,02 Assault,023 Common Assault,Yes,Yes,NT Balance,West Arnhem,1
4/08/2026,2025,9,03 Sexual offences,031 Sexual assault of an adult,-,-,Darwin,,12
4/08/2026,2025,9,03 Sexual offences,031 Sexual assault of an adult,-,-,Palmerston,,3
4/08/2026,2025,9,03 Sexual offences,031 Sexual assault of an adult,-,-,Alice Springs,,7
4/08/2026,2025,9,03 Sexual offences,031 Sexual assault of an adult,-,-,Katherine,,4
4/08/2026,2025,9,03 Sexual offences,031 Sexual assault of an adult,-,-,NT Balance,Anindilyakwa,1
4/08/2026,2025,9,03 Sexual offences,031 Sexual assault of an adult,-,-,NT Balance,East Arnhem,2
4/08/2026,2025,9,03 Sexual offences,031 Sexual assault of an adult,-,-,NT Balance,Gulf,1
4/08/2026,2025,9,03 Sexual offences,031 Sexual assault of an adult,-,-,NT Balance,Howard Springs,3
4/08/2026,2025,9,03 Sexual offences,031 Sexual assault of an adult,-,-,NT Balance,Thamarrurr,2
4/08/2026,2025,9,03 Sexual offences,031 Sexual assault of an adult,-,-,NT Balance,West Arnhem,1
4/08/2026,2025,9,03 Sexual offences,031 Sexual assault of an adult,-,-,NT Balance,Yuendumu - Anmatjere,1
4/08/2026,2025,9,03 Sexual offences,032 Sexual assault of a child,-,-,Palmerston,,2
4/08/2026,2025,9,03 Sexual offences,032 Sexual assault of a child,-,-,Alice Springs,,1
4/08/2026,2025,9,03 Sexual offences,032 Sexual assault of a child,-,-,Katherine,,1
4/08/2026,2025,9,03 Sexual offences,032 Sexual assault of a child,-,-,Tennant Creek,,2
4/08/2026,2025,9,03 Sexual offences,032 Sexual assault of a child,-,-,NT Balance,Weddell,1
4/08/2026,2025,9,03 Sexual offences,"033, 034 Other child-related sexual offences",-,-,Darwin,,6
4/08/2026,2025,9,03 Sexual offences,"033, 034 Other child-related sexual offences",-,-,Palmerston,,1
4/08/2026,2025,9,03 Sexual offences,"035, 039 Other sexual offences",-,-,Darwin,,4
4/08/2026,2025,9,03 Sexual offences,"035, 039 Other sexual offences",-,-,Alice Springs,,2
4/08/2026,2025,9,04 Harm or endanger persons,"041, 042, 043 Human trafficking, abduction, deprivation of liberty",-,-,Darwin,,1
4/08/2026,2025,9,04 Harm or endanger persons,"041, 042, 043 Human trafficking, abduction, deprivation of liberty",-,-,Palmerston,,1
4/08/2026,2025,9,04 Harm or endanger persons,"041, 042, 043 Human trafficking, abduction, deprivation of liberty",-,-,Katherine,,1
4/08/2026,2025,9,04 Harm or endanger persons,"041, 042, 043 Human trafficking, abduction, deprivation of liberty",-,-,NT Balance,Victoria River,1
4/08/2026,2025,9,04 Harm or endanger persons,"044 Acts that threaten, harass or control",-,-,Darwin,,17
4/08/2026,2025,9,04 Harm or endanger persons,"044 Acts that threaten, harass or control",-,-,Palmerston,,13
4/08/2026,2025,9,04 Harm or endanger persons,"044 Acts that threaten, harass or control",-,-,Alice Springs,,10
4/08/2026,2025,9,04 Harm or endanger persons,"044 Acts that threaten, harass or control",-,-,Katherine,,5
4/08/2026,2025,9,04 Harm or endanger persons,"044 Acts that threaten, harass or control",-,-,Tennant Creek,,1
4/08/2026,2025,9,04 Harm or endanger persons,"044 Acts that threaten, harass or control",-,-,NT Balance,Alligator,1
4/08/2026,2025,9,04 Harm or endanger persons,"044 Acts that threaten, harass or control",-,-,NT Balance,East Arnhem,4
4/08/2026,2025,9,04 Harm or endanger persons,"044 Acts that threaten, harass or control",-,-,NT Balance,Sandover - Plenty,1
4/08/2026,2025,9,04 Harm or endanger persons,"044 Acts that threaten, harass or control",-,-,NT Balance,Tanami,2
4/08/2026,2025,9,04 Harm or endanger persons,"044 Acts that threaten, harass or control",-,-,NT Balance,Thamarrurr,1
4/08/2026,2025,9,04 Harm or endanger persons,"044 Acts that threaten, harass or control",-,-,NT Balance,Tiwi Islands,3
4/08/2026,2025,9,04 Harm or endanger persons,"044 Acts that threaten, harass or control",-,-,NT Balance,Victoria River,2
4/08/2026,2025,9,04 Harm or endanger persons,"044 Acts that threaten, harass or control",-,-,NT Balance,Weddell,2
4/08/2026,2025,9,04 Harm or endanger persons,"044 Acts that threaten, harass or control",-,-,NT Balance,West Arnhem,2
4/08/2026,2025,9,04 Harm or endanger persons,"044 Acts that threaten, harass or control",-,-,NT Balance,Yuendumu - Anmatjere,1
4/08/2026,2025,9,04 Harm or endanger persons,"044 Acts that threaten, harass or control",-,-,NT Balance,Unknown ,1
4/08/2026,2025,9,04 Harm or endanger persons,045 Driving causing serious injury,-,-,Darwin,,2
4/08/2026,2025,9,04 Harm or endanger persons,045 Driving causing serious injury,-,-,NT Balance,Barkly,1
4/08/2026,2025,9,04 Harm or endanger persons,049 Other acts that harm or endanger persons,-,-,Darwin,,2
4/08/2026,2025,9,04 Harm or endanger persons,049 Other acts that harm or endanger persons,-,-,Palmerston,,1
4/08/2026,2025,9,04 Harm or endanger persons,049 Other acts that harm or endanger persons,-,-,Alice Springs,,5
4/08/2026,2025,9,04 Harm or endanger persons,049 Other acts that harm or endanger persons,-,-,Katherine,,1
4/08/2026,2025,9,04 Harm or endanger persons,049 Other acts that harm or endanger persons,-,-,NT Balance,Anindilyakwa,1
4/08/2026,2025,9,04 Harm or endanger persons,049 Other acts that harm or endanger persons,-,-,NT Balance,East Arnhem,2
4/08/2026,2025,9,04 Harm or endanger persons,049 Other acts that harm or endanger persons,-,-,NT Balance,Elsey,3
4/08/2026,2025,9,04 Harm or endanger persons,049 Other acts that harm or endanger persons,-,-,NT Balance,Tanami,1
4/08/2026,2025,9,04 Harm or endanger persons,049 Other acts that harm or endanger persons,-,-,NT Balance,Thamarrurr,2
4/08/2026,2025,9,04 Harm or endanger persons,049 Other acts that harm or endanger persons,-,-,NT Balance,Virginia,1
4/08/2026,2025,9,04 Harm or endanger persons,049 Other acts that harm or endanger persons,-,-,NT Balance,Unknown ,1
4/08/2026,2025,9,"05 Robbery, blackmail, and extortion",051 Robbery,-,-,Darwin,,13
4/08/2026,2025,9,"05 Robbery, blackmail, and extortion",051 Robbery,-,-,Palmerston,,1
4/08/2026,2025,9,"05 Robbery, blackmail, and extortion",051 Robbery,-,-,Alice Springs,,10
4/08/2026,2025,9,"05 Robbery, blackmail, and extortion",051 Robbery,-,-,Katherine,,5
4/08/2026,2025,9,"05 Robbery, blackmail, and extortion",051 Robbery,-,-,Tennant Creek,,2
4/08/2026,2025,9,"05 Robbery, blackmail, and extortion",051 Robbery,-,-,NT Balance,Virginia,2
4/08/2026,2025,9,"05 Robbery, blackmail, and extortion",051 Robbery,-,-,NT Balance,Unknown ,2
4/08/2026,2025,9,061 Burglary - dwelling,"061 Burglary - dwelling (house break-ins), actual",-,-,Darwin,,12
4/08/2026,2025,9,061 Burglary - dwelling,"061 Burglary - dwelling (house break-ins), actual",-,-,Palmerston,,7
4/08/2026,2025,9,061 Burglary - dwelling,"061 Burglary - dwelling (house break-ins), actual",-,-,Alice Springs,,55
4/08/2026,2025,9,061 Burglary - dwelling,"061 Burglary - dwelling (house break-ins), actual",-,-,Katherine,,8
4/08/2026,2025,9,061 Burglary - dwelling,"061 Burglary - dwelling (house break-ins), actual",-,-,Tennant Creek,,8
4/08/2026,2025,9,061 Burglary - dwelling,"061 Burglary - dwelling (house break-ins), actual",-,-,Nhulunbuy,,1
4/08/2026,2025,9,061 Burglary - dwelling,"061 Burglary - dwelling (house break-ins), actual",-,-,NT Balance,Alligator,2
4/08/2026,2025,9,061 Burglary - dwelling,"061 Burglary - dwelling (house break-ins), actual",-,-,NT Balance,Barkly,2
4/08/2026,2025,9,061 Burglary - dwelling,"061 Burglary - dwelling (house break-ins), actual",-,-,NT Balance,Daly,1
4/08/2026,2025,9,061 Burglary - dwelling,"061 Burglary - dwelling (house break-ins), actual",-,-,NT Balance,East Arnhem,6
4/08/2026,2025,9,061 Burglary - dwelling,"061 Burglary - dwelling (house break-ins), actual",-,-,NT Balance,Elsey,1
4/08/2026,2025,9,061 Burglary - dwelling,"061 Burglary - dwelling (house break-ins), actual",-,-,NT Balance,Howard Springs,1
4/08/2026,2025,9,061 Burglary - dwelling,"061 Burglary - dwelling (house break-ins), actual",-,-,NT Balance,Petermann - Simpson,1
4/08/2026,2025,9,061 Burglary - dwelling,"061 Burglary - dwelling (house break-ins), actual",-,-,NT Balance,Tanami,1
4/08/2026,2025,9,061 Burglary - dwelling,"061 Burglary - dwelling (house break-ins), actual",-,-,NT Balance,Thamarrurr,5
4/08/2026,2025,9,061 Burglary - dwelling,"061 Burglary - dwelling (house break-ins), actual",-,-,NT Balance,Victoria River,2
4/08/2026,2025,9,061 Burglary - dwelling,"061 Burglary - dwelling (house break-ins), actual",-,-,NT Balance,West Arnhem,3
4/08/2026,2025,9,061 Burglary - dwelling,"061 Burglary - dwelling (house break-ins), actual",-,-,NT Balance,Yuendumu - Anmatjere,1
4/08/2026,2025,9,061 Burglary - dwelling,"061 Burglary - dwelling (house break-ins), actual",-,-,NT Balance,Unknown ,3
4/08/2026,2025,9,061 Burglary - dwelling,"061 Burglary - dweling (house break-ins), attempted",-,-,Darwin,,5
4/08/2026,2025,9,061 Burglary - dwelling,"061 Burglary - dweling (house break-ins), attempted",-,-,Alice Springs,,4
4/08/2026,2025,9,061 Burglary - dwelling,"061 Burglary - dweling (house break-ins), attempted",-,-,Katherine,,2
4/08/2026,2025,9,061 Burglary - dwelling,"061 Burglary - dweling (house break-ins), attempted",-,-,Tennant Creek,,1
4/08/2026,2025,9,061 Burglary - dwelling,"061 Burglary - dweling (house break-ins), attempted",-,-,Nhulunbuy,,2
4/08/2026,2025,9,061 Burglary - dwelling,"061 Burglary - dweling (house break-ins), attempted",-,-,NT Balance,Anindilyakwa,1
4/08/2026,2025,9,061 Burglary - dwelling,"061 Burglary - dweling (house break-ins), attempted",-,-,NT Balance,Barkly,1
4/08/2026,2025,9,061 Burglary - dwelling,"061 Burglary - dweling (house break-ins), attempted",-,-,NT Balance,East Arnhem,1
4/08/2026,2025,9,061 Burglary - dwelling,"061 Burglary - dweling (house break-ins), attempted",-,-,NT Balance,Humpty Doo,1
4/08/2026,2025,9,062 Burglary - non-residential,"062 Burglary - non-residential (commercial break-ins), actual",-,-,Darwin,,13
4/08/2026,2025,9,062 Burglary - non-residential,"062 Burglary - non-residential (commercial break-ins), actual",-,-,Palmerston,,4
4/08/2026,2025,9,062 Burglary - non-residential,"062 Burglary - non-residential (commercial break-ins), actual",-,-,Alice Springs,,18
4/08/2026,2025,9,062 Burglary - non-residential,"062 Burglary - non-residential (commercial break-ins), actual",-,-,Katherine,,7
4/08/2026,2025,9,062 Burglary - non-residential,"062 Burglary - non-residential (commercial break-ins), actual",-,-,Tennant Creek,,10
4/08/2026,2025,9,062 Burglary - non-residential,"062 Burglary - non-residential (commercial break-ins), actual",-,-,NT Balance,Alligator,1
4/08/2026,2025,9,062 Burglary - non-residential,"062 Burglary - non-residential (commercial break-ins), actual",-,-,NT Balance,Anindilyakwa,1
4/08/2026,2025,9,062 Burglary - non-residential,"062 Burglary - non-residential (commercial break-ins), actual",-,-,NT Balance,Barkly,8
4/08/2026,2025,9,062 Burglary - non-residential,"062 Burglary - non-residential (commercial break-ins), actual",-,-,NT Balance,Daly,3
4/08/2026,2025,9,062 Burglary - non-residential,"062 Burglary - non-residential (commercial break-ins), actual",-,-,NT Balance,East Arnhem,5
4/08/2026,2025,9,062 Burglary - non-residential,"062 Burglary - non-residential (commercial break-ins), actual",-,-,NT Balance,Elsey,1
4/08/2026,2025,9,062 Burglary - non-residential,"062 Burglary - non-residential (commercial break-ins), actual",-,-,NT Balance,Humpty Doo,1
4/08/2026,2025,9,062 Burglary - non-residential,"062 Burglary - non-residential (commercial break-ins), actual",-,-,NT Balance,Petermann - Simpson,1
4/08/2026,2025,9,062 Burglary - non-residential,"062 Burglary - non-residential (commercial break-ins), actual",-,-,NT Balance,Tanami,2
4/08/2026,2025,9,062 Burglary - non-residential,"062 Burglary - non-residential (commercial break-ins), actual",-,-,NT Balance,Thamarrurr,1
4/08/2026,2025,9,062 Burglary - non-residential,"062 Burglary - non-residential (commercial break-ins), actual",-,-,NT Balance,Tiwi Islands,1
4/08/2026,2025,9,062 Burglary - non-residential,"062 Burglary - non-residential (commercial break-ins), actual",-,-,NT Balance,Victoria River,2
4/08/2026,2025,9,062 Burglary - non-residential,"062 Burglary - non-residential (commercial break-ins), actual",-,-,NT Balance,Virginia,1
4/08/2026,2025,9,062 Burglary - non-residential,"062 Burglary - non-residential (commercial break-ins), actual",-,-,NT Balance,West Arnhem,1
4/08/2026,2025,9,062 Burglary - non-residential,"062 Burglary - non-residential (commercial break-ins), actual",-,-,NT Balance,Yuendumu - Anmatjere,3
4/08/2026,2025,9,062 Burglary - non-residential,"062 Burglary - non-residential (commercial break-ins), actual",-,-,NT Balance,Unknown ,1
4/08/2026,2025,9,062 Burglary - non-residential,"062 Burglary - non-residential (commercial break-ins), attempted",-,-,Palmerston,,1
4/08/2026,2025,9,062 Burglary - non-residential,"062 Burglary - non-residential (commercial break-ins), attempted",-,-,Alice Springs,,3
4/08/2026,2025,9,062 Burglary - non-residential,"062 Burglary - non-residential (commercial break-ins), attempted",-,-,Katherine,,6
4/08/2026,2025,9,062 Burglary - non-residential,"062 Burglary - non-residential (commercial break-ins), attempted",-,-,NT Balance,East Arnhem,1
4/08/2026,2025,9,062 Burglary - non-residential,"062 Burglary - non-residential (commercial break-ins), attempted",-,-,NT Balance,Virginia,2
4/08/2026,2025,9,062 Burglary - non-residential,"062 Burglary - non-residential (commercial break-ins), attempted",-,-,NT Balance,Unknown ,1
4/08/2026,2025,9,07 Theft,071 Motor vehicle theft and related offences,-,-,Darwin,,25
4/08/2026,2025,9,07 Theft,071 Motor vehicle theft and related offences,-,-,Palmerston,,12
4/08/2026,2025,9,07 Theft,071 Motor vehicle theft and related offences,-,-,Alice Springs,,11
4/08/2026,2025,9,07 Theft,071 Motor vehicle theft and related offences,-,-,Katherine,,4
4/08/2026,2025,9,07 Theft,071 Motor vehicle theft and related offences,-,-,Tennant Creek,,2
4/08/2026,2025,9,07 Theft,071 Motor vehicle theft and related offences,-,-,NT Balance,Alligator,3
4/08/2026,2025,9,07 Theft,071 Motor vehicle theft and related offences,-,-,NT Balance,Anindilyakwa,1
4/08/2026,2025,9,07 Theft,071 Motor vehicle theft and related offences,-,-,NT Balance,Humpty Doo,1
4/08/2026,2025,9,07 Theft,071 Motor vehicle theft and related offences,-,-,NT Balance,Thamarrurr,2
4/08/2026,2025,9,07 Theft,071 Motor vehicle theft and related offences,-,-,NT Balance,Virginia,3
4/08/2026,2025,9,07 Theft,071 Motor vehicle theft and related offences,-,-,NT Balance,West Arnhem,1
4/08/2026,2025,9,07 Theft,07* Other theft,-,-,Darwin,,225
4/08/2026,2025,9,07 Theft,07* Other theft,-,-,Palmerston,,71
4/08/2026,2025,9,07 Theft,07* Other theft,-,-,Alice Springs,,93
4/08/2026,2025,9,07 Theft,07* Other theft,-,-,Katherine,,13
4/08/2026,2025,9,07 Theft,07* Other theft,-,-,Tennant Creek,,23
4/08/2026,2025,9,07 Theft,07* Other theft,-,-,Nhulunbuy,,2
4/08/2026,2025,9,07 Theft,07* Other theft,-,-,NT Balance,Alligator,4
4/08/2026,2025,9,07 Theft,07* Other theft,-,-,NT Balance,Anindilyakwa,3
4/08/2026,2025,9,07 Theft,07* Other theft,-,-,NT Balance,Barkly,10
4/08/2026,2025,9,07 Theft,07* Other theft,-,-,NT Balance,Daly,8
4/08/2026,2025,9,07 Theft,07* Other theft,-,-,NT Balance,East Arnhem,10
4/08/2026,2025,9,07 Theft,07* Other theft,-,-,NT Balance,Elsey,2
4/08/2026,2025,9,07 Theft,07* Other theft,-,-,NT Balance,Gulf,8
4/08/2026,2025,9,07 Theft,07* Other theft,-,-,NT Balance,Howard Springs,6
4/08/2026,2025,9,07 Theft,07* Other theft,-,-,NT Balance,Humpty Doo,4
4/08/2026,2025,9,07 Theft,07* Other theft,-,-,NT Balance,Petermann - Simpson,2
4/08/2026,2025,9,07 Theft,07* Other theft,-,-,NT Balance,Tanami,3
4/08/2026,2025,9,07 Theft,07* Other theft,-,-,NT Balance,Thamarrurr,5
4/08/2026,2025,9,07 Theft,07* Other theft,-,-,NT Balance,Tiwi Islands,1
4/08/2026,2025,9,07 Theft,07* Other theft,-,-,NT Balance,Victoria River,3
4/08/2026,2025,9,07 Theft,07* Other theft,-,-,NT Balance,Virginia,9
4/08/2026,2025,9,07 Theft,07* Other theft,-,-,NT Balance,Weddell,5
4/08/2026,2025,9,07 Theft,07* Other theft,-,-,NT Balance,West Arnhem,13
4/08/2026,2025,9,07 Theft,07* Other theft,-,-,NT Balance,Yuendumu - Anmatjere,2
4/08/2026,2025,9,07 Theft,07* Other theft,-,-,NT Balance,Unknown ,12
4/08/2026,2025,9,11 Property damage offences,11 Property damage offences,-,-,Darwin,,161
4/08/2026,2025,9,11 Property damage offences,11 Property damage offences,-,-,Palmerston,,59
4/08/2026,2025,9,11 Property damage offences,11 Property damage offences,-,-,Alice Springs,,153
4/08/2026,2025,9,11 Property damage offences,11 Property damage offences,-,-,Katherine,,58
4/08/2026,2025,9,11 Property damage offences,11 Property damage offences,-,-,Tennant Creek,,56
4/08/2026,2025,9,11 Property damage offences,11 Property damage offences,-,-,Nhulunbuy,,4
4/08/2026,2025,9,11 Property damage offences,11 Property damage offences,-,-,NT Balance,Alligator,5
4/08/2026,2025,9,11 Property damage offences,11 Property damage offences,-,-,NT Balance,Anindilyakwa,4
4/08/2026,2025,9,11 Property damage offences,11 Property damage offences,-,-,NT Balance,Barkly,10
4/08/2026,2025,9,11 Property damage offences,11 Property damage offences,-,-,NT Balance,Daly,3
4/08/2026,2025,9,11 Property damage offences,11 Property damage offences,-,-,NT Balance,East Arnhem,19
4/08/2026,2025,9,11 Property damage offences,11 Property damage offences,-,-,NT Balance,Elsey,1
4/08/2026,2025,9,11 Property damage offences,11 Property damage offences,-,-,NT Balance,Gulf,8
4/08/2026,2025,9,11 Property damage offences,11 Property damage offences,-,-,NT Balance,Howard Springs,10
4/08/2026,2025,9,11 Property damage offences,11 Property damage offences,-,-,NT Balance,Humpty Doo,3
4/08/2026,2025,9,11 Property damage offences,11 Property damage offences,-,-,NT Balance,Petermann - Simpson,2
4/08/2026,2025,9,11 Property damage offences,11 Property damage offences,-,-,NT Balance,Sandover - Plenty,6
4/08/2026,2025,9,11 Property damage offences,11 Property damage offences,-,-,NT Balance,Tanami,3
4/08/2026,2025,9,11 Property damage offences,11 Property damage offences,-,-,NT Balance,Thamarrurr,6
4/08/2026,2025,9,11 Property damage offences,11 Property damage offences,-,-,NT Balance,Tiwi Islands,3
4/08/2026,2025,9,11 Property damage offences,11 Property damage offences,-,-,NT Balance,Victoria River,5
4/08/2026,2025,9,11 Property damage offences,11 Property damage offences,-,-,NT Balance,Virginia,6
4/08/2026,2025,9,11 Property damage offences,11 Property damage offences,-,-,NT Balance,Weddell,1
4/08/2026,2025,9,11 Property damage offences,11 Property damage offences,-,-,NT Balance,West Arnhem,8
4/08/2026,2025,9,11 Property damage offences,11 Property damage offences,-,-,NT Balance,Yuendumu - Anmatjere,5
4/08/2026,2025,9,11 Property damage offences,11 Property damage offences,-,-,NT Balance,Unknown ,13
4/08/2026,2025,10,01 Homicide,0132 Driving causing death,-,-,NT Balance,Petermann - Simpson,1
4/08/2026,2025,10,01 Homicide,0132 Driving causing death,-,-,NT Balance,Weddell,2
4/08/2026,2025,10,02 Assault,021 Serious Assault,No,No,Darwin,,30
4/08/2026,2025,10,02 Assault,021 Serious Assault,No,No,Palmerston,,12
4/08/2026,2025,10,02 Assault,021 Serious Assault,No,No,Alice Springs,,20
4/08/2026,2025,10,02 Assault,021 Serious Assault,No,No,Katherine,,9
4/08/2026,2025,10,02 Assault,021 Serious Assault,No,No,Tennant Creek,,3
4/08/2026,2025,10,02 Assault,021 Serious Assault,No,No,Nhulunbuy,,1
4/08/2026,2025,10,02 Assault,021 Serious Assault,No,No,NT Balance,Alligator,2
4/08/2026,2025,10,02 Assault,021 Serious Assault,No,No,NT Balance,Anindilyakwa,2
4/08/2026,2025,10,02 Assault,021 Serious Assault,No,No,NT Balance,Barkly,1
4/08/2026,2025,10,02 Assault,021 Serious Assault,No,No,NT Balance,Daly,3
4/08/2026,2025,10,02 Assault,021 Serious Assault,No,No,NT Balance,East Arnhem,1
4/08/2026,2025,10,02 Assault,021 Serious Assault,No,No,NT Balance,Elsey,2
4/08/2026,2025,10,02 Assault,021 Serious Assault,No,No,NT Balance,Gulf,6
4/08/2026,2025,10,02 Assault,021 Serious Assault,No,No,NT Balance,Howard Springs,21
4/08/2026,2025,10,02 Assault,021 Serious Assault,No,No,NT Balance,Humpty Doo,2
4/08/2026,2025,10,02 Assault,021 Serious Assault,No,No,NT Balance,Sandover - Plenty,2
4/08/2026,2025,10,02 Assault,021 Serious Assault,No,No,NT Balance,Tanami,2
4/08/2026,2025,10,02 Assault,021 Serious Assault,No,No,NT Balance,Thamarrurr,7
4/08/2026,2025,10,02 Assault,021 Serious Assault,No,No,NT Balance,Tiwi Islands,2
4/08/2026,2025,10,02 Assault,021 Serious Assault,No,No,NT Balance,Virginia,1
4/08/2026,2025,10,02 Assault,021 Serious Assault,No,No,NT Balance,West Arnhem,3
4/08/2026,2025,10,02 Assault,021 Serious Assault,No,No,NT Balance,Unknown ,3
4/08/2026,2025,10,02 Assault,021 Serious Assault,No,Yes,Darwin,,37
4/08/2026,2025,10,02 Assault,021 Serious Assault,No,Yes,Palmerston,,32
4/08/2026,2025,10,02 Assault,021 Serious Assault,No,Yes,Alice Springs,,45
4/08/2026,2025,10,02 Assault,021 Serious Assault,No,Yes,Katherine,,24
4/08/2026,2025,10,02 Assault,021 Serious Assault,No,Yes,Tennant Creek,,10
4/08/2026,2025,10,02 Assault,021 Serious Assault,No,Yes,Nhulunbuy,,2
4/08/2026,2025,10,02 Assault,021 Serious Assault,No,Yes,NT Balance,Alligator,3
4/08/2026,2025,10,02 Assault,021 Serious Assault,No,Yes,NT Balance,Anindilyakwa,7
4/08/2026,2025,10,02 Assault,021 Serious Assault,No,Yes,NT Balance,Barkly,3
4/08/2026,2025,10,02 Assault,021 Serious Assault,No,Yes,NT Balance,Daly,2
4/08/2026,2025,10,02 Assault,021 Serious Assault,No,Yes,NT Balance,East Arnhem,21
4/08/2026,2025,10,02 Assault,021 Serious Assault,No,Yes,NT Balance,Elsey,12
4/08/2026,2025,10,02 Assault,021 Serious Assault,No,Yes,NT Balance,Gulf,12
4/08/2026,2025,10,02 Assault,021 Serious Assault,No,Yes,NT Balance,Howard Springs,2
4/08/2026,2025,10,02 Assault,021 Serious Assault,No,Yes,NT Balance,Humpty Doo,3
4/08/2026,2025,10,02 Assault,021 Serious Assault,No,Yes,NT Balance,Petermann - Simpson,2
4/08/2026,2025,10,02 Assault,021 Serious Assault,No,Yes,NT Balance,Sandover - Plenty,11
4/08/2026,2025,10,02 Assault,021 Serious Assault,No,Yes,NT Balance,Tanami,9
4/08/2026,2025,10,02 Assault,021 Serious Assault,No,Yes,NT Balance,Thamarrurr,21
4/08/2026,2025,10,02 Assault,021 Serious Assault,No,Yes,NT Balance,Tiwi Islands,13
4/08/2026,2025,10,02 Assault,021 Serious Assault,No,Yes,NT Balance,Victoria River,10
4/08/2026,2025,10,02 Assault,021 Serious Assault,No,Yes,NT Balance,Weddell,1
4/08/2026,2025,10,02 Assault,021 Serious Assault,No,Yes,NT Balance,West Arnhem,13
4/08/2026,2025,10,02 Assault,021 Serious Assault,No,Yes,NT Balance,Yuendumu - Anmatjere,6
4/08/2026,2025,10,02 Assault,021 Serious Assault,Yes,No,Darwin,,20
4/08/2026,2025,10,02 Assault,021 Serious Assault,Yes,No,Palmerston,,9
4/08/2026,2025,10,02 Assault,021 Serious Assault,Yes,No,Alice Springs,,7
4/08/2026,2025,10,02 Assault,021 Serious Assault,Yes,No,Katherine,,7
4/08/2026,2025,10,02 Assault,021 Serious Assault,Yes,No,Tennant Creek,,3
4/08/2026,2025,10,02 Assault,021 Serious Assault,Yes,No,Nhulunbuy,,1
4/08/2026,2025,10,02 Assault,021 Serious Assault,Yes,No,NT Balance,Alligator,2
4/08/2026,2025,10,02 Assault,021 Serious Assault,Yes,No,NT Balance,Anindilyakwa,1
4/08/2026,2025,10,02 Assault,021 Serious Assault,Yes,No,NT Balance,Barkly,2
4/08/2026,2025,10,02 Assault,021 Serious Assault,Yes,No,NT Balance,Elsey,1
4/08/2026,2025,10,02 Assault,021 Serious Assault,Yes,No,NT Balance,Sandover - Plenty,1
4/08/2026,2025,10,02 Assault,021 Serious Assault,Yes,No,NT Balance,Thamarrurr,2
4/08/2026,2025,10,02 Assault,021 Serious Assault,Yes,No,NT Balance,West Arnhem,1
4/08/2026,2025,10,02 Assault,021 Serious Assault,Yes,No,NT Balance,Yuendumu - Anmatjere,2
4/08/2026,2025,10,02 Assault,021 Serious Assault,Yes,No,NT Balance,Unknown ,2
4/08/2026,2025,10,02 Assault,021 Serious Assault,Yes,Yes,Darwin,,48
4/08/2026,2025,10,02 Assault,021 Serious Assault,Yes,Yes,Palmerston,,41
4/08/2026,2025,10,02 Assault,021 Serious Assault,Yes,Yes,Alice Springs,,63
4/08/2026,2025,10,02 Assault,021 Serious Assault,Yes,Yes,Katherine,,49
4/08/2026,2025,10,02 Assault,021 Serious Assault,Yes,Yes,Tennant Creek,,22
4/08/2026,2025,10,02 Assault,021 Serious Assault,Yes,Yes,Nhulunbuy,,4
4/08/2026,2025,10,02 Assault,021 Serious Assault,Yes,Yes,NT Balance,Alligator,1
4/08/2026,2025,10,02 Assault,021 Serious Assault,Yes,Yes,NT Balance,Barkly,2
4/08/2026,2025,10,02 Assault,021 Serious Assault,Yes,Yes,NT Balance,Daly,2
4/08/2026,2025,10,02 Assault,021 Serious Assault,Yes,Yes,NT Balance,East Arnhem,3
4/08/2026,2025,10,02 Assault,021 Serious Assault,Yes,Yes,NT Balance,Elsey,7
4/08/2026,2025,10,02 Assault,021 Serious Assault,Yes,Yes,NT Balance,Gulf,8
4/08/2026,2025,10,02 Assault,021 Serious Assault,Yes,Yes,NT Balance,Humpty Doo,1
4/08/2026,2025,10,02 Assault,021 Serious Assault,Yes,Yes,NT Balance,Petermann - Simpson,1
4/08/2026,2025,10,02 Assault,021 Serious Assault,Yes,Yes,NT Balance,Sandover - Plenty,3
4/08/2026,2025,10,02 Assault,021 Serious Assault,Yes,Yes,NT Balance,Tanami,4
4/08/2026,2025,10,02 Assault,021 Serious Assault,Yes,Yes,NT Balance,Thamarrurr,11
4/08/2026,2025,10,02 Assault,021 Serious Assault,Yes,Yes,NT Balance,Tiwi Islands,1
4/08/2026,2025,10,02 Assault,021 Serious Assault,Yes,Yes,NT Balance,Victoria River,1
4/08/2026,2025,10,02 Assault,021 Serious Assault,Yes,Yes,NT Balance,Virginia,1
4/08/2026,2025,10,02 Assault,021 Serious Assault,Yes,Yes,NT Balance,Weddell,1
4/08/2026,2025,10,02 Assault,021 Serious Assault,Yes,Yes,NT Balance,West Arnhem,5
4/08/2026,2025,10,02 Assault,021 Serious Assault,Yes,Yes,NT Balance,Yuendumu - Anmatjere,4
4/08/2026,2025,10,02 Assault,021 Serious Assault,Yes,Yes,NT Balance,Unknown ,5
4/08/2026,2025,10,02 Assault,022 Assault of a prescribed officer,No,No,Darwin,,3
4/08/2026,2025,10,02 Assault,022 Assault of a prescribed officer,No,No,Alice Springs,,3
4/08/2026,2025,10,02 Assault,022 Assault of a prescribed officer,No,No,Katherine,,1
4/08/2026,2025,10,02 Assault,022 Assault of a prescribed officer,No,No,NT Balance,Howard Springs,1
4/08/2026,2025,10,02 Assault,022 Assault of a prescribed officer,No,No,NT Balance,Thamarrurr,1
4/08/2026,2025,10,02 Assault,022 Assault of a prescribed officer,No,Yes,NT Balance,Thamarrurr,2
4/08/2026,2025,10,02 Assault,022 Assault of a prescribed officer,Yes,No,Darwin,,3
4/08/2026,2025,10,02 Assault,022 Assault of a prescribed officer,Yes,No,Alice Springs,,5
4/08/2026,2025,10,02 Assault,022 Assault of a prescribed officer,Yes,No,Tennant Creek,,1
4/08/2026,2025,10,02 Assault,022 Assault of a prescribed officer,Yes,No,NT Balance,Thamarrurr,1
4/08/2026,2025,10,02 Assault,022 Assault of a prescribed officer,Yes,Yes,Palmerston,,1
4/08/2026,2025,10,02 Assault,022 Assault of a prescribed officer,Yes,Yes,Alice Springs,,1
4/08/2026,2025,10,02 Assault,022 Assault of a prescribed officer,Yes,Yes,Katherine,,1
4/08/2026,2025,10,02 Assault,022 Assault of a prescribed officer,Yes,Yes,NT Balance,Thamarrurr,1
4/08/2026,2025,10,02 Assault,023 Common Assault,No,No,Darwin,,23
4/08/2026,2025,10,02 Assault,023 Common Assault,No,No,Palmerston,,3
4/08/2026,2025,10,02 Assault,023 Common Assault,No,No,Alice Springs,,9
4/08/2026,2025,10,02 Assault,023 Common Assault,No,No,Katherine,,1
4/08/2026,2025,10,02 Assault,023 Common Assault,No,No,Tennant Creek,,1
4/08/2026,2025,10,02 Assault,023 Common Assault,No,No,Nhulunbuy,,1
4/08/2026,2025,10,02 Assault,023 Common Assault,No,No,NT Balance,Alligator,1
4/08/2026,2025,10,02 Assault,023 Common Assault,No,No,NT Balance,Daly,3
4/08/2026,2025,10,02 Assault,023 Common Assault,No,No,NT Balance,East Arnhem,4
4/08/2026,2025,10,02 Assault,023 Common Assault,No,No,NT Balance,Gulf,1
4/08/2026,2025,10,02 Assault,023 Common Assault,No,No,NT Balance,Howard Springs,21
4/08/2026,2025,10,02 Assault,023 Common Assault,No,No,NT Balance,Humpty Doo,1
4/08/2026,2025,10,02 Assault,023 Common Assault,No,No,NT Balance,Petermann - Simpson,1
4/08/2026,2025,10,02 Assault,023 Common Assault,No,No,NT Balance,Sandover - Plenty,6
4/08/2026,2025,10,02 Assault,023 Common Assault,No,No,NT Balance,Tanami,1
4/08/2026,2025,10,02 Assault,023 Common Assault,No,No,NT Balance,Thamarrurr,1
4/08/2026,2025,10,02 Assault,023 Common Assault,No,No,NT Balance,Tiwi Islands,1
4/08/2026,2025,10,02 Assault,023 Common Assault,No,No,NT Balance,Victoria River,2
4/08/2026,2025,10,02 Assault,023 Common Assault,No,No,NT Balance,West Arnhem,2
4/08/2026,2025,10,02 Assault,023 Common Assault,No,No,NT Balance,Yuendumu - Anmatjere,1
4/08/2026,2025,10,02 Assault,023 Common Assault,No,No,NT Balance,Unknown ,1
4/08/2026,2025,10,02 Assault,023 Common Assault,No,Yes,Darwin,,2
4/08/2026,2025,10,02 Assault,023 Common Assault,No,Yes,Palmerston,,1
4/08/2026,2025,10,02 Assault,023 Common Assault,No,Yes,Alice Springs,,6
4/08/2026,2025,10,02 Assault,023 Common Assault,No,Yes,Katherine,,4
4/08/2026,2025,10,02 Assault,023 Common Assault,No,Yes,NT Balance,Daly,1
4/08/2026,2025,10,02 Assault,023 Common Assault,No,Yes,NT Balance,East Arnhem,4
4/08/2026,2025,10,02 Assault,023 Common Assault,No,Yes,NT Balance,Gulf,1
4/08/2026,2025,10,02 Assault,023 Common Assault,No,Yes,NT Balance,Humpty Doo,1
4/08/2026,2025,10,02 Assault,023 Common Assault,No,Yes,NT Balance,Thamarrurr,1
4/08/2026,2025,10,02 Assault,023 Common Assault,No,Yes,NT Balance,Tiwi Islands,3
4/08/2026,2025,10,02 Assault,023 Common Assault,No,Yes,NT Balance,West Arnhem,2
4/08/2026,2025,10,02 Assault,023 Common Assault,Yes,No,Darwin,,9
4/08/2026,2025,10,02 Assault,023 Common Assault,Yes,No,Palmerston,,2
4/08/2026,2025,10,02 Assault,023 Common Assault,Yes,No,Alice Springs,,7
4/08/2026,2025,10,02 Assault,023 Common Assault,Yes,No,Katherine,,3
4/08/2026,2025,10,02 Assault,023 Common Assault,Yes,No,Nhulunbuy,,1
4/08/2026,2025,10,02 Assault,023 Common Assault,Yes,Yes,Darwin,,8
4/08/2026,2025,10,02 Assault,023 Common Assault,Yes,Yes,Palmerston,,5
4/08/2026,2025,10,02 Assault,023 Common Assault,Yes,Yes,Alice Springs,,6
4/08/2026,2025,10,02 Assault,023 Common Assault,Yes,Yes,Katherine,,3
4/08/2026,2025,10,02 Assault,023 Common Assault,Yes,Yes,Tennant Creek,,3
4/08/2026,2025,10,02 Assault,023 Common Assault,Yes,Yes,Nhulunbuy,,1
4/08/2026,2025,10,02 Assault,023 Common Assault,Yes,Yes,NT Balance,Alligator,1
4/08/2026,2025,10,02 Assault,023 Common Assault,Yes,Yes,NT Balance,East Arnhem,1
4/08/2026,2025,10,02 Assault,023 Common Assault,Yes,Yes,NT Balance,Elsey,1
4/08/2026,2025,10,02 Assault,023 Common Assault,Yes,Yes,NT Balance,Sandover - Plenty,1
4/08/2026,2025,10,02 Assault,023 Common Assault,Yes,Yes,NT Balance,Tiwi Islands,1
4/08/2026,2025,10,02 Assault,023 Common Assault,Yes,Yes,NT Balance,Weddell,1
4/08/2026,2025,10,02 Assault,023 Common Assault,Yes,Yes,NT Balance,Yuendumu - Anmatjere,1
4/08/2026,2025,10,03 Sexual offences,031 Sexual assault of an adult,-,-,Darwin,,13
4/08/2026,2025,10,03 Sexual offences,031 Sexual assault of an adult,-,-,Palmerston,,3
4/08/2026,2025,10,03 Sexual offences,031 Sexual assault of an adult,-,-,Alice Springs,,4
4/08/2026,2025,10,03 Sexual offences,031 Sexual assault of an adult,-,-,Katherine,,4
4/08/2026,2025,10,03 Sexual offences,031 Sexual assault of an adult,-,-,NT Balance,East Arnhem,1
4/08/2026,2025,10,03 Sexual offences,031 Sexual assault of an adult,-,-,NT Balance,Gulf,1
4/08/2026,2025,10,03 Sexual offences,031 Sexual assault of an adult,-,-,NT Balance,Howard Springs,2
4/08/2026,2025,10,03 Sexual offences,031 Sexual assault of an adult,-,-,NT Balance,Sandover - Plenty,1
4/08/2026,2025,10,03 Sexual offences,031 Sexual assault of an adult,-,-,NT Balance,Virginia,1
4/08/2026,2025,10,03 Sexual offences,031 Sexual assault of an adult,-,-,NT Balance,Unknown ,1
4/08/2026,2025,10,03 Sexual offences,032 Sexual assault of a child,-,-,Darwin,,2
4/08/2026,2025,10,03 Sexual offences,032 Sexual assault of a child,-,-,Palmerston,,1
4/08/2026,2025,10,03 Sexual offences,032 Sexual assault of a child,-,-,Katherine,,2
4/08/2026,2025,10,03 Sexual offences,032 Sexual assault of a child,-,-,NT Balance,Sandover - Plenty,1
4/08/2026,2025,10,03 Sexual offences,032 Sexual assault of a child,-,-,NT Balance,Tanami,1
4/08/2026,2025,10,03 Sexual offences,032 Sexual assault of a child,-,-,NT Balance,West Arnhem,2
4/08/2026,2025,10,03 Sexual offences,"033, 034 Other child-related sexual offences",-,-,Darwin,,1
4/08/2026,2025,10,03 Sexual offences,"033, 034 Other child-related sexual offences",-,-,Alice Springs,,1
4/08/2026,2025,10,03 Sexual offences,"033, 034 Other child-related sexual offences",-,-,Katherine,,2
4/08/2026,2025,10,03 Sexual offences,"033, 034 Other child-related sexual offences",-,-,NT Balance,Unknown ,1
4/08/2026,2025,10,03 Sexual offences,"035, 039 Other sexual offences",-,-,Darwin,,1
4/08/2026,2025,10,03 Sexual offences,"035, 039 Other sexual offences",-,-,Palmerston,,1
4/08/2026,2025,10,03 Sexual offences,"035, 039 Other sexual offences",-,-,Alice Springs,,2
4/08/2026,2025,10,03 Sexual offences,"035, 039 Other sexual offences",-,-,Katherine,,2
4/08/2026,2025,10,03 Sexual offences,"035, 039 Other sexual offences",-,-,NT Balance,Thamarrurr,1
4/08/2026,2025,10,04 Harm or endanger persons,"041, 042, 043 Human trafficking, abduction, deprivation of liberty",-,-,Darwin,,1
4/08/2026,2025,10,04 Harm or endanger persons,"041, 042, 043 Human trafficking, abduction, deprivation of liberty",-,-,Alice Springs,,3
4/08/2026,2025,10,04 Harm or endanger persons,"041, 042, 043 Human trafficking, abduction, deprivation of liberty",-,-,Katherine,,2
4/08/2026,2025,10,04 Harm or endanger persons,"041, 042, 043 Human trafficking, abduction, deprivation of liberty",-,-,NT Balance,Tiwi Islands,1
4/08/2026,2025,10,04 Harm or endanger persons,"044 Acts that threaten, harass or control",-,-,Darwin,,18
4/08/2026,2025,10,04 Harm or endanger persons,"044 Acts that threaten, harass or control",-,-,Palmerston,,7
4/08/2026,2025,10,04 Harm or endanger persons,"044 Acts that threaten, harass or control",-,-,Alice Springs,,12
4/08/2026,2025,10,04 Harm or endanger persons,"044 Acts that threaten, harass or control",-,-,Katherine,,4
4/08/2026,2025,10,04 Harm or endanger persons,"044 Acts that threaten, harass or control",-,-,Tennant Creek,,1
4/08/2026,2025,10,04 Harm or endanger persons,"044 Acts that threaten, harass or control",-,-,Nhulunbuy,,1
4/08/2026,2025,10,04 Harm or endanger persons,"044 Acts that threaten, harass or control",-,-,NT Balance,East Arnhem,2
4/08/2026,2025,10,04 Harm or endanger persons,"044 Acts that threaten, harass or control",-,-,NT Balance,Elsey,1
4/08/2026,2025,10,04 Harm or endanger persons,"044 Acts that threaten, harass or control",-,-,NT Balance,Gulf,2
4/08/2026,2025,10,04 Harm or endanger persons,"044 Acts that threaten, harass or control",-,-,NT Balance,Howard Springs,11
4/08/2026,2025,10,04 Harm or endanger persons,"044 Acts that threaten, harass or control",-,-,NT Balance,Petermann - Simpson,1
4/08/2026,2025,10,04 Harm or endanger persons,"044 Acts that threaten, harass or control",-,-,NT Balance,Sandover - Plenty,3
4/08/2026,2025,10,04 Harm or endanger persons,"044 Acts that threaten, harass or control",-,-,NT Balance,Thamarrurr,1
4/08/2026,2025,10,04 Harm or endanger persons,"044 Acts that threaten, harass or control",-,-,NT Balance,Tiwi Islands,1
4/08/2026,2025,10,04 Harm or endanger persons,"044 Acts that threaten, harass or control",-,-,NT Balance,Victoria River,1
4/08/2026,2025,10,04 Harm or endanger persons,"044 Acts that threaten, harass or control",-,-,NT Balance,West Arnhem,3
4/08/2026,2025,10,04 Harm or endanger persons,"044 Acts that threaten, harass or control",-,-,NT Balance,Yuendumu - Anmatjere,2
4/08/2026,2025,10,04 Harm or endanger persons,"044 Acts that threaten, harass or control",-,-,NT Balance,Unknown ,3
4/08/2026,2025,10,04 Harm or endanger persons,045 Driving causing serious injury,-,-,Darwin,,2
4/08/2026,2025,10,04 Harm or endanger persons,049 Other acts that harm or endanger persons,-,-,Darwin,,7
4/08/2026,2025,10,04 Harm or endanger persons,049 Other acts that harm or endanger persons,-,-,Alice Springs,,6
4/08/2026,2025,10,04 Harm or endanger persons,049 Other acts that harm or endanger persons,-,-,Katherine,,2
4/08/2026,2025,10,04 Harm or endanger persons,049 Other acts that harm or endanger persons,-,-,Tennant Creek,,1
4/08/2026,2025,10,04 Harm or endanger persons,049 Other acts that harm or endanger persons,-,-,NT Balance,East Arnhem,1
4/08/2026,2025,10,04 Harm or endanger persons,049 Other acts that harm or endanger persons,-,-,NT Balance,Gulf,1
4/08/2026,2025,10,04 Harm or endanger persons,049 Other acts that harm or endanger persons,-,-,NT Balance,Sandover - Plenty,1
4/08/2026,2025,10,04 Harm or endanger persons,049 Other acts that harm or endanger persons,-,-,NT Balance,Thamarrurr,1
4/08/2026,2025,10,04 Harm or endanger persons,049 Other acts that harm or endanger persons,-,-,NT Balance,Weddell,1
4/08/2026,2025,10,04 Harm or endanger persons,049 Other acts that harm or endanger persons,-,-,NT Balance,West Arnhem,1
4/08/2026,2025,10,04 Harm or endanger persons,049 Other acts that harm or endanger persons,-,-,NT Balance,Yuendumu - Anmatjere,1
4/08/2026,2025,10,"05 Robbery, blackmail, and extortion",051 Robbery,-,-,Darwin,,13
4/08/2026,2025,10,"05 Robbery, blackmail, and extortion",051 Robbery,-,-,Palmerston,,1
4/08/2026,2025,10,"05 Robbery, blackmail, and extortion",051 Robbery,-,-,Alice Springs,,4
4/08/2026,2025,10,"05 Robbery, blackmail, and extortion",051 Robbery,-,-,Katherine,,2
4/08/2026,2025,10,"05 Robbery, blackmail, and extortion",051 Robbery,-,-,Tennant Creek,,4
4/08/2026,2025,10,"05 Robbery, blackmail, and extortion",051 Robbery,-,-,NT Balance,Sandover - Plenty,1
4/08/2026,2025,10,"05 Robbery, blackmail, and extortion",051 Robbery,-,-,NT Balance,Thamarrurr,2
4/08/2026,2025,10,061 Burglary - dwelling,"061 Burglary - dwelling (house break-ins), actual",-,-,Darwin,,9
4/08/2026,2025,10,061 Burglary - dwelling,"061 Burglary - dwelling (house break-ins), actual",-,-,Palmerston,,11
4/08/2026,2025,10,061 Burglary - dwelling,"061 Burglary - dwelling (house break-ins), actual",-,-,Alice Springs,,34
4/08/2026,2025,10,061 Burglary - dwelling,"061 Burglary - dwelling (house break-ins), actual",-,-,Katherine,,13
4/08/2026,2025,10,061 Burglary - dwelling,"061 Burglary - dwelling (house break-ins), actual",-,-,Tennant Creek,,14
4/08/2026,2025,10,061 Burglary - dwelling,"061 Burglary - dwelling (house break-ins), actual",-,-,Nhulunbuy,,6
4/08/2026,2025,10,061 Burglary - dwelling,"061 Burglary - dwelling (house break-ins), actual",-,-,NT Balance,Alligator,1
4/08/2026,2025,10,061 Burglary - dwelling,"061 Burglary - dwelling (house break-ins), actual",-,-,NT Balance,Barkly,3
4/08/2026,2025,10,061 Burglary - dwelling,"061 Burglary - dwelling (house break-ins), actual",-,-,NT Balance,Daly,4
4/08/2026,2025,10,061 Burglary - dwelling,"061 Burglary - dwelling (house break-ins), actual",-,-,NT Balance,East Arnhem,2
4/08/2026,2025,10,061 Burglary - dwelling,"061 Burglary - dwelling (house break-ins), actual",-,-,NT Balance,Elsey,2
4/08/2026,2025,10,061 Burglary - dwelling,"061 Burglary - dwelling (house break-ins), actual",-,-,NT Balance,Gulf,2
4/08/2026,2025,10,061 Burglary - dwelling,"061 Burglary - dwelling (house break-ins), actual",-,-,NT Balance,Humpty Doo,1
4/08/2026,2025,10,061 Burglary - dwelling,"061 Burglary - dwelling (house break-ins), actual",-,-,NT Balance,Petermann - Simpson,1
4/08/2026,2025,10,061 Burglary - dwelling,"061 Burglary - dwelling (house break-ins), actual",-,-,NT Balance,Sandover - Plenty,1
4/08/2026,2025,10,061 Burglary - dwelling,"061 Burglary - dwelling (house break-ins), actual",-,-,NT Balance,Tanami,2
4/08/2026,2025,10,061 Burglary - dwelling,"061 Burglary - dwelling (house break-ins), actual",-,-,NT Balance,Thamarrurr,6
4/08/2026,2025,10,061 Burglary - dwelling,"061 Burglary - dwelling (house break-ins), actual",-,-,NT Balance,Virginia,1
4/08/2026,2025,10,061 Burglary - dwelling,"061 Burglary - dwelling (house break-ins), actual",-,-,NT Balance,West Arnhem,6
4/08/2026,2025,10,061 Burglary - dwelling,"061 Burglary - dwelling (house break-ins), actual",-,-,NT Balance,Yuendumu - Anmatjere,2
4/08/2026,2025,10,061 Burglary - dwelling,"061 Burglary - dweling (house break-ins), attempted",-,-,Darwin,,6
4/08/2026,2025,10,061 Burglary - dwelling,"061 Burglary - dweling (house break-ins), attempted",-,-,Palmerston,,3
4/08/2026,2025,10,061 Burglary - dwelling,"061 Burglary - dweling (house break-ins), attempted",-,-,Alice Springs,,10
4/08/2026,2025,10,061 Burglary - dwelling,"061 Burglary - dweling (house break-ins), attempted",-,-,Katherine,,2
4/08/2026,2025,10,061 Burglary - dwelling,"061 Burglary - dweling (house break-ins), attempted",-,-,Tennant Creek,,3
4/08/2026,2025,10,061 Burglary - dwelling,"061 Burglary - dweling (house break-ins), attempted",-,-,NT Balance,Alligator,1
4/08/2026,2025,10,061 Burglary - dwelling,"061 Burglary - dweling (house break-ins), attempted",-,-,NT Balance,Elsey,1
4/08/2026,2025,10,061 Burglary - dwelling,"061 Burglary - dweling (house break-ins), attempted",-,-,NT Balance,Sandover - Plenty,1
4/08/2026,2025,10,061 Burglary - dwelling,"061 Burglary - dweling (house break-ins), attempted",-,-,NT Balance,Thamarrurr,1
4/08/2026,2025,10,061 Burglary - dwelling,"061 Burglary - dweling (house break-ins), attempted",-,-,NT Balance,Victoria River,1
4/08/2026,2025,10,061 Burglary - dwelling,"061 Burglary - dweling (house break-ins), attempted",-,-,NT Balance,Virginia,1
4/08/2026,2025,10,061 Burglary - dwelling,"061 Burglary - dweling (house break-ins), attempted",-,-,NT Balance,West Arnhem,2
4/08/2026,2025,10,061 Burglary - dwelling,"061 Burglary - dweling (house break-ins), attempted",-,-,NT Balance,Yuendumu - Anmatjere,1
4/08/2026,2025,10,062 Burglary - non-residential,"062 Burglary - non-residential (commercial break-ins), actual",-,-,Darwin,,11
4/08/2026,2025,10,062 Burglary - non-residential,"062 Burglary - non-residential (commercial break-ins), actual",-,-,Palmerston,,4
4/08/2026,2025,10,062 Burglary - non-residential,"062 Burglary - non-residential (commercial break-ins), actual",-,-,Alice Springs,,11
4/08/2026,2025,10,062 Burglary - non-residential,"062 Burglary - non-residential (commercial break-ins), actual",-,-,Katherine,,9
4/08/2026,2025,10,062 Burglary - non-residential,"062 Burglary - non-residential (commercial break-ins), actual",-,-,Tennant Creek,,6
4/08/2026,2025,10,062 Burglary - non-residential,"062 Burglary - non-residential (commercial break-ins), actual",-,-,Nhulunbuy,,2
4/08/2026,2025,10,062 Burglary - non-residential,"062 Burglary - non-residential (commercial break-ins), actual",-,-,NT Balance,Alligator,2
4/08/2026,2025,10,062 Burglary - non-residential,"062 Burglary - non-residential (commercial break-ins), actual",-,-,NT Balance,Barkly,6
4/08/2026,2025,10,062 Burglary - non-residential,"062 Burglary - non-residential (commercial break-ins), actual",-,-,NT Balance,Daly,1
4/08/2026,2025,10,062 Burglary - non-residential,"062 Burglary - non-residential (commercial break-ins), actual",-,-,NT Balance,East Arnhem,7
4/08/2026,2025,10,062 Burglary - non-residential,"062 Burglary - non-residential (commercial break-ins), actual",-,-,NT Balance,Elsey,1
4/08/2026,2025,10,062 Burglary - non-residential,"062 Burglary - non-residential (commercial break-ins), actual",-,-,NT Balance,Gulf,1
4/08/2026,2025,10,062 Burglary - non-residential,"062 Burglary - non-residential (commercial break-ins), actual",-,-,NT Balance,Howard Springs,3
4/08/2026,2025,10,062 Burglary - non-residential,"062 Burglary - non-residential (commercial break-ins), actual",-,-,NT Balance,Tanami,2
4/08/2026,2025,10,062 Burglary - non-residential,"062 Burglary - non-residential (commercial break-ins), actual",-,-,NT Balance,Thamarrurr,2
4/08/2026,2025,10,062 Burglary - non-residential,"062 Burglary - non-residential (commercial break-ins), actual",-,-,NT Balance,Virginia,1
4/08/2026,2025,10,062 Burglary - non-residential,"062 Burglary - non-residential (commercial break-ins), actual",-,-,NT Balance,West Arnhem,3
4/08/2026,2025,10,062 Burglary - non-residential,"062 Burglary - non-residential (commercial break-ins), actual",-,-,NT Balance,Unknown ,2
4/08/2026,2025,10,062 Burglary - non-residential,"062 Burglary - non-residential (commercial break-ins), attempted",-,-,Darwin,,1
4/08/2026,2025,10,062 Burglary - non-residential,"062 Burglary - non-residential (commercial break-ins), attempted",-,-,Palmerston,,2
4/08/2026,2025,10,062 Burglary - non-residential,"062 Burglary - non-residential (commercial break-ins), attempted",-,-,Alice Springs,,1
4/08/2026,2025,10,062 Burglary - non-residential,"062 Burglary - non-residential (commercial break-ins), attempted",-,-,Katherine,,1
4/08/2026,2025,10,062 Burglary - non-residential,"062 Burglary - non-residential (commercial break-ins), attempted",-,-,Nhulunbuy,,1
4/08/2026,2025,10,062 Burglary - non-residential,"062 Burglary - non-residential (commercial break-ins), attempted",-,-,NT Balance,Elsey,1
4/08/2026,2025,10,062 Burglary - non-residential,"062 Burglary - non-residential (commercial break-ins), attempted",-,-,NT Balance,West Arnhem,1
4/08/2026,2025,10,062 Burglary - non-residential,"062 Burglary - non-residential (commercial break-ins), attempted",-,-,NT Balance,Unknown ,1
4/08/2026,2025,10,07 Theft,071 Motor vehicle theft and related offences,-,-,Darwin,,10
4/08/2026,2025,10,07 Theft,071 Motor vehicle theft and related offences,-,-,Palmerston,,11
4/08/2026,2025,10,07 Theft,071 Motor vehicle theft and related offences,-,-,Alice Springs,,2
4/08/2026,2025,10,07 Theft,071 Motor vehicle theft and related offences,-,-,Katherine,,1
4/08/2026,2025,10,07 Theft,071 Motor vehicle theft and related offences,-,-,Tennant Creek,,4
4/08/2026,2025,10,07 Theft,071 Motor vehicle theft and related offences,-,-,NT Balance,Elsey,1
4/08/2026,2025,10,07 Theft,071 Motor vehicle theft and related offences,-,-,NT Balance,Howard Springs,2
4/08/2026,2025,10,07 Theft,071 Motor vehicle theft and related offences,-,-,NT Balance,Humpty Doo,1
4/08/2026,2025,10,07 Theft,071 Motor vehicle theft and related offences,-,-,NT Balance,Thamarrurr,2
4/08/2026,2025,10,07 Theft,071 Motor vehicle theft and related offences,-,-,NT Balance,Virginia,1
4/08/2026,2025,10,07 Theft,07* Other theft,-,-,Darwin,,193
4/08/2026,2025,10,07 Theft,07* Other theft,-,-,Palmerston,,76
4/08/2026,2025,10,07 Theft,07* Other theft,-,-,Alice Springs,,97
4/08/2026,2025,10,07 Theft,07* Other theft,-,-,Katherine,,32
4/08/2026,2025,10,07 Theft,07* Other theft,-,-,Tennant Creek,,17
4/08/2026,2025,10,07 Theft,07* Other theft,-,-,Nhulunbuy,,10
4/08/2026,2025,10,07 Theft,07* Other theft,-,-,NT Balance,Alligator,7
4/08/2026,2025,10,07 Theft,07* Other theft,-,-,NT Balance,Anindilyakwa,1
4/08/2026,2025,10,07 Theft,07* Other theft,-,-,NT Balance,Barkly,6
4/08/2026,2025,10,07 Theft,07* Other theft,-,-,NT Balance,Daly,4
4/08/2026,2025,10,07 Theft,07* Other theft,-,-,NT Balance,East Arnhem,9
4/08/2026,2025,10,07 Theft,07* Other theft,-,-,NT Balance,Gulf,1
4/08/2026,2025,10,07 Theft,07* Other theft,-,-,NT Balance,Howard Springs,4
4/08/2026,2025,10,07 Theft,07* Other theft,-,-,NT Balance,Humpty Doo,5
4/08/2026,2025,10,07 Theft,07* Other theft,-,-,NT Balance,Petermann - Simpson,7
4/08/2026,2025,10,07 Theft,07* Other theft,-,-,NT Balance,Sandover - Plenty,2
4/08/2026,2025,10,07 Theft,07* Other theft,-,-,NT Balance,Tanami,1
4/08/2026,2025,10,07 Theft,07* Other theft,-,-,NT Balance,Thamarrurr,3
4/08/2026,2025,10,07 Theft,07* Other theft,-,-,NT Balance,Tiwi Islands,2
4/08/2026,2025,10,07 Theft,07* Other theft,-,-,NT Balance,Victoria River,2
4/08/2026,2025,10,07 Theft,07* Other theft,-,-,NT Balance,Virginia,9
4/08/2026,2025,10,07 Theft,07* Other theft,-,-,NT Balance,Weddell,6
4/08/2026,2025,10,07 Theft,07* Other theft,-,-,NT Balance,West Arnhem,8
4/08/2026,2025,10,07 Theft,07* Other theft,-,-,NT Balance,Yuendumu - Anmatjere,1
4/08/2026,2025,10,07 Theft,07* Other theft,-,-,NT Balance,Unknown ,13
4/08/2026,2025,10,07 Theft,07* Other theft,-,-,Unknown,Unknown,1
4/08/2026,2025,10,11 Property damage offences,11 Property damage offences,-,-,Darwin,,140
4/08/2026,2025,10,11 Property damage offences,11 Property damage offences,-,-,Palmerston,,91
4/08/2026,2025,10,11 Property damage offences,11 Property damage offences,-,-,Alice Springs,,187
4/08/2026,2025,10,11 Property damage offences,11 Property damage offences,-,-,Katherine,,50
4/08/2026,2025,10,11 Property damage offences,11 Property damage offences,-,-,Tennant Creek,,39
4/08/2026,2025,10,11 Property damage offences,11 Property damage offences,-,-,Nhulunbuy,,7
4/08/2026,2025,10,11 Property damage offences,11 Property damage offences,-,-,NT Balance,Alligator,12
4/08/2026,2025,10,11 Property damage offences,11 Property damage offences,-,-,NT Balance,Anindilyakwa,5
4/08/2026,2025,10,11 Property damage offences,11 Property damage offences,-,-,NT Balance,Barkly,12
4/08/2026,2025,10,11 Property damage offences,11 Property damage offences,-,-,NT Balance,Daly,4
4/08/2026,2025,10,11 Property damage offences,11 Property damage offences,-,-,NT Balance,East Arnhem,12
4/08/2026,2025,10,11 Property damage offences,11 Property damage offences,-,-,NT Balance,Elsey,2
4/08/2026,2025,10,11 Property damage offences,11 Property damage offences,-,-,NT Balance,Gulf,5
4/08/2026,2025,10,11 Property damage offences,11 Property damage offences,-,-,NT Balance,Howard Springs,15
4/08/2026,2025,10,11 Property damage offences,11 Property damage offences,-,-,NT Balance,Humpty Doo,4
4/08/2026,2025,10,11 Property damage offences,11 Property damage offences,-,-,NT Balance,Petermann - Simpson,3
4/08/2026,2025,10,11 Property damage offences,11 Property damage offences,-,-,NT Balance,Sandover - Plenty,8
4/08/2026,2025,10,11 Property damage offences,11 Property damage offences,-,-,NT Balance,Tanami,5
4/08/2026,2025,10,11 Property damage offences,11 Property damage offences,-,-,NT Balance,Thamarrurr,15
4/08/2026,2025,10,11 Property damage offences,11 Property damage offences,-,-,NT Balance,Tiwi Islands,2
4/08/2026,2025,10,11 Property damage offences,11 Property damage offences,-,-,NT Balance,Victoria River,5
4/08/2026,2025,10,11 Property damage offences,11 Property damage offences,-,-,NT Balance,Virginia,6
4/08/2026,2025,10,11 Property damage offences,11 Property damage offences,-,-,NT Balance,West Arnhem,24
4/08/2026,2025,10,11 Property damage offences,11 Property damage offences,-,-,NT Balance,Yuendumu - Anmatjere,3
4/08/2026,2025,10,11 Property damage offences,11 Property damage offences,-,-,NT Balance,Unknown ,24
4/08/2026,2025,11,01 Homicide,0110 Murder,-,-,NT Balance,Victoria River,1
4/08/2026,2025,11,02 Assault,021 Serious Assault,No,No,Darwin,,16
4/08/2026,2025,11,02 Assault,021 Serious Assault,No,No,Palmerston,,13
4/08/2026,2025,11,02 Assault,021 Serious Assault,No,No,Alice Springs,,18
4/08/2026,2025,11,02 Assault,021 Serious Assault,No,No,Katherine,,17
4/08/2026,2025,11,02 Assault,021 Serious Assault,No,No,Tennant Creek,,2
4/08/2026,2025,11,02 Assault,021 Serious Assault,No,No,NT Balance,Alligator,3
4/08/2026,2025,11,02 Assault,021 Serious Assault,No,No,NT Balance,Daly,1
4/08/2026,2025,11,02 Assault,021 Serious Assault,No,No,NT Balance,East Arnhem,7
4/08/2026,2025,11,02 Assault,021 Serious Assault,No,No,NT Balance,Elsey,2
4/08/2026,2025,11,02 Assault,021 Serious Assault,No,No,NT Balance,Gulf,4
4/08/2026,2025,11,02 Assault,021 Serious Assault,No,No,NT Balance,Howard Springs,16
4/08/2026,2025,11,02 Assault,021 Serious Assault,No,No,NT Balance,Humpty Doo,2
4/08/2026,2025,11,02 Assault,021 Serious Assault,No,No,NT Balance,Petermann - Simpson,1
4/08/2026,2025,11,02 Assault,021 Serious Assault,No,No,NT Balance,Sandover - Plenty,1
4/08/2026,2025,11,02 Assault,021 Serious Assault,No,No,NT Balance,Tanami,1
4/08/2026,2025,11,02 Assault,021 Serious Assault,No,No,NT Balance,Thamarrurr,2
4/08/2026,2025,11,02 Assault,021 Serious Assault,No,No,NT Balance,Tiwi Islands,1
4/08/2026,2025,11,02 Assault,021 Serious Assault,No,No,NT Balance,Victoria River,2
4/08/2026,2025,11,02 Assault,021 Serious Assault,No,No,NT Balance,Virginia,1
4/08/2026,2025,11,02 Assault,021 Serious Assault,No,No,NT Balance,West Arnhem,3
4/08/2026,2025,11,02 Assault,021 Serious Assault,No,No,NT Balance,Unknown ,1
4/08/2026,2025,11,02 Assault,021 Serious Assault,No,Yes,Darwin,,38
4/08/2026,2025,11,02 Assault,021 Serious Assault,No,Yes,Palmerston,,22
4/08/2026,2025,11,02 Assault,021 Serious Assault,No,Yes,Alice Springs,,52
4/08/2026,2025,11,02 Assault,021 Serious Assault,No,Yes,Katherine,,34
4/08/2026,2025,11,02 Assault,021 Serious Assault,No,Yes,Tennant Creek,,8
4/08/2026,2025,11,02 Assault,021 Serious Assault,No,Yes,Nhulunbuy,,2
4/08/2026,2025,11,02 Assault,021 Serious Assault,No,Yes,NT Balance,Alligator,1
4/08/2026,2025,11,02 Assault,021 Serious Assault,No,Yes,NT Balance,Anindilyakwa,6
4/08/2026,2025,11,02 Assault,021 Serious Assault,No,Yes,NT Balance,Barkly,3
4/08/2026,2025,11,02 Assault,021 Serious Assault,No,Yes,NT Balance,Daly,2
4/08/2026,2025,11,02 Assault,021 Serious Assault,No,Yes,NT Balance,East Arnhem,25
4/08/2026,2025,11,02 Assault,021 Serious Assault,No,Yes,NT Balance,Elsey,8
4/08/2026,2025,11,02 Assault,021 Serious Assault,No,Yes,NT Balance,Gulf,13
4/08/2026,2025,11,02 Assault,021 Serious Assault,No,Yes,NT Balance,Howard Springs,1
4/08/2026,2025,11,02 Assault,021 Serious Assault,No,Yes,NT Balance,Humpty Doo,1
4/08/2026,2025,11,02 Assault,021 Serious Assault,No,Yes,NT Balance,Petermann - Simpson,2
4/08/2026,2025,11,02 Assault,021 Serious Assault,No,Yes,NT Balance,Sandover - Plenty,8
4/08/2026,2025,11,02 Assault,021 Serious Assault,No,Yes,NT Balance,Tanami,9
4/08/2026,2025,11,02 Assault,021 Serious Assault,No,Yes,NT Balance,Thamarrurr,18
4/08/2026,2025,11,02 Assault,021 Serious Assault,No,Yes,NT Balance,Tiwi Islands,6
4/08/2026,2025,11,02 Assault,021 Serious Assault,No,Yes,NT Balance,Victoria River,3
4/08/2026,2025,11,02 Assault,021 Serious Assault,No,Yes,NT Balance,Virginia,1
4/08/2026,2025,11,02 Assault,021 Serious Assault,No,Yes,NT Balance,West Arnhem,16
4/08/2026,2025,11,02 Assault,021 Serious Assault,No,Yes,NT Balance,Yuendumu - Anmatjere,8
4/08/2026,2025,11,02 Assault,021 Serious Assault,No,Yes,NT Balance,Unknown ,2
4/08/2026,2025,11,02 Assault,021 Serious Assault,Yes,No,Darwin,,17
4/08/2026,2025,11,02 Assault,021 Serious Assault,Yes,No,Palmerston,,9
4/08/2026,2025,11,02 Assault,021 Serious Assault,Yes,No,Alice Springs,,14
4/08/2026,2025,11,02 Assault,021 Serious Assault,Yes,No,Katherine,,1
4/08/2026,2025,11,02 Assault,021 Serious Assault,Yes,No,Tennant Creek,,3
4/08/2026,2025,11,02 Assault,021 Serious Assault,Yes,No,Nhulunbuy,,1
4/08/2026,2025,11,02 Assault,021 Serious Assault,Yes,No,NT Balance,Anindilyakwa,1
4/08/2026,2025,11,02 Assault,021 Serious Assault,Yes,No,NT Balance,Barkly,1
4/08/2026,2025,11,02 Assault,021 Serious Assault,Yes,No,NT Balance,Elsey,1
4/08/2026,2025,11,02 Assault,021 Serious Assault,Yes,No,NT Balance,Humpty Doo,1
4/08/2026,2025,11,02 Assault,021 Serious Assault,Yes,No,NT Balance,Sandover - Plenty,2
4/08/2026,2025,11,02 Assault,021 Serious Assault,Yes,No,NT Balance,Thamarrurr,4
4/08/2026,2025,11,02 Assault,021 Serious Assault,Yes,No,NT Balance,Yuendumu - Anmatjere,2
4/08/2026,2025,11,02 Assault,021 Serious Assault,Yes,No,NT Balance,Unknown ,2
4/08/2026,2025,11,02 Assault,021 Serious Assault,Yes,Yes,Darwin,,45
4/08/2026,2025,11,02 Assault,021 Serious Assault,Yes,Yes,Palmerston,,32
4/08/2026,2025,11,02 Assault,021 Serious Assault,Yes,Yes,Alice Springs,,67
4/08/2026,2025,11,02 Assault,021 Serious Assault,Yes,Yes,Katherine,,31
4/08/2026,2025,11,02 Assault,021 Serious Assault,Yes,Yes,Tennant Creek,,18
4/08/2026,2025,11,02 Assault,021 Serious Assault,Yes,Yes,Nhulunbuy,,2
4/08/2026,2025,11,02 Assault,021 Serious Assault,Yes,Yes,NT Balance,Alligator,2
4/08/2026,2025,11,02 Assault,021 Serious Assault,Yes,Yes,NT Balance,Barkly,3
4/08/2026,2025,11,02 Assault,021 Serious Assault,Yes,Yes,NT Balance,Daly,5
4/08/2026,2025,11,02 Assault,021 Serious Assault,Yes,Yes,NT Balance,East Arnhem,2
4/08/2026,2025,11,02 Assault,021 Serious Assault,Yes,Yes,NT Balance,Elsey,6
4/08/2026,2025,11,02 Assault,021 Serious Assault,Yes,Yes,NT Balance,Gulf,5
4/08/2026,2025,11,02 Assault,021 Serious Assault,Yes,Yes,NT Balance,Humpty Doo,2
4/08/2026,2025,11,02 Assault,021 Serious Assault,Yes,Yes,NT Balance,Sandover - Plenty,2
4/08/2026,2025,11,02 Assault,021 Serious Assault,Yes,Yes,NT Balance,Tanami,1
4/08/2026,2025,11,02 Assault,021 Serious Assault,Yes,Yes,NT Balance,Thamarrurr,17
4/08/2026,2025,11,02 Assault,021 Serious Assault,Yes,Yes,NT Balance,Tiwi Islands,3
4/08/2026,2025,11,02 Assault,021 Serious Assault,Yes,Yes,NT Balance,Victoria River,5
4/08/2026,2025,11,02 Assault,021 Serious Assault,Yes,Yes,NT Balance,Weddell,1
4/08/2026,2025,11,02 Assault,021 Serious Assault,Yes,Yes,NT Balance,West Arnhem,2
4/08/2026,2025,11,02 Assault,021 Serious Assault,Yes,Yes,NT Balance,Yuendumu - Anmatjere,1
4/08/2026,2025,11,02 Assault,021 Serious Assault,Yes,Yes,NT Balance,Unknown ,2
4/08/2026,2025,11,02 Assault,022 Assault of a prescribed officer,No,No,Alice Springs,,2
4/08/2026,2025,11,02 Assault,022 Assault of a prescribed officer,No,No,NT Balance,Anindilyakwa,1
4/08/2026,2025,11,02 Assault,022 Assault of a prescribed officer,No,No,NT Balance,Elsey,1
4/08/2026,2025,11,02 Assault,022 Assault of a prescribed officer,No,No,NT Balance,Tanami,2
4/08/2026,2025,11,02 Assault,022 Assault of a prescribed officer,Yes,No,Darwin,,5
4/08/2026,2025,11,02 Assault,022 Assault of a prescribed officer,Yes,No,Palmerston,,1
4/08/2026,2025,11,02 Assault,022 Assault of a prescribed officer,Yes,No,Alice Springs,,2
4/08/2026,2025,11,02 Assault,022 Assault of a prescribed officer,Yes,No,Tennant Creek,,1
4/08/2026,2025,11,02 Assault,022 Assault of a prescribed officer,Yes,No,NT Balance,Thamarrurr,1
4/08/2026,2025,11,02 Assault,022 Assault of a prescribed officer,Yes,Yes,Palmerston,,1
4/08/2026,2025,11,02 Assault,022 Assault of a prescribed officer,Yes,Yes,Alice Springs,,1
4/08/2026,2025,11,02 Assault,022 Assault of a prescribed officer,Yes,Yes,NT Balance,Thamarrurr,1
4/08/2026,2025,11,02 Assault,023 Common Assault,No,No,Darwin,,20
4/08/2026,2025,11,02 Assault,023 Common Assault,No,No,Palmerston,,6
4/08/2026,2025,11,02 Assault,023 Common Assault,No,No,Alice Springs,,9
4/08/2026,2025,11,02 Assault,023 Common Assault,No,No,Katherine,,5
4/08/2026,2025,11,02 Assault,023 Common Assault,No,No,Tennant Creek,,1
4/08/2026,2025,11,02 Assault,023 Common Assault,No,No,NT Balance,Alligator,1
4/08/2026,2025,11,02 Assault,023 Common Assault,No,No,NT Balance,East Arnhem,1
4/08/2026,2025,11,02 Assault,023 Common Assault,No,No,NT Balance,Elsey,1
4/08/2026,2025,11,02 Assault,023 Common Assault,No,No,NT Balance,Howard Springs,11
4/08/2026,2025,11,02 Assault,023 Common Assault,No,No,NT Balance,Sandover - Plenty,2
4/08/2026,2025,11,02 Assault,023 Common Assault,No,No,NT Balance,Tiwi Islands,1
4/08/2026,2025,11,02 Assault,023 Common Assault,No,No,NT Balance,Victoria River,1
4/08/2026,2025,11,02 Assault,023 Common Assault,No,No,NT Balance,Unknown ,1
4/08/2026,2025,11,02 Assault,023 Common Assault,No,Yes,Darwin,,2
4/08/2026,2025,11,02 Assault,023 Common Assault,No,Yes,Palmerston,,1
4/08/2026,2025,11,02 Assault,023 Common Assault,No,Yes,Alice Springs,,6
4/08/2026,2025,11,02 Assault,023 Common Assault,No,Yes,Katherine,,3
4/08/2026,2025,11,02 Assault,023 Common Assault,No,Yes,NT Balance,Alligator,1
4/08/2026,2025,11,02 Assault,023 Common Assault,No,Yes,NT Balance,Barkly,1
4/08/2026,2025,11,02 Assault,023 Common Assault,No,Yes,NT Balance,East Arnhem,2
4/08/2026,2025,11,02 Assault,023 Common Assault,No,Yes,NT Balance,Petermann - Simpson,1
4/08/2026,2025,11,02 Assault,023 Common Assault,No,Yes,NT Balance,Sandover - Plenty,1
4/08/2026,2025,11,02 Assault,023 Common Assault,No,Yes,NT Balance,Thamarrurr,4
4/08/2026,2025,11,02 Assault,023 Common Assault,No,Yes,NT Balance,West Arnhem,3
4/08/2026,2025,11,02 Assault,023 Common Assault,No,Yes,NT Balance,Unknown ,1
4/08/2026,2025,11,02 Assault,023 Common Assault,Yes,No,Darwin,,7
4/08/2026,2025,11,02 Assault,023 Common Assault,Yes,No,Palmerston,,2
4/08/2026,2025,11,02 Assault,023 Common Assault,Yes,No,Alice Springs,,9
4/08/2026,2025,11,02 Assault,023 Common Assault,Yes,No,Katherine,,1
4/08/2026,2025,11,02 Assault,023 Common Assault,Yes,No,Tennant Creek,,1
4/08/2026,2025,11,02 Assault,023 Common Assault,Yes,No,Nhulunbuy,,1
4/08/2026,2025,11,02 Assault,023 Common Assault,Yes,No,NT Balance,Elsey,1
4/08/2026,2025,11,02 Assault,023 Common Assault,Yes,No,NT Balance,Yuendumu - Anmatjere,1
4/08/2026,2025,11,02 Assault,023 Common Assault,Yes,No,NT Balance,Unknown ,1
4/08/2026,2025,11,02 Assault,023 Common Assault,Yes,Yes,Darwin,,4
4/08/2026,2025,11,02 Assault,023 Common Assault,Yes,Yes,Palmerston,,2
4/08/2026,2025,11,02 Assault,023 Common Assault,Yes,Yes,Alice Springs,,1
4/08/2026,2025,11,02 Assault,023 Common Assault,Yes,Yes,Katherine,,2
4/08/2026,2025,11,02 Assault,023 Common Assault,Yes,Yes,NT Balance,East Arnhem,1
4/08/2026,2025,11,02 Assault,023 Common Assault,Yes,Yes,NT Balance,Elsey,1
4/08/2026,2025,11,02 Assault,023 Common Assault,Yes,Yes,NT Balance,Humpty Doo,1
4/08/2026,2025,11,02 Assault,023 Common Assault,Yes,Yes,NT Balance,Thamarrurr,1
4/08/2026,2025,11,03 Sexual offences,031 Sexual assault of an adult,-,-,Darwin,,9
4/08/2026,2025,11,03 Sexual offences,031 Sexual assault of an adult,-,-,Palmerston,,3
4/08/2026,2025,11,03 Sexual offences,031 Sexual assault of an adult,-,-,Alice Springs,,4
4/08/2026,2025,11,03 Sexual offences,031 Sexual assault of an adult,-,-,Katherine,,2
4/08/2026,2025,11,03 Sexual offences,031 Sexual assault of an adult,-,-,Tennant Creek,,1
4/08/2026,2025,11,03 Sexual offences,031 Sexual assault of an adult,-,-,Nhulunbuy,,2
4/08/2026,2025,11,03 Sexual offences,031 Sexual assault of an adult,-,-,NT Balance,Daly,1
4/08/2026,2025,11,03 Sexual offences,031 Sexual assault of an adult,-,-,NT Balance,East Arnhem,1
4/08/2026,2025,11,03 Sexual offences,031 Sexual assault of an adult,-,-,NT Balance,Howard Springs,5
4/08/2026,2025,11,03 Sexual offences,031 Sexual assault of an adult,-,-,NT Balance,Thamarrurr,1
4/08/2026,2025,11,03 Sexual offences,031 Sexual assault of an adult,-,-,NT Balance,Victoria River,4
4/08/2026,2025,11,03 Sexual offences,031 Sexual assault of an adult,-,-,NT Balance,Virginia,1
4/08/2026,2025,11,03 Sexual offences,031 Sexual assault of an adult,-,-,NT Balance,Unknown ,2
4/08/2026,2025,11,03 Sexual offences,032 Sexual assault of a child,-,-,Darwin,,2
4/08/2026,2025,11,03 Sexual offences,032 Sexual assault of a child,-,-,Alice Springs,,1
4/08/2026,2025,11,03 Sexual offences,032 Sexual assault of a child,-,-,Katherine,,2
4/08/2026,2025,11,03 Sexual offences,032 Sexual assault of a child,-,-,Tennant Creek,,1
4/08/2026,2025,11,03 Sexual offences,032 Sexual assault of a child,-,-,NT Balance,Barkly,1
4/08/2026,2025,11,03 Sexual offences,032 Sexual assault of a child,-,-,NT Balance,East Arnhem,1
4/08/2026,2025,11,03 Sexual offences,"033, 034 Other child-related sexual offences",-,-,Darwin,,1
4/08/2026,2025,11,03 Sexual offences,"033, 034 Other child-related sexual offences",-,-,Alice Springs,,1
4/08/2026,2025,11,03 Sexual offences,"033, 034 Other child-related sexual offences",-,-,NT Balance,Weddell,1
4/08/2026,2025,11,03 Sexual offences,"035, 039 Other sexual offences",-,-,Darwin,,2
4/08/2026,2025,11,03 Sexual offences,"035, 039 Other sexual offences",-,-,Palmerston,,1
4/08/2026,2025,11,03 Sexual offences,"035, 039 Other sexual offences",-,-,NT Balance,Daly,1
4/08/2026,2025,11,03 Sexual offences,"035, 039 Other sexual offences",-,-,NT Balance,Victoria River,1
4/08/2026,2025,11,04 Harm or endanger persons,"041, 042, 043 Human trafficking, abduction, deprivation of liberty",-,-,Darwin,,2
4/08/2026,2025,11,04 Harm or endanger persons,"041, 042, 043 Human trafficking, abduction, deprivation of liberty",-,-,Alice Springs,,1
4/08/2026,2025,11,04 Harm or endanger persons,"041, 042, 043 Human trafficking, abduction, deprivation of liberty",-,-,Katherine,,1
4/08/2026,2025,11,04 Harm or endanger persons,"041, 042, 043 Human trafficking, abduction, deprivation of liberty",-,-,Nhulunbuy,,1
4/08/2026,2025,11,04 Harm or endanger persons,"041, 042, 043 Human trafficking, abduction, deprivation of liberty",-,-,NT Balance,Elsey,1
4/08/2026,2025,11,04 Harm or endanger persons,"041, 042, 043 Human trafficking, abduction, deprivation of liberty",-,-,NT Balance,Virginia,1
4/08/2026,2025,11,04 Harm or endanger persons,"044 Acts that threaten, harass or control",-,-,Darwin,,16
4/08/2026,2025,11,04 Harm or endanger persons,"044 Acts that threaten, harass or control",-,-,Palmerston,,3
4/08/2026,2025,11,04 Harm or endanger persons,"044 Acts that threaten, harass or control",-,-,Alice Springs,,16
4/08/2026,2025,11,04 Harm or endanger persons,"044 Acts that threaten, harass or control",-,-,Katherine,,10
4/08/2026,2025,11,04 Harm or endanger persons,"044 Acts that threaten, harass or control",-,-,NT Balance,Alligator,3
4/08/2026,2025,11,04 Harm or endanger persons,"044 Acts that threaten, harass or control",-,-,NT Balance,Anindilyakwa,1
4/08/2026,2025,11,04 Harm or endanger persons,"044 Acts that threaten, harass or control",-,-,NT Balance,Barkly,1
4/08/2026,2025,11,04 Harm or endanger persons,"044 Acts that threaten, harass or control",-,-,NT Balance,East Arnhem,4
4/08/2026,2025,11,04 Harm or endanger persons,"044 Acts that threaten, harass or control",-,-,NT Balance,Gulf,1
4/08/2026,2025,11,04 Harm or endanger persons,"044 Acts that threaten, harass or control",-,-,NT Balance,Howard Springs,4
4/08/2026,2025,11,04 Harm or endanger persons,"044 Acts that threaten, harass or control",-,-,NT Balance,Humpty Doo,2
4/08/2026,2025,11,04 Harm or endanger persons,"044 Acts that threaten, harass or control",-,-,NT Balance,Sandover - Plenty,2
4/08/2026,2025,11,04 Harm or endanger persons,"044 Acts that threaten, harass or control",-,-,NT Balance,Tanami,4
4/08/2026,2025,11,04 Harm or endanger persons,"044 Acts that threaten, harass or control",-,-,NT Balance,Thamarrurr,1
4/08/2026,2025,11,04 Harm or endanger persons,"044 Acts that threaten, harass or control",-,-,NT Balance,Victoria River,1
4/08/2026,2025,11,04 Harm or endanger persons,"044 Acts that threaten, harass or control",-,-,NT Balance,West Arnhem,1
4/08/2026,2025,11,04 Harm or endanger persons,"044 Acts that threaten, harass or control",-,-,NT Balance,Yuendumu - Anmatjere,2
4/08/2026,2025,11,04 Harm or endanger persons,"044 Acts that threaten, harass or control",-,-,NT Balance,Unknown ,1
4/08/2026,2025,11,04 Harm or endanger persons,049 Other acts that harm or endanger persons,-,-,Darwin,,5
4/08/2026,2025,11,04 Harm or endanger persons,049 Other acts that harm or endanger persons,-,-,Palmerston,,4
4/08/2026,2025,11,04 Harm or endanger persons,049 Other acts that harm or endanger persons,-,-,Alice Springs,,4
4/08/2026,2025,11,04 Harm or endanger persons,049 Other acts that harm or endanger persons,-,-,Katherine,,1
4/08/2026,2025,11,04 Harm or endanger persons,049 Other acts that harm or endanger persons,-,-,NT Balance,East Arnhem,2
4/08/2026,2025,11,04 Harm or endanger persons,049 Other acts that harm or endanger persons,-,-,NT Balance,Thamarrurr,1
4/08/2026,2025,11,04 Harm or endanger persons,049 Other acts that harm or endanger persons,-,-,NT Balance,Weddell,1
4/08/2026,2025,11,04 Harm or endanger persons,049 Other acts that harm or endanger persons,-,-,NT Balance,West Arnhem,1
4/08/2026,2025,11,"05 Robbery, blackmail, and extortion",051 Robbery,-,-,Darwin,,13
4/08/2026,2025,11,"05 Robbery, blackmail, and extortion",051 Robbery,-,-,Palmerston,,5
4/08/2026,2025,11,"05 Robbery, blackmail, and extortion",051 Robbery,-,-,Alice Springs,,8
4/08/2026,2025,11,"05 Robbery, blackmail, and extortion",051 Robbery,-,-,Katherine,,5
4/08/2026,2025,11,"05 Robbery, blackmail, and extortion",051 Robbery,-,-,NT Balance,Alligator,1
4/08/2026,2025,11,"05 Robbery, blackmail, and extortion",051 Robbery,-,-,NT Balance,East Arnhem,2
4/08/2026,2025,11,"05 Robbery, blackmail, and extortion",052 Blackmail or other extortion,-,-,Alice Springs,,2
4/08/2026,2025,11,061 Burglary - dwelling,"061 Burglary - dwelling (house break-ins), actual",-,-,Darwin,,28
4/08/2026,2025,11,061 Burglary - dwelling,"061 Burglary - dwelling (house break-ins), actual",-,-,Palmerston,,7
4/08/2026,2025,11,061 Burglary - dwelling,"061 Burglary - dwelling (house break-ins), actual",-,-,Alice Springs,,51
4/08/2026,2025,11,061 Burglary - dwelling,"061 Burglary - dwelling (house break-ins), actual",-,-,Katherine,,6
4/08/2026,2025,11,061 Burglary - dwelling,"061 Burglary - dwelling (house break-ins), actual",-,-,Tennant Creek,,14
4/08/2026,2025,11,061 Burglary - dwelling,"061 Burglary - dwelling (house break-ins), actual",-,-,Nhulunbuy,,5
4/08/2026,2025,11,061 Burglary - dwelling,"061 Burglary - dwelling (house break-ins), actual",-,-,NT Balance,Anindilyakwa,3
4/08/2026,2025,11,061 Burglary - dwelling,"061 Burglary - dwelling (house break-ins), actual",-,-,NT Balance,Barkly,4
4/08/2026,2025,11,061 Burglary - dwelling,"061 Burglary - dwelling (house break-ins), actual",-,-,NT Balance,East Arnhem,6
4/08/2026,2025,11,061 Burglary - dwelling,"061 Burglary - dwelling (house break-ins), actual",-,-,NT Balance,Gulf,2
4/08/2026,2025,11,061 Burglary - dwelling,"061 Burglary - dwelling (house break-ins), actual",-,-,NT Balance,Humpty Doo,1
4/08/2026,2025,11,061 Burglary - dwelling,"061 Burglary - dwelling (house break-ins), actual",-,-,NT Balance,Petermann - Simpson,1
4/08/2026,2025,11,061 Burglary - dwelling,"061 Burglary - dwelling (house break-ins), actual",-,-,NT Balance,Tanami,2
4/08/2026,2025,11,061 Burglary - dwelling,"061 Burglary - dwelling (house break-ins), actual",-,-,NT Balance,Thamarrurr,9
4/08/2026,2025,11,061 Burglary - dwelling,"061 Burglary - dwelling (house break-ins), actual",-,-,NT Balance,Virginia,1
4/08/2026,2025,11,061 Burglary - dwelling,"061 Burglary - dwelling (house break-ins), actual",-,-,NT Balance,Weddell,1
4/08/2026,2025,11,061 Burglary - dwelling,"061 Burglary - dwelling (house break-ins), actual",-,-,NT Balance,West Arnhem,5
4/08/2026,2025,11,061 Burglary - dwelling,"061 Burglary - dwelling (house break-ins), actual",-,-,NT Balance,Unknown ,1
4/08/2026,2025,11,061 Burglary - dwelling,"061 Burglary - dweling (house break-ins), attempted",-,-,Darwin,,6
4/08/2026,2025,11,061 Burglary - dwelling,"061 Burglary - dweling (house break-ins), attempted",-,-,Palmerston,,2
4/08/2026,2025,11,061 Burglary - dwelling,"061 Burglary - dweling (house break-ins), attempted",-,-,Alice Springs,,4
4/08/2026,2025,11,061 Burglary - dwelling,"061 Burglary - dweling (house break-ins), attempted",-,-,Katherine,,6
4/08/2026,2025,11,061 Burglary - dwelling,"061 Burglary - dweling (house break-ins), attempted",-,-,Tennant Creek,,2
4/08/2026,2025,11,061 Burglary - dwelling,"061 Burglary - dweling (house break-ins), attempted",-,-,NT Balance,Alligator,1
4/08/2026,2025,11,061 Burglary - dwelling,"061 Burglary - dweling (house break-ins), attempted",-,-,NT Balance,Anindilyakwa,1
4/08/2026,2025,11,061 Burglary - dwelling,"061 Burglary - dweling (house break-ins), attempted",-,-,NT Balance,East Arnhem,1
4/08/2026,2025,11,061 Burglary - dwelling,"061 Burglary - dweling (house break-ins), attempted",-,-,NT Balance,Tanami,1
4/08/2026,2025,11,061 Burglary - dwelling,"061 Burglary - dweling (house break-ins), attempted",-,-,NT Balance,Thamarrurr,2
4/08/2026,2025,11,061 Burglary - dwelling,"061 Burglary - dweling (house break-ins), attempted",-,-,NT Balance,Tiwi Islands,1
4/08/2026,2025,11,061 Burglary - dwelling,"061 Burglary - dweling (house break-ins), attempted",-,-,NT Balance,Unknown ,1
4/08/2026,2025,11,062 Burglary - non-residential,"062 Burglary - non-residential (commercial break-ins), actual",-,-,Darwin,,6
4/08/2026,2025,11,062 Burglary - non-residential,"062 Burglary - non-residential (commercial break-ins), actual",-,-,Palmerston,,9
4/08/2026,2025,11,062 Burglary - non-residential,"062 Burglary - non-residential (commercial break-ins), actual",-,-,Alice Springs,,10
4/08/2026,2025,11,062 Burglary - non-residential,"062 Burglary - non-residential (commercial break-ins), actual",-,-,Katherine,,3
4/08/2026,2025,11,062 Burglary - non-residential,"062 Burglary - non-residential (commercial break-ins), actual",-,-,Tennant Creek,,2
4/08/2026,2025,11,062 Burglary - non-residential,"062 Burglary - non-residential (commercial break-ins), actual",-,-,Nhulunbuy,,2
4/08/2026,2025,11,062 Burglary - non-residential,"062 Burglary - non-residential (commercial break-ins), actual",-,-,NT Balance,Alligator,1
4/08/2026,2025,11,062 Burglary - non-residential,"062 Burglary - non-residential (commercial break-ins), actual",-,-,NT Balance,Barkly,1
4/08/2026,2025,11,062 Burglary - non-residential,"062 Burglary - non-residential (commercial break-ins), actual",-,-,NT Balance,Daly,1
4/08/2026,2025,11,062 Burglary - non-residential,"062 Burglary - non-residential (commercial break-ins), actual",-,-,NT Balance,East Arnhem,6
4/08/2026,2025,11,062 Burglary - non-residential,"062 Burglary - non-residential (commercial break-ins), actual",-,-,NT Balance,Elsey,4
4/08/2026,2025,11,062 Burglary - non-residential,"062 Burglary - non-residential (commercial break-ins), actual",-,-,NT Balance,Gulf,1
4/08/2026,2025,11,062 Burglary - non-residential,"062 Burglary - non-residential (commercial break-ins), actual",-,-,NT Balance,Howard Springs,1
4/08/2026,2025,11,062 Burglary - non-residential,"062 Burglary - non-residential (commercial break-ins), actual",-,-,NT Balance,Petermann - Simpson,2
4/08/2026,2025,11,062 Burglary - non-residential,"062 Burglary - non-residential (commercial break-ins), actual",-,-,NT Balance,Tanami,3
4/08/2026,2025,11,062 Burglary - non-residential,"062 Burglary - non-residential (commercial break-ins), actual",-,-,NT Balance,Thamarrurr,3
4/08/2026,2025,11,062 Burglary - non-residential,"062 Burglary - non-residential (commercial break-ins), actual",-,-,NT Balance,Victoria River,1
4/08/2026,2025,11,062 Burglary - non-residential,"062 Burglary - non-residential (commercial break-ins), actual",-,-,NT Balance,Virginia,1
4/08/2026,2025,11,062 Burglary - non-residential,"062 Burglary - non-residential (commercial break-ins), actual",-,-,NT Balance,Unknown ,1
4/08/2026,2025,11,062 Burglary - non-residential,"062 Burglary - non-residential (commercial break-ins), attempted",-,-,Darwin,,1
4/08/2026,2025,11,062 Burglary - non-residential,"062 Burglary - non-residential (commercial break-ins), attempted",-,-,Palmerston,,1
4/08/2026,2025,11,062 Burglary - non-residential,"062 Burglary - non-residential (commercial break-ins), attempted",-,-,Alice Springs,,1
4/08/2026,2025,11,062 Burglary - non-residential,"062 Burglary - non-residential (commercial break-ins), attempted",-,-,Katherine,,2
4/08/2026,2025,11,062 Burglary - non-residential,"062 Burglary - non-residential (commercial break-ins), attempted",-,-,NT Balance,Alligator,2
4/08/2026,2025,11,062 Burglary - non-residential,"062 Burglary - non-residential (commercial break-ins), attempted",-,-,NT Balance,Thamarrurr,2
4/08/2026,2025,11,062 Burglary - non-residential,"062 Burglary - non-residential (commercial break-ins), attempted",-,-,NT Balance,Unknown ,1
4/08/2026,2025,11,07 Theft,071 Motor vehicle theft and related offences,-,-,Darwin,,14
4/08/2026,2025,11,07 Theft,071 Motor vehicle theft and related offences,-,-,Palmerston,,9
4/08/2026,2025,11,07 Theft,071 Motor vehicle theft and related offences,-,-,Alice Springs,,13
4/08/2026,2025,11,07 Theft,071 Motor vehicle theft and related offences,-,-,Katherine,,1
4/08/2026,2025,11,07 Theft,071 Motor vehicle theft and related offences,-,-,Tennant Creek,,2
4/08/2026,2025,11,07 Theft,071 Motor vehicle theft and related offences,-,-,NT Balance,Anindilyakwa,1
4/08/2026,2025,11,07 Theft,071 Motor vehicle theft and related offences,-,-,NT Balance,East Arnhem,1
4/08/2026,2025,11,07 Theft,071 Motor vehicle theft and related offences,-,-,NT Balance,Virginia,1
4/08/2026,2025,11,07 Theft,071 Motor vehicle theft and related offences,-,-,NT Balance,Weddell,2
4/08/2026,2025,11,07 Theft,07* Other theft,-,-,Darwin,,191
4/08/2026,2025,11,07 Theft,07* Other theft,-,-,Palmerston,,82
4/08/2026,2025,11,07 Theft,07* Other theft,-,-,Alice Springs,,102
4/08/2026,2025,11,07 Theft,07* Other theft,-,-,Katherine,,31
4/08/2026,2025,11,07 Theft,07* Other theft,-,-,Tennant Creek,,29
4/08/2026,2025,11,07 Theft,07* Other theft,-,-,Nhulunbuy,,3
4/08/2026,2025,11,07 Theft,07* Other theft,-,-,NT Balance,Alligator,1
4/08/2026,2025,11,07 Theft,07* Other theft,-,-,NT Balance,Anindilyakwa,3
4/08/2026,2025,11,07 Theft,07* Other theft,-,-,NT Balance,Barkly,4
4/08/2026,2025,11,07 Theft,07* Other theft,-,-,NT Balance,Daly,2
4/08/2026,2025,11,07 Theft,07* Other theft,-,-,NT Balance,East Arnhem,8
4/08/2026,2025,11,07 Theft,07* Other theft,-,-,NT Balance,Elsey,3
4/08/2026,2025,11,07 Theft,07* Other theft,-,-,NT Balance,Gulf,2
4/08/2026,2025,11,07 Theft,07* Other theft,-,-,NT Balance,Howard Springs,9
4/08/2026,2025,11,07 Theft,07* Other theft,-,-,NT Balance,Humpty Doo,4
4/08/2026,2025,11,07 Theft,07* Other theft,-,-,NT Balance,Petermann - Simpson,4
4/08/2026,2025,11,07 Theft,07* Other theft,-,-,NT Balance,Tanami,3
4/08/2026,2025,11,07 Theft,07* Other theft,-,-,NT Balance,Thamarrurr,7
4/08/2026,2025,11,07 Theft,07* Other theft,-,-,NT Balance,Tiwi Islands,1
4/08/2026,2025,11,07 Theft,07* Other theft,-,-,NT Balance,Victoria River,1
4/08/2026,2025,11,07 Theft,07* Other theft,-,-,NT Balance,Virginia,8
4/08/2026,2025,11,07 Theft,07* Other theft,-,-,NT Balance,Weddell,4
4/08/2026,2025,11,07 Theft,07* Other theft,-,-,NT Balance,West Arnhem,1
4/08/2026,2025,11,07 Theft,07* Other theft,-,-,NT Balance,Yuendumu - Anmatjere,1
4/08/2026,2025,11,07 Theft,07* Other theft,-,-,NT Balance,Unknown ,16
4/08/2026,2025,11,11 Property damage offences,11 Property damage offences,-,-,Darwin,,145
4/08/2026,2025,11,11 Property damage offences,11 Property damage offences,-,-,Palmerston,,82
4/08/2026,2025,11,11 Property damage offences,11 Property damage offences,-,-,Alice Springs,,195
4/08/2026,2025,11,11 Property damage offences,11 Property damage offences,-,-,Katherine,,40
4/08/2026,2025,11,11 Property damage offences,11 Property damage offences,-,-,Tennant Creek,,32
4/08/2026,2025,11,11 Property damage offences,11 Property damage offences,-,-,Nhulunbuy,,5
4/08/2026,2025,11,11 Property damage offences,11 Property damage offences,-,-,NT Balance,Alligator,4
4/08/2026,2025,11,11 Property damage offences,11 Property damage offences,-,-,NT Balance,Anindilyakwa,6
4/08/2026,2025,11,11 Property damage offences,11 Property damage offences,-,-,NT Balance,Barkly,6
4/08/2026,2025,11,11 Property damage offences,11 Property damage offences,-,-,NT Balance,Daly,5
4/08/2026,2025,11,11 Property damage offences,11 Property damage offences,-,-,NT Balance,East Arnhem,34
4/08/2026,2025,11,11 Property damage offences,11 Property damage offences,-,-,NT Balance,Elsey,4
4/08/2026,2025,11,11 Property damage offences,11 Property damage offences,-,-,NT Balance,Gulf,7
4/08/2026,2025,11,11 Property damage offences,11 Property damage offences,-,-,NT Balance,Howard Springs,7
4/08/2026,2025,11,11 Property damage offences,11 Property damage offences,-,-,NT Balance,Humpty Doo,1
4/08/2026,2025,11,11 Property damage offences,11 Property damage offences,-,-,NT Balance,Petermann - Simpson,3
4/08/2026,2025,11,11 Property damage offences,11 Property damage offences,-,-,NT Balance,Sandover - Plenty,4
4/08/2026,2025,11,11 Property damage offences,11 Property damage offences,-,-,NT Balance,Tanami,3
4/08/2026,2025,11,11 Property damage offences,11 Property damage offences,-,-,NT Balance,Thamarrurr,21
4/08/2026,2025,11,11 Property damage offences,11 Property damage offences,-,-,NT Balance,Tiwi Islands,2
4/08/2026,2025,11,11 Property damage offences,11 Property damage offences,-,-,NT Balance,Victoria River,2
4/08/2026,2025,11,11 Property damage offences,11 Property damage offences,-,-,NT Balance,Virginia,1
4/08/2026,2025,11,11 Property damage offences,11 Property damage offences,-,-,NT Balance,Weddell,5
4/08/2026,2025,11,11 Property damage offences,11 Property damage offences,-,-,NT Balance,West Arnhem,9
4/08/2026,2025,11,11 Property damage offences,11 Property damage offences,-,-,NT Balance,Yuendumu - Anmatjere,6
4/08/2026,2025,11,11 Property damage offences,11 Property damage offences,-,-,NT Balance,Unknown ,15
4/08/2026,2025,12,01 Homicide,0110 Murder,-,-,NT Balance,Gulf,1
4/08/2026,2025,12,01 Homicide,0110 Murder,-,-,NT Balance,Unknown ,1
4/08/2026,2025,12,01 Homicide,0132 Driving causing death,-,-,Darwin,,1
4/08/2026,2025,12,01 Homicide,0132 Driving causing death,-,-,Katherine,,1
4/08/2026,2025,12,01 Homicide,0132 Driving causing death,-,-,NT Balance,Tiwi Islands,1
4/08/2026,2025,12,01 Homicide,0132 Driving causing death,-,-,NT Balance,Unknown ,1
4/08/2026,2025,12,02 Assault,021 Serious Assault,No,No,Darwin,,24
4/08/2026,2025,12,02 Assault,021 Serious Assault,No,No,Palmerston,,15
4/08/2026,2025,12,02 Assault,021 Serious Assault,No,No,Alice Springs,,21
4/08/2026,2025,12,02 Assault,021 Serious Assault,No,No,Katherine,,8
4/08/2026,2025,12,02 Assault,021 Serious Assault,No,No,Tennant Creek,,2
4/08/2026,2025,12,02 Assault,021 Serious Assault,No,No,NT Balance,Alligator,1
4/08/2026,2025,12,02 Assault,021 Serious Assault,No,No,NT Balance,Anindilyakwa,1
4/08/2026,2025,12,02 Assault,021 Serious Assault,No,No,NT Balance,Daly,1
4/08/2026,2025,12,02 Assault,021 Serious Assault,No,No,NT Balance,East Arnhem,4
4/08/2026,2025,12,02 Assault,021 Serious Assault,No,No,NT Balance,Elsey,2
4/08/2026,2025,12,02 Assault,021 Serious Assault,No,No,NT Balance,Gulf,1
4/08/2026,2025,12,02 Assault,021 Serious Assault,No,No,NT Balance,Howard Springs,21
4/08/2026,2025,12,02 Assault,021 Serious Assault,No,No,NT Balance,Petermann - Simpson,1
4/08/2026,2025,12,02 Assault,021 Serious Assault,No,No,NT Balance,Sandover - Plenty,2
4/08/2026,2025,12,02 Assault,021 Serious Assault,No,No,NT Balance,Tanami,2
4/08/2026,2025,12,02 Assault,021 Serious Assault,No,No,NT Balance,Thamarrurr,2
4/08/2026,2025,12,02 Assault,021 Serious Assault,No,No,NT Balance,Virginia,2
4/08/2026,2025,12,02 Assault,021 Serious Assault,No,No,NT Balance,Weddell,1
4/08/2026,2025,12,02 Assault,021 Serious Assault,No,No,NT Balance,Yuendumu - Anmatjere,2
4/08/2026,2025,12,02 Assault,021 Serious Assault,No,No,NT Balance,Unknown ,3
4/08/2026,2025,12,02 Assault,021 Serious Assault,No,Yes,Darwin,,55
4/08/2026,2025,12,02 Assault,021 Serious Assault,No,Yes,Palmerston,,24
4/08/2026,2025,12,02 Assault,021 Serious Assault,No,Yes,Alice Springs,,36
4/08/2026,2025,12,02 Assault,021 Serious Assault,No,Yes,Katherine,,25
4/08/2026,2025,12,02 Assault,021 Serious Assault,No,Yes,Tennant Creek,,4
4/08/2026,2025,12,02 Assault,021 Serious Assault,No,Yes,Nhulunbuy,,3
4/08/2026,2025,12,02 Assault,021 Serious Assault,No,Yes,NT Balance,Alligator,3
4/08/2026,2025,12,02 Assault,021 Serious Assault,No,Yes,NT Balance,Anindilyakwa,1
4/08/2026,2025,12,02 Assault,021 Serious Assault,No,Yes,NT Balance,Barkly,4
4/08/2026,2025,12,02 Assault,021 Serious Assault,No,Yes,NT Balance,Daly,4
4/08/2026,2025,12,02 Assault,021 Serious Assault,No,Yes,NT Balance,East Arnhem,26
4/08/2026,2025,12,02 Assault,021 Serious Assault,No,Yes,NT Balance,Elsey,6
4/08/2026,2025,12,02 Assault,021 Serious Assault,No,Yes,NT Balance,Gulf,15
4/08/2026,2025,12,02 Assault,021 Serious Assault,No,Yes,NT Balance,Howard Springs,1
4/08/2026,2025,12,02 Assault,021 Serious Assault,No,Yes,NT Balance,Humpty Doo,5
4/08/2026,2025,12,02 Assault,021 Serious Assault,No,Yes,NT Balance,Petermann - Simpson,4
4/08/2026,2025,12,02 Assault,021 Serious Assault,No,Yes,NT Balance,Sandover - Plenty,6
4/08/2026,2025,12,02 Assault,021 Serious Assault,No,Yes,NT Balance,Tanami,9
4/08/2026,2025,12,02 Assault,021 Serious Assault,No,Yes,NT Balance,Thamarrurr,16
4/08/2026,2025,12,02 Assault,021 Serious Assault,No,Yes,NT Balance,Tiwi Islands,12
4/08/2026,2025,12,02 Assault,021 Serious Assault,No,Yes,NT Balance,Victoria River,6
4/08/2026,2025,12,02 Assault,021 Serious Assault,No,Yes,NT Balance,Virginia,2
4/08/2026,2025,12,02 Assault,021 Serious Assault,No,Yes,NT Balance,Weddell,1
4/08/2026,2025,12,02 Assault,021 Serious Assault,No,Yes,NT Balance,West Arnhem,17
4/08/2026,2025,12,02 Assault,021 Serious Assault,No,Yes,NT Balance,Yuendumu - Anmatjere,7
4/08/2026,2025,12,02 Assault,021 Serious Assault,No,Yes,NT Balance,Unknown ,7
4/08/2026,2025,12,02 Assault,021 Serious Assault,Yes,No,Darwin,,25
4/08/2026,2025,12,02 Assault,021 Serious Assault,Yes,No,Palmerston,,5
4/08/2026,2025,12,02 Assault,021 Serious Assault,Yes,No,Alice Springs,,21
4/08/2026,2025,12,02 Assault,021 Serious Assault,Yes,No,Katherine,,3
4/08/2026,2025,12,02 Assault,021 Serious Assault,Yes,No,Tennant Creek,,2
4/08/2026,2025,12,02 Assault,021 Serious Assault,Yes,No,Nhulunbuy,,1
4/08/2026,2025,12,02 Assault,021 Serious Assault,Yes,No,NT Balance,Alligator,1
4/08/2026,2025,12,02 Assault,021 Serious Assault,Yes,No,NT Balance,Anindilyakwa,1
4/08/2026,2025,12,02 Assault,021 Serious Assault,Yes,No,NT Balance,Daly,1
4/08/2026,2025,12,02 Assault,021 Serious Assault,Yes,No,NT Balance,East Arnhem,1
4/08/2026,2025,12,02 Assault,021 Serious Assault,Yes,No,NT Balance,Elsey,2
4/08/2026,2025,12,02 Assault,021 Serious Assault,Yes,No,NT Balance,Thamarrurr,1
4/08/2026,2025,12,02 Assault,021 Serious Assault,Yes,No,NT Balance,Tiwi Islands,1
4/08/2026,2025,12,02 Assault,021 Serious Assault,Yes,No,NT Balance,Victoria River,1
4/08/2026,2025,12,02 Assault,021 Serious Assault,Yes,No,NT Balance,Yuendumu - Anmatjere,1
4/08/2026,2025,12,02 Assault,021 Serious Assault,Yes,No,NT Balance,Unknown ,2
4/08/2026,2025,12,02 Assault,021 Serious Assault,Yes,Yes,Darwin,,58
4/08/2026,2025,12,02 Assault,021 Serious Assault,Yes,Yes,Palmerston,,40
4/08/2026,2025,12,02 Assault,021 Serious Assault,Yes,Yes,Alice Springs,,60
4/08/2026,2025,12,02 Assault,021 Serious Assault,Yes,Yes,Katherine,,23
4/08/2026,2025,12,02 Assault,021 Serious Assault,Yes,Yes,Tennant Creek,,22
4/08/2026,2025,12,02 Assault,021 Serious Assault,Yes,Yes,Nhulunbuy,,3
4/08/2026,2025,12,02 Assault,021 Serious Assault,Yes,Yes,NT Balance,Alligator,3
4/08/2026,2025,12,02 Assault,021 Serious Assault,Yes,Yes,NT Balance,Anindilyakwa,2
4/08/2026,2025,12,02 Assault,021 Serious Assault,Yes,Yes,NT Balance,Barkly,1
4/08/2026,2025,12,02 Assault,021 Serious Assault,Yes,Yes,NT Balance,Daly,2
4/08/2026,2025,12,02 Assault,021 Serious Assault,Yes,Yes,NT Balance,East Arnhem,3
4/08/2026,2025,12,02 Assault,021 Serious Assault,Yes,Yes,NT Balance,Elsey,6
4/08/2026,2025,12,02 Assault,021 Serious Assault,Yes,Yes,NT Balance,Gulf,3
4/08/2026,2025,12,02 Assault,021 Serious Assault,Yes,Yes,NT Balance,Humpty Doo,2
4/08/2026,2025,12,02 Assault,021 Serious Assault,Yes,Yes,NT Balance,Petermann - Simpson,2
4/08/2026,2025,12,02 Assault,021 Serious Assault,Yes,Yes,NT Balance,Sandover - Plenty,1
4/08/2026,2025,12,02 Assault,021 Serious Assault,Yes,Yes,NT Balance,Thamarrurr,12
4/08/2026,2025,12,02 Assault,021 Serious Assault,Yes,Yes,NT Balance,Tiwi Islands,1
4/08/2026,2025,12,02 Assault,021 Serious Assault,Yes,Yes,NT Balance,Victoria River,4
4/08/2026,2025,12,02 Assault,021 Serious Assault,Yes,Yes,NT Balance,Virginia,2
4/08/2026,2025,12,02 Assault,021 Serious Assault,Yes,Yes,NT Balance,Weddell,1
4/08/2026,2025,12,02 Assault,021 Serious Assault,Yes,Yes,NT Balance,West Arnhem,2
4/08/2026,2025,12,02 Assault,021 Serious Assault,Yes,Yes,NT Balance,Yuendumu - Anmatjere,4
4/08/2026,2025,12,02 Assault,021 Serious Assault,Yes,Yes,NT Balance,Unknown ,6
4/08/2026,2025,12,02 Assault,022 Assault of a prescribed officer,No,No,Palmerston,,3
4/08/2026,2025,12,02 Assault,022 Assault of a prescribed officer,No,No,Katherine,,1
4/08/2026,2025,12,02 Assault,022 Assault of a prescribed officer,No,No,NT Balance,Tiwi Islands,1
4/08/2026,2025,12,02 Assault,022 Assault of a prescribed officer,No,Yes,Palmerston,,1
4/08/2026,2025,12,02 Assault,022 Assault of a prescribed officer,No,Yes,Alice Springs,,1
4/08/2026,2025,12,02 Assault,022 Assault of a prescribed officer,No,Yes,NT Balance,Tiwi Islands,2
4/08/2026,2025,12,02 Assault,022 Assault of a prescribed officer,Yes,No,Darwin,,3
4/08/2026,2025,12,02 Assault,022 Assault of a prescribed officer,Yes,No,Palmerston,,1
4/08/2026,2025,12,02 Assault,022 Assault of a prescribed officer,Yes,No,Alice Springs,,2
4/08/2026,2025,12,02 Assault,022 Assault of a prescribed officer,Yes,No,NT Balance,East Arnhem,1
4/08/2026,2025,12,02 Assault,022 Assault of a prescribed officer,Yes,Yes,Darwin,,2
4/08/2026,2025,12,02 Assault,022 Assault of a prescribed officer,Yes,Yes,Alice Springs,,1
4/08/2026,2025,12,02 Assault,022 Assault of a prescribed officer,Yes,Yes,NT Balance,Thamarrurr,1
4/08/2026,2025,12,02 Assault,023 Common Assault,No,No,Darwin,,18
4/08/2026,2025,12,02 Assault,023 Common Assault,No,No,Palmerston,,3
4/08/2026,2025,12,02 Assault,023 Common Assault,No,No,Alice Springs,,6
4/08/2026,2025,12,02 Assault,023 Common Assault,No,No,Tennant Creek,,1
4/08/2026,2025,12,02 Assault,023 Common Assault,No,No,NT Balance,Daly,1
4/08/2026,2025,12,02 Assault,023 Common Assault,No,No,NT Balance,Gulf,1
4/08/2026,2025,12,02 Assault,023 Common Assault,No,No,NT Balance,Howard Springs,16
4/08/2026,2025,12,02 Assault,023 Common Assault,No,No,NT Balance,Humpty Doo,1
4/08/2026,2025,12,02 Assault,023 Common Assault,No,No,NT Balance,Petermann - Simpson,1
4/08/2026,2025,12,02 Assault,023 Common Assault,No,No,NT Balance,Sandover - Plenty,1
4/08/2026,2025,12,02 Assault,023 Common Assault,No,No,NT Balance,Thamarrurr,1
4/08/2026,2025,12,02 Assault,023 Common Assault,No,No,NT Balance,Virginia,1
4/08/2026,2025,12,02 Assault,023 Common Assault,No,No,NT Balance,Unknown ,5
4/08/2026,2025,12,02 Assault,023 Common Assault,No,Yes,Darwin,,5
4/08/2026,2025,12,02 Assault,023 Common Assault,No,Yes,Palmerston,,2
4/08/2026,2025,12,02 Assault,023 Common Assault,No,Yes,Alice Springs,,4
4/08/2026,2025,12,02 Assault,023 Common Assault,No,Yes,Katherine,,2
4/08/2026,2025,12,02 Assault,023 Common Assault,No,Yes,NT Balance,Alligator,1
4/08/2026,2025,12,02 Assault,023 Common Assault,No,Yes,NT Balance,East Arnhem,2
4/08/2026,2025,12,02 Assault,023 Common Assault,No,Yes,NT Balance,Tanami,1
4/08/2026,2025,12,02 Assault,023 Common Assault,No,Yes,NT Balance,Thamarrurr,2
4/08/2026,2025,12,02 Assault,023 Common Assault,Yes,No,Darwin,,10
4/08/2026,2025,12,02 Assault,023 Common Assault,Yes,No,Palmerston,,3
4/08/2026,2025,12,02 Assault,023 Common Assault,Yes,No,Alice Springs,,12
4/08/2026,2025,12,02 Assault,023 Common Assault,Yes,No,Katherine,,1
4/08/2026,2025,12,02 Assault,023 Common Assault,Yes,No,Tennant Creek,,1
4/08/2026,2025,12,02 Assault,023 Common Assault,Yes,No,Nhulunbuy,,1
4/08/2026,2025,12,02 Assault,023 Common Assault,Yes,No,NT Balance,Humpty Doo,2
4/08/2026,2025,12,02 Assault,023 Common Assault,Yes,No,NT Balance,Tanami,1
4/08/2026,2025,12,02 Assault,023 Common Assault,Yes,No,NT Balance,Thamarrurr,3
4/08/2026,2025,12,02 Assault,023 Common Assault,Yes,No,NT Balance,Tiwi Islands,1
4/08/2026,2025,12,02 Assault,023 Common Assault,Yes,No,NT Balance,Yuendumu - Anmatjere,1
4/08/2026,2025,12,02 Assault,023 Common Assault,Yes,No,NT Balance,Unknown ,1
4/08/2026,2025,12,02 Assault,023 Common Assault,Yes,Yes,Darwin,,7
4/08/2026,2025,12,02 Assault,023 Common Assault,Yes,Yes,Palmerston,,3
4/08/2026,2025,12,02 Assault,023 Common Assault,Yes,Yes,Alice Springs,,5
4/08/2026,2025,12,02 Assault,023 Common Assault,Yes,Yes,Tennant Creek,,1
4/08/2026,2025,12,02 Assault,023 Common Assault,Yes,Yes,Nhulunbuy,,1
4/08/2026,2025,12,02 Assault,023 Common Assault,Yes,Yes,NT Balance,Thamarrurr,1
4/08/2026,2025,12,03 Sexual offences,031 Sexual assault of an adult,-,-,Darwin,,13
4/08/2026,2025,12,03 Sexual offences,031 Sexual assault of an adult,-,-,Palmerston,,6
4/08/2026,2025,12,03 Sexual offences,031 Sexual assault of an adult,-,-,Alice Springs,,5
4/08/2026,2025,12,03 Sexual offences,031 Sexual assault of an adult,-,-,Katherine,,3
4/08/2026,2025,12,03 Sexual offences,031 Sexual assault of an adult,-,-,NT Balance,Anindilyakwa,1
4/08/2026,2025,12,03 Sexual offences,031 Sexual assault of an adult,-,-,NT Balance,Elsey,1
4/08/2026,2025,12,03 Sexual offences,031 Sexual assault of an adult,-,-,NT Balance,Howard Springs,2
4/08/2026,2025,12,03 Sexual offences,031 Sexual assault of an adult,-,-,NT Balance,Humpty Doo,1
4/08/2026,2025,12,03 Sexual offences,031 Sexual assault of an adult,-,-,NT Balance,Victoria River,1
4/08/2026,2025,12,03 Sexual offences,031 Sexual assault of an adult,-,-,NT Balance,West Arnhem,2
4/08/2026,2025,12,03 Sexual offences,031 Sexual assault of an adult,-,-,NT Balance,Unknown ,4
4/08/2026,2025,12,03 Sexual offences,032 Sexual assault of a child,-,-,Darwin,,1
4/08/2026,2025,12,03 Sexual offences,032 Sexual assault of a child,-,-,Katherine,,2
4/08/2026,2025,12,03 Sexual offences,032 Sexual assault of a child,-,-,NT Balance,Humpty Doo,1
4/08/2026,2025,12,03 Sexual offences,032 Sexual assault of a child,-,-,NT Balance,West Arnhem,1
4/08/2026,2025,12,03 Sexual offences,"033, 034 Other child-related sexual offences",-,-,Darwin,,1
4/08/2026,2025,12,03 Sexual offences,"033, 034 Other child-related sexual offences",-,-,Katherine,,1
4/08/2026,2025,12,03 Sexual offences,"035, 039 Other sexual offences",-,-,Darwin,,6
4/08/2026,2025,12,03 Sexual offences,"035, 039 Other sexual offences",-,-,Palmerston,,4
4/08/2026,2025,12,03 Sexual offences,"035, 039 Other sexual offences",-,-,Alice Springs,,1
4/08/2026,2025,12,04 Harm or endanger persons,"041, 042, 043 Human trafficking, abduction, deprivation of liberty",-,-,Darwin,,1
4/08/2026,2025,12,04 Harm or endanger persons,"041, 042, 043 Human trafficking, abduction, deprivation of liberty",-,-,Palmerston,,1
4/08/2026,2025,12,04 Harm or endanger persons,"041, 042, 043 Human trafficking, abduction, deprivation of liberty",-,-,NT Balance,Victoria River,1
4/08/2026,2025,12,04 Harm or endanger persons,"041, 042, 043 Human trafficking, abduction, deprivation of liberty",-,-,NT Balance,West Arnhem,1
4/08/2026,2025,12,04 Harm or endanger persons,"044 Acts that threaten, harass or control",-,-,Darwin,,15
4/08/2026,2025,12,04 Harm or endanger persons,"044 Acts that threaten, harass or control",-,-,Palmerston,,4
4/08/2026,2025,12,04 Harm or endanger persons,"044 Acts that threaten, harass or control",-,-,Alice Springs,,16
4/08/2026,2025,12,04 Harm or endanger persons,"044 Acts that threaten, harass or control",-,-,Katherine,,5
4/08/2026,2025,12,04 Harm or endanger persons,"044 Acts that threaten, harass or control",-,-,Nhulunbuy,,1
4/08/2026,2025,12,04 Harm or endanger persons,"044 Acts that threaten, harass or control",-,-,NT Balance,Anindilyakwa,1
4/08/2026,2025,12,04 Harm or endanger persons,"044 Acts that threaten, harass or control",-,-,NT Balance,Daly,1
4/08/2026,2025,12,04 Harm or endanger persons,"044 Acts that threaten, harass or control",-,-,NT Balance,East Arnhem,4
4/08/2026,2025,12,04 Harm or endanger persons,"044 Acts that threaten, harass or control",-,-,NT Balance,Elsey,1
4/08/2026,2025,12,04 Harm or endanger persons,"044 Acts that threaten, harass or control",-,-,NT Balance,Gulf,3
4/08/2026,2025,12,04 Harm or endanger persons,"044 Acts that threaten, harass or control",-,-,NT Balance,Howard Springs,4
4/08/2026,2025,12,04 Harm or endanger persons,"044 Acts that threaten, harass or control",-,-,NT Balance,Sandover - Plenty,2
4/08/2026,2025,12,04 Harm or endanger persons,"044 Acts that threaten, harass or control",-,-,NT Balance,Thamarrurr,1
4/08/2026,2025,12,04 Harm or endanger persons,"044 Acts that threaten, harass or control",-,-,NT Balance,Victoria River,1
4/08/2026,2025,12,04 Harm or endanger persons,"044 Acts that threaten, harass or control",-,-,NT Balance,West Arnhem,2
4/08/2026,2025,12,04 Harm or endanger persons,"044 Acts that threaten, harass or control",-,-,NT Balance,Yuendumu - Anmatjere,1
4/08/2026,2025,12,04 Harm or endanger persons,"044 Acts that threaten, harass or control",-,-,NT Balance,Unknown ,2
4/08/2026,2025,12,04 Harm or endanger persons,045 Driving causing serious injury,-,-,Darwin,,1
4/08/2026,2025,12,04 Harm or endanger persons,045 Driving causing serious injury,-,-,Alice Springs,,2
4/08/2026,2025,12,04 Harm or endanger persons,045 Driving causing serious injury,-,-,NT Balance,Humpty Doo,1
4/08/2026,2025,12,04 Harm or endanger persons,049 Other acts that harm or endanger persons,-,-,Darwin,,6
4/08/2026,2025,12,04 Harm or endanger persons,049 Other acts that harm or endanger persons,-,-,Palmerston,,1
4/08/2026,2025,12,04 Harm or endanger persons,049 Other acts that harm or endanger persons,-,-,Alice Springs,,5
4/08/2026,2025,12,04 Harm or endanger persons,049 Other acts that harm or endanger persons,-,-,Katherine,,5
4/08/2026,2025,12,04 Harm or endanger persons,049 Other acts that harm or endanger persons,-,-,Tennant Creek,,1
4/08/2026,2025,12,04 Harm or endanger persons,049 Other acts that harm or endanger persons,-,-,Nhulunbuy,,1
4/08/2026,2025,12,04 Harm or endanger persons,049 Other acts that harm or endanger persons,-,-,NT Balance,East Arnhem,4
4/08/2026,2025,12,04 Harm or endanger persons,049 Other acts that harm or endanger persons,-,-,NT Balance,Elsey,2
4/08/2026,2025,12,04 Harm or endanger persons,049 Other acts that harm or endanger persons,-,-,NT Balance,Gulf,1
4/08/2026,2025,12,04 Harm or endanger persons,049 Other acts that harm or endanger persons,-,-,NT Balance,Petermann - Simpson,1
4/08/2026,2025,12,04 Harm or endanger persons,049 Other acts that harm or endanger persons,-,-,NT Balance,Thamarrurr,1
4/08/2026,2025,12,04 Harm or endanger persons,049 Other acts that harm or endanger persons,-,-,NT Balance,Victoria River,1
4/08/2026,2025,12,"05 Robbery, blackmail, and extortion",051 Robbery,-,-,Darwin,,11
4/08/2026,2025,12,"05 Robbery, blackmail, and extortion",051 Robbery,-,-,Palmerston,,2
4/08/2026,2025,12,"05 Robbery, blackmail, and extortion",051 Robbery,-,-,Alice Springs,,3
4/08/2026,2025,12,"05 Robbery, blackmail, and extortion",051 Robbery,-,-,Katherine,,7
4/08/2026,2025,12,"05 Robbery, blackmail, and extortion",051 Robbery,-,-,Tennant Creek,,2
4/08/2026,2025,12,"05 Robbery, blackmail, and extortion",051 Robbery,-,-,NT Balance,Elsey,4
4/08/2026,2025,12,"05 Robbery, blackmail, and extortion",051 Robbery,-,-,NT Balance,Gulf,2
4/08/2026,2025,12,"05 Robbery, blackmail, and extortion",051 Robbery,-,-,NT Balance,Unknown ,2
4/08/2026,2025,12,061 Burglary - dwelling,"061 Burglary - dwelling (house break-ins), actual",-,-,Darwin,,17
4/08/2026,2025,12,061 Burglary - dwelling,"061 Burglary - dwelling (house break-ins), actual",-,-,Palmerston,,11
4/08/2026,2025,12,061 Burglary - dwelling,"061 Burglary - dwelling (house break-ins), actual",-,-,Alice Springs,,28
4/08/2026,2025,12,061 Burglary - dwelling,"061 Burglary - dwelling (house break-ins), actual",-,-,Katherine,,23
4/08/2026,2025,12,061 Burglary - dwelling,"061 Burglary - dwelling (house break-ins), actual",-,-,Tennant Creek,,16
4/08/2026,2025,12,061 Burglary - dwelling,"061 Burglary - dwelling (house break-ins), actual",-,-,Nhulunbuy,,2
4/08/2026,2025,12,061 Burglary - dwelling,"061 Burglary - dwelling (house break-ins), actual",-,-,NT Balance,Anindilyakwa,1
4/08/2026,2025,12,061 Burglary - dwelling,"061 Burglary - dwelling (house break-ins), actual",-,-,NT Balance,Barkly,2
4/08/2026,2025,12,061 Burglary - dwelling,"061 Burglary - dwelling (house break-ins), actual",-,-,NT Balance,Daly,1
4/08/2026,2025,12,061 Burglary - dwelling,"061 Burglary - dwelling (house break-ins), actual",-,-,NT Balance,East Arnhem,1
4/08/2026,2025,12,061 Burglary - dwelling,"061 Burglary - dwelling (house break-ins), actual",-,-,NT Balance,Elsey,1
4/08/2026,2025,12,061 Burglary - dwelling,"061 Burglary - dwelling (house break-ins), actual",-,-,NT Balance,Gulf,6
4/08/2026,2025,12,061 Burglary - dwelling,"061 Burglary - dwelling (house break-ins), actual",-,-,NT Balance,Tanami,1
4/08/2026,2025,12,061 Burglary - dwelling,"061 Burglary - dwelling (house break-ins), actual",-,-,NT Balance,Thamarrurr,2
4/08/2026,2025,12,061 Burglary - dwelling,"061 Burglary - dwelling (house break-ins), actual",-,-,NT Balance,Victoria River,3
4/08/2026,2025,12,061 Burglary - dwelling,"061 Burglary - dwelling (house break-ins), actual",-,-,NT Balance,West Arnhem,2
4/08/2026,2025,12,061 Burglary - dwelling,"061 Burglary - dwelling (house break-ins), actual",-,-,NT Balance,Yuendumu - Anmatjere,1
4/08/2026,2025,12,061 Burglary - dwelling,"061 Burglary - dwelling (house break-ins), actual",-,-,NT Balance,Unknown ,1
4/08/2026,2025,12,061 Burglary - dwelling,"061 Burglary - dweling (house break-ins), attempted",-,-,Darwin,,4
4/08/2026,2025,12,061 Burglary - dwelling,"061 Burglary - dweling (house break-ins), attempted",-,-,Palmerston,,2
4/08/2026,2025,12,061 Burglary - dwelling,"061 Burglary - dweling (house break-ins), attempted",-,-,Alice Springs,,3
4/08/2026,2025,12,061 Burglary - dwelling,"061 Burglary - dweling (house break-ins), attempted",-,-,Katherine,,4
4/08/2026,2025,12,061 Burglary - dwelling,"061 Burglary - dweling (house break-ins), attempted",-,-,NT Balance,Anindilyakwa,1
4/08/2026,2025,12,061 Burglary - dwelling,"061 Burglary - dweling (house break-ins), attempted",-,-,NT Balance,Gulf,1
4/08/2026,2025,12,061 Burglary - dwelling,"061 Burglary - dweling (house break-ins), attempted",-,-,NT Balance,Thamarrurr,1
4/08/2026,2025,12,061 Burglary - dwelling,"061 Burglary - dweling (house break-ins), attempted",-,-,NT Balance,Victoria River,1
4/08/2026,2025,12,061 Burglary - dwelling,"061 Burglary - dweling (house break-ins), attempted",-,-,NT Balance,West Arnhem,1
4/08/2026,2025,12,062 Burglary - non-residential,"062 Burglary - non-residential (commercial break-ins), actual",-,-,Darwin,,9
4/08/2026,2025,12,062 Burglary - non-residential,"062 Burglary - non-residential (commercial break-ins), actual",-,-,Palmerston,,5
4/08/2026,2025,12,062 Burglary - non-residential,"062 Burglary - non-residential (commercial break-ins), actual",-,-,Alice Springs,,13
4/08/2026,2025,12,062 Burglary - non-residential,"062 Burglary - non-residential (commercial break-ins), actual",-,-,Katherine,,13
4/08/2026,2025,12,062 Burglary - non-residential,"062 Burglary - non-residential (commercial break-ins), actual",-,-,Tennant Creek,,4
4/08/2026,2025,12,062 Burglary - non-residential,"062 Burglary - non-residential (commercial break-ins), actual",-,-,Nhulunbuy,,2
4/08/2026,2025,12,062 Burglary - non-residential,"062 Burglary - non-residential (commercial break-ins), actual",-,-,NT Balance,Alligator,1
4/08/2026,2025,12,062 Burglary - non-residential,"062 Burglary - non-residential (commercial break-ins), actual",-,-,NT Balance,Anindilyakwa,1
4/08/2026,2025,12,062 Burglary - non-residential,"062 Burglary - non-residential (commercial break-ins), actual",-,-,NT Balance,Barkly,3
4/08/2026,2025,12,062 Burglary - non-residential,"062 Burglary - non-residential (commercial break-ins), actual",-,-,NT Balance,Daly,1
4/08/2026,2025,12,062 Burglary - non-residential,"062 Burglary - non-residential (commercial break-ins), actual",-,-,NT Balance,East Arnhem,9
4/08/2026,2025,12,062 Burglary - non-residential,"062 Burglary - non-residential (commercial break-ins), actual",-,-,NT Balance,Elsey,1
4/08/2026,2025,12,062 Burglary - non-residential,"062 Burglary - non-residential (commercial break-ins), actual",-,-,NT Balance,Gulf,1
4/08/2026,2025,12,062 Burglary - non-residential,"062 Burglary - non-residential (commercial break-ins), actual",-,-,NT Balance,Howard Springs,1
4/08/2026,2025,12,062 Burglary - non-residential,"062 Burglary - non-residential (commercial break-ins), actual",-,-,NT Balance,Humpty Doo,1
4/08/2026,2025,12,062 Burglary - non-residential,"062 Burglary - non-residential (commercial break-ins), actual",-,-,NT Balance,Tanami,4
4/08/2026,2025,12,062 Burglary - non-residential,"062 Burglary - non-residential (commercial break-ins), actual",-,-,NT Balance,Thamarrurr,5
4/08/2026,2025,12,062 Burglary - non-residential,"062 Burglary - non-residential (commercial break-ins), actual",-,-,NT Balance,Tiwi Islands,1
4/08/2026,2025,12,062 Burglary - non-residential,"062 Burglary - non-residential (commercial break-ins), actual",-,-,NT Balance,Victoria River,2
4/08/2026,2025,12,062 Burglary - non-residential,"062 Burglary - non-residential (commercial break-ins), actual",-,-,NT Balance,West Arnhem,1
4/08/2026,2025,12,062 Burglary - non-residential,"062 Burglary - non-residential (commercial break-ins), actual",-,-,NT Balance,Unknown ,2
4/08/2026,2025,12,062 Burglary - non-residential,"062 Burglary - non-residential (commercial break-ins), attempted",-,-,Palmerston,,3
4/08/2026,2025,12,062 Burglary - non-residential,"062 Burglary - non-residential (commercial break-ins), attempted",-,-,Katherine,,2
4/08/2026,2025,12,062 Burglary - non-residential,"062 Burglary - non-residential (commercial break-ins), attempted",-,-,NT Balance,Anindilyakwa,1
4/08/2026,2025,12,062 Burglary - non-residential,"062 Burglary - non-residential (commercial break-ins), attempted",-,-,NT Balance,East Arnhem,1
4/08/2026,2025,12,062 Burglary - non-residential,"062 Burglary - non-residential (commercial break-ins), attempted",-,-,NT Balance,Gulf,3
4/08/2026,2025,12,07 Theft,071 Motor vehicle theft and related offences,-,-,Darwin,,22
4/08/2026,2025,12,07 Theft,071 Motor vehicle theft and related offences,-,-,Palmerston,,9
4/08/2026,2025,12,07 Theft,071 Motor vehicle theft and related offences,-,-,Alice Springs,,7
4/08/2026,2025,12,07 Theft,071 Motor vehicle theft and related offences,-,-,Katherine,,5
4/08/2026,2025,12,07 Theft,071 Motor vehicle theft and related offences,-,-,Tennant Creek,,2
4/08/2026,2025,12,07 Theft,071 Motor vehicle theft and related offences,-,-,NT Balance,Alligator,1
4/08/2026,2025,12,07 Theft,071 Motor vehicle theft and related offences,-,-,NT Balance,East Arnhem,1
4/08/2026,2025,12,07 Theft,071 Motor vehicle theft and related offences,-,-,NT Balance,Elsey,1
4/08/2026,2025,12,07 Theft,071 Motor vehicle theft and related offences,-,-,NT Balance,Tanami,1
4/08/2026,2025,12,07 Theft,071 Motor vehicle theft and related offences,-,-,NT Balance,Thamarrurr,2
4/08/2026,2025,12,07 Theft,071 Motor vehicle theft and related offences,-,-,NT Balance,Tiwi Islands,2
4/08/2026,2025,12,07 Theft,071 Motor vehicle theft and related offences,-,-,NT Balance,Virginia,1
4/08/2026,2025,12,07 Theft,071 Motor vehicle theft and related offences,-,-,NT Balance,Weddell,1
4/08/2026,2025,12,07 Theft,071 Motor vehicle theft and related offences,-,-,NT Balance,Unknown ,1
4/08/2026,2025,12,07 Theft,07* Other theft,-,-,Darwin,,232
4/08/2026,2025,12,07 Theft,07* Other theft,-,-,Palmerston,,97
4/08/2026,2025,12,07 Theft,07* Other theft,-,-,Alice Springs,,108
4/08/2026,2025,12,07 Theft,07* Other theft,-,-,Katherine,,35
4/08/2026,2025,12,07 Theft,07* Other theft,-,-,Tennant Creek,,25
4/08/2026,2025,12,07 Theft,07* Other theft,-,-,Nhulunbuy,,3
4/08/2026,2025,12,07 Theft,07* Other theft,-,-,NT Balance,Alligator,2
4/08/2026,2025,12,07 Theft,07* Other theft,-,-,NT Balance,Anindilyakwa,6
4/08/2026,2025,12,07 Theft,07* Other theft,-,-,NT Balance,Barkly,3
4/08/2026,2025,12,07 Theft,07* Other theft,-,-,NT Balance,Daly,2
4/08/2026,2025,12,07 Theft,07* Other theft,-,-,NT Balance,East Arnhem,7
4/08/2026,2025,12,07 Theft,07* Other theft,-,-,NT Balance,Gulf,6
4/08/2026,2025,12,07 Theft,07* Other theft,-,-,NT Balance,Howard Springs,10
4/08/2026,2025,12,07 Theft,07* Other theft,-,-,NT Balance,Humpty Doo,2
4/08/2026,2025,12,07 Theft,07* Other theft,-,-,NT Balance,Petermann - Simpson,3
4/08/2026,2025,12,07 Theft,07* Other theft,-,-,NT Balance,Tanami,3
4/08/2026,2025,12,07 Theft,07* Other theft,-,-,NT Balance,Thamarrurr,6
4/08/2026,2025,12,07 Theft,07* Other theft,-,-,NT Balance,Tiwi Islands,3
4/08/2026,2025,12,07 Theft,07* Other theft,-,-,NT Balance,Victoria River,3
4/08/2026,2025,12,07 Theft,07* Other theft,-,-,NT Balance,Virginia,10
4/08/2026,2025,12,07 Theft,07* Other theft,-,-,NT Balance,Weddell,3
4/08/2026,2025,12,07 Theft,07* Other theft,-,-,NT Balance,West Arnhem,2
4/08/2026,2025,12,07 Theft,07* Other theft,-,-,NT Balance,Yuendumu - Anmatjere,4
4/08/2026,2025,12,07 Theft,07* Other theft,-,-,NT Balance,Unknown ,8
4/08/2026,2025,12,11 Property damage offences,11 Property damage offences,-,-,Darwin,,175
4/08/2026,2025,12,11 Property damage offences,11 Property damage offences,-,-,Palmerston,,84
4/08/2026,2025,12,11 Property damage offences,11 Property damage offences,-,-,Alice Springs,,161
4/08/2026,2025,12,11 Property damage offences,11 Property damage offences,-,-,Katherine,,52
4/08/2026,2025,12,11 Property damage offences,11 Property damage offences,-,-,Tennant Creek,,29
4/08/2026,2025,12,11 Property damage offences,11 Property damage offences,-,-,Nhulunbuy,,5
4/08/2026,2025,12,11 Property damage offences,11 Property damage offences,-,-,NT Balance,Alligator,2
4/08/2026,2025,12,11 Property damage offences,11 Property damage offences,-,-,NT Balance,Barkly,8
4/08/2026,2025,12,11 Property damage offences,11 Property damage offences,-,-,NT Balance,East Arnhem,20
4/08/2026,2025,12,11 Property damage offences,11 Property damage offences,-,-,NT Balance,Elsey,4
4/08/2026,2025,12,11 Property damage offences,11 Property damage offences,-,-,NT Balance,Gulf,15
4/08/2026,2025,12,11 Property damage offences,11 Property damage offences,-,-,NT Balance,Howard Springs,16
4/08/2026,2025,12,11 Property damage offences,11 Property damage offences,-,-,NT Balance,Humpty Doo,3
4/08/2026,2025,12,11 Property damage offences,11 Property damage offences,-,-,NT Balance,Petermann - Simpson,4
4/08/2026,2025,12,11 Property damage offences,11 Property damage offences,-,-,NT Balance,Sandover - Plenty,2
4/08/2026,2025,12,11 Property damage offences,11 Property damage offences,-,-,NT Balance,Tanami,3
4/08/2026,2025,12,11 Property damage offences,11 Property damage offences,-,-,NT Balance,Thamarrurr,15
4/08/2026,2025,12,11 Property damage offences,11 Property damage offences,-,-,NT Balance,Tiwi Islands,5
4/08/2026,2025,12,11 Property damage offences,11 Property damage offences,-,-,NT Balance,Victoria River,8
4/08/2026,2025,12,11 Property damage offences,11 Property damage offences,-,-,NT Balance,Virginia,1
4/08/2026,2025,12,11 Property damage offences,11 Property damage offences,-,-,NT Balance,Weddell,1
4/08/2026,2025,12,11 Property damage offences,11 Property damage offences,-,-,NT Balance,West Arnhem,7
4/08/2026,2025,12,11 Property damage offences,11 Property damage offences,-,-,NT Balance,Yuendumu - Anmatjere,2
4/08/2026,2025,12,11 Property damage offences,11 Property damage offences,-,-,NT Balance,Unknown ,18
4/08/2026,2026,1,01 Homicide,0132 Driving causing death,-,-,Darwin,,1
4/08/2026,2026,1,01 Homicide,0132 Driving causing death,-,-,NT Balance,Barkly,1
4/08/2026,2026,1,01 Homicide,0132 Driving causing death,-,-,NT Balance,Petermann - Simpson,1
4/08/2026,2026,1,01 Homicide,0132 Driving causing death,-,-,NT Balance,Virginia,1
4/08/2026,2026,1,02 Assault,021 Serious Assault,No,No,Darwin,,27
4/08/2026,2026,1,02 Assault,021 Serious Assault,No,No,Palmerston,,15
4/08/2026,2026,1,02 Assault,021 Serious Assault,No,No,Alice Springs,,17
4/08/2026,2026,1,02 Assault,021 Serious Assault,No,No,Katherine,,12
4/08/2026,2026,1,02 Assault,021 Serious Assault,No,No,Tennant Creek,,9
4/08/2026,2026,1,02 Assault,021 Serious Assault,No,No,NT Balance,Alligator,2
4/08/2026,2026,1,02 Assault,021 Serious Assault,No,No,NT Balance,Anindilyakwa,1
4/08/2026,2026,1,02 Assault,021 Serious Assault,No,No,NT Balance,Barkly,1
4/08/2026,2026,1,02 Assault,021 Serious Assault,No,No,NT Balance,East Arnhem,5
4/08/2026,2026,1,02 Assault,021 Serious Assault,No,No,NT Balance,Elsey,1
4/08/2026,2026,1,02 Assault,021 Serious Assault,No,No,NT Balance,Gulf,1
4/08/2026,2026,1,02 Assault,021 Serious Assault,No,No,NT Balance,Howard Springs,12
4/08/2026,2026,1,02 Assault,021 Serious Assault,No,No,NT Balance,Petermann - Simpson,6
4/08/2026,2026,1,02 Assault,021 Serious Assault,No,No,NT Balance,Sandover - Plenty,7
4/08/2026,2026,1,02 Assault,021 Serious Assault,No,No,NT Balance,Tanami,1
4/08/2026,2026,1,02 Assault,021 Serious Assault,No,No,NT Balance,Thamarrurr,11
4/08/2026,2026,1,02 Assault,021 Serious Assault,No,No,NT Balance,Victoria River,3
4/08/2026,2026,1,02 Assault,021 Serious Assault,No,No,NT Balance,Weddell,1
4/08/2026,2026,1,02 Assault,021 Serious Assault,No,No,NT Balance,West Arnhem,4
4/08/2026,2026,1,02 Assault,021 Serious Assault,No,No,NT Balance,Yuendumu - Anmatjere,2
4/08/2026,2026,1,02 Assault,021 Serious Assault,No,No,NT Balance,Unknown ,4
4/08/2026,2026,1,02 Assault,021 Serious Assault,No,Yes,Darwin,,34
4/08/2026,2026,1,02 Assault,021 Serious Assault,No,Yes,Palmerston,,30
4/08/2026,2026,1,02 Assault,021 Serious Assault,No,Yes,Alice Springs,,41
4/08/2026,2026,1,02 Assault,021 Serious Assault,No,Yes,Katherine,,21
4/08/2026,2026,1,02 Assault,021 Serious Assault,No,Yes,Tennant Creek,,4
4/08/2026,2026,1,02 Assault,021 Serious Assault,No,Yes,Nhulunbuy,,2
4/08/2026,2026,1,02 Assault,021 Serious Assault,No,Yes,NT Balance,Alligator,3
4/08/2026,2026,1,02 Assault,021 Serious Assault,No,Yes,NT Balance,Anindilyakwa,3
4/08/2026,2026,1,02 Assault,021 Serious Assault,No,Yes,NT Balance,Barkly,2
4/08/2026,2026,1,02 Assault,021 Serious Assault,No,Yes,NT Balance,Daly,1
4/08/2026,2026,1,02 Assault,021 Serious Assault,No,Yes,NT Balance,East Arnhem,26
4/08/2026,2026,1,02 Assault,021 Serious Assault,No,Yes,NT Balance,Elsey,11
4/08/2026,2026,1,02 Assault,021 Serious Assault,No,Yes,NT Balance,Gulf,15
4/08/2026,2026,1,02 Assault,021 Serious Assault,No,Yes,NT Balance,Howard Springs,1
4/08/2026,2026,1,02 Assault,021 Serious Assault,No,Yes,NT Balance,Humpty Doo,5
4/08/2026,2026,1,02 Assault,021 Serious Assault,No,Yes,NT Balance,Petermann - Simpson,3
4/08/2026,2026,1,02 Assault,021 Serious Assault,No,Yes,NT Balance,Sandover - Plenty,3
4/08/2026,2026,1,02 Assault,021 Serious Assault,No,Yes,NT Balance,Tanami,12
4/08/2026,2026,1,02 Assault,021 Serious Assault,No,Yes,NT Balance,Thamarrurr,20
4/08/2026,2026,1,02 Assault,021 Serious Assault,No,Yes,NT Balance,Tiwi Islands,12
4/08/2026,2026,1,02 Assault,021 Serious Assault,No,Yes,NT Balance,Victoria River,6
4/08/2026,2026,1,02 Assault,021 Serious Assault,No,Yes,NT Balance,West Arnhem,21
4/08/2026,2026,1,02 Assault,021 Serious Assault,No,Yes,NT Balance,Yuendumu - Anmatjere,3
4/08/2026,2026,1,02 Assault,021 Serious Assault,No,Yes,NT Balance,Unknown ,5
4/08/2026,2026,1,02 Assault,021 Serious Assault,Yes,No,Darwin,,18
4/08/2026,2026,1,02 Assault,021 Serious Assault,Yes,No,Palmerston,,16
4/08/2026,2026,1,02 Assault,021 Serious Assault,Yes,No,Alice Springs,,12
4/08/2026,2026,1,02 Assault,021 Serious Assault,Yes,No,Katherine,,2
4/08/2026,2026,1,02 Assault,021 Serious Assault,Yes,No,Tennant Creek,,1
4/08/2026,2026,1,02 Assault,021 Serious Assault,Yes,No,Nhulunbuy,,1
4/08/2026,2026,1,02 Assault,021 Serious Assault,Yes,No,NT Balance,Alligator,2
4/08/2026,2026,1,02 Assault,021 Serious Assault,Yes,No,NT Balance,Gulf,2
4/08/2026,2026,1,02 Assault,021 Serious Assault,Yes,No,NT Balance,Petermann - Simpson,1
4/08/2026,2026,1,02 Assault,021 Serious Assault,Yes,No,NT Balance,Unknown ,2
4/08/2026,2026,1,02 Assault,021 Serious Assault,Yes,Yes,Darwin,,59
4/08/2026,2026,1,02 Assault,021 Serious Assault,Yes,Yes,Palmerston,,30
4/08/2026,2026,1,02 Assault,021 Serious Assault,Yes,Yes,Alice Springs,,59
4/08/2026,2026,1,02 Assault,021 Serious Assault,Yes,Yes,Katherine,,22
4/08/2026,2026,1,02 Assault,021 Serious Assault,Yes,Yes,Tennant Creek,,20
4/08/2026,2026,1,02 Assault,021 Serious Assault,Yes,Yes,NT Balance,Alligator,2
4/08/2026,2026,1,02 Assault,021 Serious Assault,Yes,Yes,NT Balance,Barkly,1
4/08/2026,2026,1,02 Assault,021 Serious Assault,Yes,Yes,NT Balance,Daly,2
4/08/2026,2026,1,02 Assault,021 Serious Assault,Yes,Yes,NT Balance,East Arnhem,1
4/08/2026,2026,1,02 Assault,021 Serious Assault,Yes,Yes,NT Balance,Elsey,3
4/08/2026,2026,1,02 Assault,021 Serious Assault,Yes,Yes,NT Balance,Gulf,5
4/08/2026,2026,1,02 Assault,021 Serious Assault,Yes,Yes,NT Balance,Howard Springs,2
4/08/2026,2026,1,02 Assault,021 Serious Assault,Yes,Yes,NT Balance,Humpty Doo,1
4/08/2026,2026,1,02 Assault,021 Serious Assault,Yes,Yes,NT Balance,Petermann - Simpson,1
4/08/2026,2026,1,02 Assault,021 Serious Assault,Yes,Yes,NT Balance,Sandover - Plenty,4
4/08/2026,2026,1,02 Assault,021 Serious Assault,Yes,Yes,NT Balance,Tanami,2
4/08/2026,2026,1,02 Assault,021 Serious Assault,Yes,Yes,NT Balance,Thamarrurr,1
4/08/2026,2026,1,02 Assault,021 Serious Assault,Yes,Yes,NT Balance,Tiwi Islands,2
4/08/2026,2026,1,02 Assault,021 Serious Assault,Yes,Yes,NT Balance,Victoria River,4
4/08/2026,2026,1,02 Assault,021 Serious Assault,Yes,Yes,NT Balance,Virginia,1
4/08/2026,2026,1,02 Assault,021 Serious Assault,Yes,Yes,NT Balance,Weddell,2
4/08/2026,2026,1,02 Assault,021 Serious Assault,Yes,Yes,NT Balance,Yuendumu - Anmatjere,4
4/08/2026,2026,1,02 Assault,021 Serious Assault,Yes,Yes,NT Balance,Unknown ,2
4/08/2026,2026,1,02 Assault,022 Assault of a prescribed officer,No,No,Darwin,,2
4/08/2026,2026,1,02 Assault,022 Assault of a prescribed officer,No,No,Palmerston,,2
4/08/2026,2026,1,02 Assault,022 Assault of a prescribed officer,No,No,Alice Springs,,1
4/08/2026,2026,1,02 Assault,022 Assault of a prescribed officer,No,No,Tennant Creek,,1
4/08/2026,2026,1,02 Assault,022 Assault of a prescribed officer,No,No,NT Balance,Barkly,2
4/08/2026,2026,1,02 Assault,022 Assault of a prescribed officer,No,No,NT Balance,East Arnhem,2
4/08/2026,2026,1,02 Assault,022 Assault of a prescribed officer,No,No,NT Balance,West Arnhem,2
4/08/2026,2026,1,02 Assault,022 Assault of a prescribed officer,Yes,No,Darwin,,4
4/08/2026,2026,1,02 Assault,022 Assault of a prescribed officer,Yes,No,Palmerston,,1
4/08/2026,2026,1,02 Assault,022 Assault of a prescribed officer,Yes,No,Alice Springs,,2
4/08/2026,2026,1,02 Assault,022 Assault of a prescribed officer,Yes,Yes,Palmerston,,1
4/08/2026,2026,1,02 Assault,022 Assault of a prescribed officer,Yes,Yes,Alice Springs,,3
4/08/2026,2026,1,02 Assault,022 Assault of a prescribed officer,Yes,Yes,NT Balance,Sandover - Plenty,1
4/08/2026,2026,1,02 Assault,023 Common Assault,No,No,Darwin,,18
4/08/2026,2026,1,02 Assault,023 Common Assault,No,No,Palmerston,,4
4/08/2026,2026,1,02 Assault,023 Common Assault,No,No,Alice Springs,,6
4/08/2026,2026,1,02 Assault,023 Common Assault,No,No,Katherine,,3
4/08/2026,2026,1,02 Assault,023 Common Assault,No,No,Tennant Creek,,2
4/08/2026,2026,1,02 Assault,023 Common Assault,No,No,Nhulunbuy,,1
4/08/2026,2026,1,02 Assault,023 Common Assault,No,No,NT Balance,Alligator,2
4/08/2026,2026,1,02 Assault,023 Common Assault,No,No,NT Balance,Barkly,1
4/08/2026,2026,1,02 Assault,023 Common Assault,No,No,NT Balance,Daly,1
4/08/2026,2026,1,02 Assault,023 Common Assault,No,No,NT Balance,East Arnhem,2
4/08/2026,2026,1,02 Assault,023 Common Assault,No,No,NT Balance,Howard Springs,21
4/08/2026,2026,1,02 Assault,023 Common Assault,No,No,NT Balance,Humpty Doo,1
4/08/2026,2026,1,02 Assault,023 Common Assault,No,No,NT Balance,Sandover - Plenty,2
4/08/2026,2026,1,02 Assault,023 Common Assault,No,No,NT Balance,Victoria River,2
4/08/2026,2026,1,02 Assault,023 Common Assault,No,No,NT Balance,Virginia,1
4/08/2026,2026,1,02 Assault,023 Common Assault,No,No,NT Balance,West Arnhem,1
4/08/2026,2026,1,02 Assault,023 Common Assault,No,No,NT Balance,Yuendumu - Anmatjere,1
4/08/2026,2026,1,02 Assault,023 Common Assault,No,No,NT Balance,Unknown ,2
4/08/2026,2026,1,02 Assault,023 Common Assault,No,Yes,Darwin,,2
4/08/2026,2026,1,02 Assault,023 Common Assault,No,Yes,Alice Springs,,2
4/08/2026,2026,1,02 Assault,023 Common Assault,No,Yes,Katherine,,3
4/08/2026,2026,1,02 Assault,023 Common Assault,No,Yes,NT Balance,Alligator,1
4/08/2026,2026,1,02 Assault,023 Common Assault,No,Yes,NT Balance,East Arnhem,4
4/08/2026,2026,1,02 Assault,023 Common Assault,No,Yes,NT Balance,Elsey,1
4/08/2026,2026,1,02 Assault,023 Common Assault,No,Yes,NT Balance,Thamarrurr,2
4/08/2026,2026,1,02 Assault,023 Common Assault,No,Yes,NT Balance,Unknown ,1
4/08/2026,2026,1,02 Assault,023 Common Assault,Yes,No,Darwin,,9
4/08/2026,2026,1,02 Assault,023 Common Assault,Yes,No,Palmerston,,5
4/08/2026,2026,1,02 Assault,023 Common Assault,Yes,No,Alice Springs,,6
4/08/2026,2026,1,02 Assault,023 Common Assault,Yes,No,Katherine,,1
4/08/2026,2026,1,02 Assault,023 Common Assault,Yes,No,Tennant Creek,,1
4/08/2026,2026,1,02 Assault,023 Common Assault,Yes,No,NT Balance,Gulf,1
4/08/2026,2026,1,02 Assault,023 Common Assault,Yes,Yes,Darwin,,3
4/08/2026,2026,1,02 Assault,023 Common Assault,Yes,Yes,Palmerston,,1
4/08/2026,2026,1,02 Assault,023 Common Assault,Yes,Yes,Alice Springs,,2
4/08/2026,2026,1,02 Assault,023 Common Assault,Yes,Yes,Katherine,,4
4/08/2026,2026,1,02 Assault,023 Common Assault,Yes,Yes,Tennant Creek,,1
4/08/2026,2026,1,02 Assault,023 Common Assault,Yes,Yes,NT Balance,Tiwi Islands,1
4/08/2026,2026,1,03 Sexual offences,031 Sexual assault of an adult,-,-,Darwin,,10
4/08/2026,2026,1,03 Sexual offences,031 Sexual assault of an adult,-,-,Palmerston,,4
4/08/2026,2026,1,03 Sexual offences,031 Sexual assault of an adult,-,-,Alice Springs,,9
4/08/2026,2026,1,03 Sexual offences,031 Sexual assault of an adult,-,-,NT Balance,East Arnhem,1
4/08/2026,2026,1,03 Sexual offences,031 Sexual assault of an adult,-,-,NT Balance,Gulf,2
4/08/2026,2026,1,03 Sexual offences,031 Sexual assault of an adult,-,-,NT Balance,Humpty Doo,2
4/08/2026,2026,1,03 Sexual offences,031 Sexual assault of an adult,-,-,NT Balance,Thamarrurr,1
4/08/2026,2026,1,03 Sexual offences,031 Sexual assault of an adult,-,-,NT Balance,Weddell,1
4/08/2026,2026,1,03 Sexual offences,031 Sexual assault of an adult,-,-,NT Balance,Unknown ,2
4/08/2026,2026,1,03 Sexual offences,032 Sexual assault of a child,-,-,Darwin,,2
4/08/2026,2026,1,03 Sexual offences,032 Sexual assault of a child,-,-,Palmerston,,1
4/08/2026,2026,1,03 Sexual offences,032 Sexual assault of a child,-,-,Alice Springs,,1
4/08/2026,2026,1,03 Sexual offences,032 Sexual assault of a child,-,-,Katherine,,2
4/08/2026,2026,1,03 Sexual offences,032 Sexual assault of a child,-,-,Tennant Creek,,1
4/08/2026,2026,1,03 Sexual offences,032 Sexual assault of a child,-,-,NT Balance,Daly,1
4/08/2026,2026,1,03 Sexual offences,032 Sexual assault of a child,-,-,NT Balance,East Arnhem,1
4/08/2026,2026,1,03 Sexual offences,032 Sexual assault of a child,-,-,NT Balance,Gulf,1
4/08/2026,2026,1,03 Sexual offences,032 Sexual assault of a child,-,-,NT Balance,Humpty Doo,1
4/08/2026,2026,1,03 Sexual offences,032 Sexual assault of a child,-,-,NT Balance,Yuendumu - Anmatjere,1
4/08/2026,2026,1,03 Sexual offences,032 Sexual assault of a child,-,-,NT Balance,Unknown ,3
4/08/2026,2026,1,03 Sexual offences,"033, 034 Other child-related sexual offences",-,-,Darwin,,1
4/08/2026,2026,1,03 Sexual offences,"033, 034 Other child-related sexual offences",-,-,Palmerston,,2
4/08/2026,2026,1,03 Sexual offences,"035, 039 Other sexual offences",-,-,Darwin,,3
4/08/2026,2026,1,03 Sexual offences,"035, 039 Other sexual offences",-,-,Katherine,,1
4/08/2026,2026,1,03 Sexual offences,"035, 039 Other sexual offences",-,-,Tennant Creek,,1
4/08/2026,2026,1,03 Sexual offences,"035, 039 Other sexual offences",-,-,NT Balance,Alligator,1
4/08/2026,2026,1,03 Sexual offences,"035, 039 Other sexual offences",-,-,NT Balance,East Arnhem,1
4/08/2026,2026,1,03 Sexual offences,"035, 039 Other sexual offences",-,-,NT Balance,Thamarrurr,1
4/08/2026,2026,1,03 Sexual offences,"035, 039 Other sexual offences",-,-,NT Balance,Unknown ,1
4/08/2026,2026,1,04 Harm or endanger persons,"041, 042, 043 Human trafficking, abduction, deprivation of liberty",-,-,Darwin,,2
4/08/2026,2026,1,04 Harm or endanger persons,"041, 042, 043 Human trafficking, abduction, deprivation of liberty",-,-,Palmerston,,2
4/08/2026,2026,1,04 Harm or endanger persons,"041, 042, 043 Human trafficking, abduction, deprivation of liberty",-,-,Katherine,,1
4/08/2026,2026,1,04 Harm or endanger persons,"041, 042, 043 Human trafficking, abduction, deprivation of liberty",-,-,Tennant Creek,,1
4/08/2026,2026,1,04 Harm or endanger persons,"041, 042, 043 Human trafficking, abduction, deprivation of liberty",-,-,NT Balance,Gulf,1
4/08/2026,2026,1,04 Harm or endanger persons,"044 Acts that threaten, harass or control",-,-,Darwin,,16
4/08/2026,2026,1,04 Harm or endanger persons,"044 Acts that threaten, harass or control",-,-,Palmerston,,5
4/08/2026,2026,1,04 Harm or endanger persons,"044 Acts that threaten, harass or control",-,-,Alice Springs,,21
4/08/2026,2026,1,04 Harm or endanger persons,"044 Acts that threaten, harass or control",-,-,Katherine,,4
4/08/2026,2026,1,04 Harm or endanger persons,"044 Acts that threaten, harass or control",-,-,Tennant Creek,,1
4/08/2026,2026,1,04 Harm or endanger persons,"044 Acts that threaten, harass or control",-,-,NT Balance,Alligator,1
4/08/2026,2026,1,04 Harm or endanger persons,"044 Acts that threaten, harass or control",-,-,NT Balance,Anindilyakwa,1
4/08/2026,2026,1,04 Harm or endanger persons,"044 Acts that threaten, harass or control",-,-,NT Balance,Daly,1
4/08/2026,2026,1,04 Harm or endanger persons,"044 Acts that threaten, harass or control",-,-,NT Balance,East Arnhem,3
4/08/2026,2026,1,04 Harm or endanger persons,"044 Acts that threaten, harass or control",-,-,NT Balance,Gulf,1
4/08/2026,2026,1,04 Harm or endanger persons,"044 Acts that threaten, harass or control",-,-,NT Balance,Howard Springs,1
4/08/2026,2026,1,04 Harm or endanger persons,"044 Acts that threaten, harass or control",-,-,NT Balance,Humpty Doo,1
4/08/2026,2026,1,04 Harm or endanger persons,"044 Acts that threaten, harass or control",-,-,NT Balance,Petermann - Simpson,1
4/08/2026,2026,1,04 Harm or endanger persons,"044 Acts that threaten, harass or control",-,-,NT Balance,Sandover - Plenty,3
4/08/2026,2026,1,04 Harm or endanger persons,"044 Acts that threaten, harass or control",-,-,NT Balance,Tanami,1
4/08/2026,2026,1,04 Harm or endanger persons,"044 Acts that threaten, harass or control",-,-,NT Balance,Thamarrurr,2
4/08/2026,2026,1,04 Harm or endanger persons,"044 Acts that threaten, harass or control",-,-,NT Balance,Victoria River,2
4/08/2026,2026,1,04 Harm or endanger persons,"044 Acts that threaten, harass or control",-,-,NT Balance,Weddell,1
4/08/2026,2026,1,04 Harm or endanger persons,"044 Acts that threaten, harass or control",-,-,NT Balance,Yuendumu - Anmatjere,3
4/08/2026,2026,1,04 Harm or endanger persons,"044 Acts that threaten, harass or control",-,-,NT Balance,Unknown ,1
4/08/2026,2026,1,04 Harm or endanger persons,045 Driving causing serious injury,-,-,Palmerston,,1
4/08/2026,2026,1,04 Harm or endanger persons,049 Other acts that harm or endanger persons,-,-,Darwin,,3
4/08/2026,2026,1,04 Harm or endanger persons,049 Other acts that harm or endanger persons,-,-,Alice Springs,,7
4/08/2026,2026,1,04 Harm or endanger persons,049 Other acts that harm or endanger persons,-,-,Tennant Creek,,2
4/08/2026,2026,1,04 Harm or endanger persons,049 Other acts that harm or endanger persons,-,-,NT Balance,East Arnhem,2
4/08/2026,2026,1,04 Harm or endanger persons,049 Other acts that harm or endanger persons,-,-,NT Balance,Gulf,1
4/08/2026,2026,1,04 Harm or endanger persons,049 Other acts that harm or endanger persons,-,-,NT Balance,Petermann - Simpson,1
4/08/2026,2026,1,04 Harm or endanger persons,049 Other acts that harm or endanger persons,-,-,NT Balance,Thamarrurr,2
4/08/2026,2026,1,04 Harm or endanger persons,049 Other acts that harm or endanger persons,-,-,NT Balance,Tiwi Islands,3
4/08/2026,2026,1,04 Harm or endanger persons,049 Other acts that harm or endanger persons,-,-,NT Balance,West Arnhem,4
4/08/2026,2026,1,04 Harm or endanger persons,049 Other acts that harm or endanger persons,-,-,NT Balance,Yuendumu - Anmatjere,1
4/08/2026,2026,1,04 Harm or endanger persons,049 Other acts that harm or endanger persons,-,-,NT Balance,Unknown ,1
4/08/2026,2026,1,"05 Robbery, blackmail, and extortion",051 Robbery,-,-,Darwin,,4
4/08/2026,2026,1,"05 Robbery, blackmail, and extortion",051 Robbery,-,-,Palmerston,,5
4/08/2026,2026,1,"05 Robbery, blackmail, and extortion",051 Robbery,-,-,Alice Springs,,6
4/08/2026,2026,1,"05 Robbery, blackmail, and extortion",051 Robbery,-,-,Katherine,,5
4/08/2026,2026,1,"05 Robbery, blackmail, and extortion",051 Robbery,-,-,Tennant Creek,,2
4/08/2026,2026,1,"05 Robbery, blackmail, and extortion",051 Robbery,-,-,Nhulunbuy,,1
4/08/2026,2026,1,"05 Robbery, blackmail, and extortion",051 Robbery,-,-,NT Balance,Barkly,1
4/08/2026,2026,1,"05 Robbery, blackmail, and extortion",051 Robbery,-,-,NT Balance,Thamarrurr,2
4/08/2026,2026,1,"05 Robbery, blackmail, and extortion",051 Robbery,-,-,NT Balance,West Arnhem,1
4/08/2026,2026,1,061 Burglary - dwelling,"061 Burglary - dwelling (house break-ins), actual",-,-,Darwin,,21
4/08/2026,2026,1,061 Burglary - dwelling,"061 Burglary - dwelling (house break-ins), actual",-,-,Palmerston,,17
4/08/2026,2026,1,061 Burglary - dwelling,"061 Burglary - dwelling (house break-ins), actual",-,-,Alice Springs,,43
4/08/2026,2026,1,061 Burglary - dwelling,"061 Burglary - dwelling (house break-ins), actual",-,-,Katherine,,18
4/08/2026,2026,1,061 Burglary - dwelling,"061 Burglary - dwelling (house break-ins), actual",-,-,Tennant Creek,,12
4/08/2026,2026,1,061 Burglary - dwelling,"061 Burglary - dwelling (house break-ins), actual",-,-,Nhulunbuy,,3
4/08/2026,2026,1,061 Burglary - dwelling,"061 Burglary - dwelling (house break-ins), actual",-,-,NT Balance,Alligator,1
4/08/2026,2026,1,061 Burglary - dwelling,"061 Burglary - dwelling (house break-ins), actual",-,-,NT Balance,Anindilyakwa,1
4/08/2026,2026,1,061 Burglary - dwelling,"061 Burglary - dwelling (house break-ins), actual",-,-,NT Balance,Barkly,3
4/08/2026,2026,1,061 Burglary - dwelling,"061 Burglary - dwelling (house break-ins), actual",-,-,NT Balance,East Arnhem,8
4/08/2026,2026,1,061 Burglary - dwelling,"061 Burglary - dwelling (house break-ins), actual",-,-,NT Balance,Elsey,3
4/08/2026,2026,1,061 Burglary - dwelling,"061 Burglary - dwelling (house break-ins), actual",-,-,NT Balance,Gulf,2
4/08/2026,2026,1,061 Burglary - dwelling,"061 Burglary - dwelling (house break-ins), actual",-,-,NT Balance,Petermann - Simpson,3
4/08/2026,2026,1,061 Burglary - dwelling,"061 Burglary - dwelling (house break-ins), actual",-,-,NT Balance,Sandover - Plenty,4
4/08/2026,2026,1,061 Burglary - dwelling,"061 Burglary - dwelling (house break-ins), actual",-,-,NT Balance,Thamarrurr,6
4/08/2026,2026,1,061 Burglary - dwelling,"061 Burglary - dwelling (house break-ins), actual",-,-,NT Balance,Tiwi Islands,2
4/08/2026,2026,1,061 Burglary - dwelling,"061 Burglary - dwelling (house break-ins), actual",-,-,NT Balance,Victoria River,3
4/08/2026,2026,1,061 Burglary - dwelling,"061 Burglary - dwelling (house break-ins), actual",-,-,NT Balance,Virginia,1
4/08/2026,2026,1,061 Burglary - dwelling,"061 Burglary - dwelling (house break-ins), actual",-,-,NT Balance,West Arnhem,2
4/08/2026,2026,1,061 Burglary - dwelling,"061 Burglary - dwelling (house break-ins), actual",-,-,NT Balance,Unknown ,3
4/08/2026,2026,1,061 Burglary - dwelling,"061 Burglary - dweling (house break-ins), attempted",-,-,Darwin,,6
4/08/2026,2026,1,061 Burglary - dwelling,"061 Burglary - dweling (house break-ins), attempted",-,-,Palmerston,,6
4/08/2026,2026,1,061 Burglary - dwelling,"061 Burglary - dweling (house break-ins), attempted",-,-,Alice Springs,,2
4/08/2026,2026,1,061 Burglary - dwelling,"061 Burglary - dweling (house break-ins), attempted",-,-,Katherine,,7
4/08/2026,2026,1,061 Burglary - dwelling,"061 Burglary - dweling (house break-ins), attempted",-,-,Tennant Creek,,3
4/08/2026,2026,1,061 Burglary - dwelling,"061 Burglary - dweling (house break-ins), attempted",-,-,NT Balance,East Arnhem,8
4/08/2026,2026,1,061 Burglary - dwelling,"061 Burglary - dweling (house break-ins), attempted",-,-,NT Balance,Thamarrurr,1
4/08/2026,2026,1,062 Burglary - non-residential,"062 Burglary - non-residential (commercial break-ins), actual",-,-,Darwin,,13
4/08/2026,2026,1,062 Burglary - non-residential,"062 Burglary - non-residential (commercial break-ins), actual",-,-,Palmerston,,10
4/08/2026,2026,1,062 Burglary - non-residential,"062 Burglary - non-residential (commercial break-ins), actual",-,-,Alice Springs,,12
4/08/2026,2026,1,062 Burglary - non-residential,"062 Burglary - non-residential (commercial break-ins), actual",-,-,Katherine,,3
4/08/2026,2026,1,062 Burglary - non-residential,"062 Burglary - non-residential (commercial break-ins), actual",-,-,Tennant Creek,,9
4/08/2026,2026,1,062 Burglary - non-residential,"062 Burglary - non-residential (commercial break-ins), actual",-,-,Nhulunbuy,,3
4/08/2026,2026,1,062 Burglary - non-residential,"062 Burglary - non-residential (commercial break-ins), actual",-,-,NT Balance,Anindilyakwa,6
4/08/2026,2026,1,062 Burglary - non-residential,"062 Burglary - non-residential (commercial break-ins), actual",-,-,NT Balance,Barkly,2
4/08/2026,2026,1,062 Burglary - non-residential,"062 Burglary - non-residential (commercial break-ins), actual",-,-,NT Balance,Daly,1
4/08/2026,2026,1,062 Burglary - non-residential,"062 Burglary - non-residential (commercial break-ins), actual",-,-,NT Balance,East Arnhem,12
4/08/2026,2026,1,062 Burglary - non-residential,"062 Burglary - non-residential (commercial break-ins), actual",-,-,NT Balance,Elsey,3
4/08/2026,2026,1,062 Burglary - non-residential,"062 Burglary - non-residential (commercial break-ins), actual",-,-,NT Balance,Gulf,1
4/08/2026,2026,1,062 Burglary - non-residential,"062 Burglary - non-residential (commercial break-ins), actual",-,-,NT Balance,Petermann - Simpson,2
4/08/2026,2026,1,062 Burglary - non-residential,"062 Burglary - non-residential (commercial break-ins), actual",-,-,NT Balance,Sandover - Plenty,2
4/08/2026,2026,1,062 Burglary - non-residential,"062 Burglary - non-residential (commercial break-ins), actual",-,-,NT Balance,Tanami,1
4/08/2026,2026,1,062 Burglary - non-residential,"062 Burglary - non-residential (commercial break-ins), actual",-,-,NT Balance,Thamarrurr,10
4/08/2026,2026,1,062 Burglary - non-residential,"062 Burglary - non-residential (commercial break-ins), actual",-,-,NT Balance,Victoria River,1
4/08/2026,2026,1,062 Burglary - non-residential,"062 Burglary - non-residential (commercial break-ins), actual",-,-,NT Balance,West Arnhem,2
4/08/2026,2026,1,062 Burglary - non-residential,"062 Burglary - non-residential (commercial break-ins), actual",-,-,NT Balance,Unknown ,1
4/08/2026,2026,1,062 Burglary - non-residential,"062 Burglary - non-residential (commercial break-ins), attempted",-,-,Darwin,,3
4/08/2026,2026,1,062 Burglary - non-residential,"062 Burglary - non-residential (commercial break-ins), attempted",-,-,Palmerston,,1
4/08/2026,2026,1,062 Burglary - non-residential,"062 Burglary - non-residential (commercial break-ins), attempted",-,-,Alice Springs,,3
4/08/2026,2026,1,062 Burglary - non-residential,"062 Burglary - non-residential (commercial break-ins), attempted",-,-,Tennant Creek,,1
4/08/2026,2026,1,062 Burglary - non-residential,"062 Burglary - non-residential (commercial break-ins), attempted",-,-,NT Balance,East Arnhem,4
4/08/2026,2026,1,062 Burglary - non-residential,"062 Burglary - non-residential (commercial break-ins), attempted",-,-,NT Balance,Elsey,1
4/08/2026,2026,1,062 Burglary - non-residential,"062 Burglary - non-residential (commercial break-ins), attempted",-,-,NT Balance,Gulf,1
4/08/2026,2026,1,062 Burglary - non-residential,"062 Burglary - non-residential (commercial break-ins), attempted",-,-,NT Balance,Thamarrurr,1
4/08/2026,2026,1,062 Burglary - non-residential,"062 Burglary - non-residential (commercial break-ins), attempted",-,-,NT Balance,Tiwi Islands,1
4/08/2026,2026,1,062 Burglary - non-residential,"062 Burglary - non-residential (commercial break-ins), attempted",-,-,NT Balance,Victoria River,1
4/08/2026,2026,1,062 Burglary - non-residential,"062 Burglary - non-residential (commercial break-ins), attempted",-,-,NT Balance,West Arnhem,2
4/08/2026,2026,1,07 Theft,071 Motor vehicle theft and related offences,-,-,Darwin,,11
4/08/2026,2026,1,07 Theft,071 Motor vehicle theft and related offences,-,-,Palmerston,,8
4/08/2026,2026,1,07 Theft,071 Motor vehicle theft and related offences,-,-,Alice Springs,,5
4/08/2026,2026,1,07 Theft,071 Motor vehicle theft and related offences,-,-,Katherine,,3
4/08/2026,2026,1,07 Theft,071 Motor vehicle theft and related offences,-,-,Tennant Creek,,2
4/08/2026,2026,1,07 Theft,071 Motor vehicle theft and related offences,-,-,NT Balance,Alligator,2
4/08/2026,2026,1,07 Theft,071 Motor vehicle theft and related offences,-,-,NT Balance,Barkly,2
4/08/2026,2026,1,07 Theft,071 Motor vehicle theft and related offences,-,-,NT Balance,East Arnhem,1
4/08/2026,2026,1,07 Theft,071 Motor vehicle theft and related offences,-,-,NT Balance,Sandover - Plenty,1
4/08/2026,2026,1,07 Theft,071 Motor vehicle theft and related offences,-,-,NT Balance,Tanami,1
4/08/2026,2026,1,07 Theft,071 Motor vehicle theft and related offences,-,-,NT Balance,Yuendumu - Anmatjere,1
4/08/2026,2026,1,07 Theft,071 Motor vehicle theft and related offences,-,-,NT Balance,Unknown ,1
4/08/2026,2026,1,07 Theft,07* Other theft,-,-,Darwin,,223
4/08/2026,2026,1,07 Theft,07* Other theft,-,-,Palmerston,,130
4/08/2026,2026,1,07 Theft,07* Other theft,-,-,Alice Springs,,105
4/08/2026,2026,1,07 Theft,07* Other theft,-,-,Katherine,,25
4/08/2026,2026,1,07 Theft,07* Other theft,-,-,Tennant Creek,,15
4/08/2026,2026,1,07 Theft,07* Other theft,-,-,Nhulunbuy,,6
4/08/2026,2026,1,07 Theft,07* Other theft,-,-,NT Balance,Alligator,8
4/08/2026,2026,1,07 Theft,07* Other theft,-,-,NT Balance,Anindilyakwa,1
4/08/2026,2026,1,07 Theft,07* Other theft,-,-,NT Balance,Barkly,5
4/08/2026,2026,1,07 Theft,07* Other theft,-,-,NT Balance,Daly,2
4/08/2026,2026,1,07 Theft,07* Other theft,-,-,NT Balance,East Arnhem,8
4/08/2026,2026,1,07 Theft,07* Other theft,-,-,NT Balance,Gulf,9
4/08/2026,2026,1,07 Theft,07* Other theft,-,-,NT Balance,Howard Springs,7
4/08/2026,2026,1,07 Theft,07* Other theft,-,-,NT Balance,Humpty Doo,2
4/08/2026,2026,1,07 Theft,07* Other theft,-,-,NT Balance,Petermann - Simpson,7
4/08/2026,2026,1,07 Theft,07* Other theft,-,-,NT Balance,Sandover - Plenty,1
4/08/2026,2026,1,07 Theft,07* Other theft,-,-,NT Balance,Thamarrurr,8
4/08/2026,2026,1,07 Theft,07* Other theft,-,-,NT Balance,Tiwi Islands,1
4/08/2026,2026,1,07 Theft,07* Other theft,-,-,NT Balance,Victoria River,6
4/08/2026,2026,1,07 Theft,07* Other theft,-,-,NT Balance,Virginia,11
4/08/2026,2026,1,07 Theft,07* Other theft,-,-,NT Balance,West Arnhem,5
4/08/2026,2026,1,07 Theft,07* Other theft,-,-,NT Balance,Unknown ,7
4/08/2026,2026,1,11 Property damage offences,11 Property damage offences,-,-,Darwin,,168
4/08/2026,2026,1,11 Property damage offences,11 Property damage offences,-,-,Palmerston,,103
4/08/2026,2026,1,11 Property damage offences,11 Property damage offences,-,-,Alice Springs,,119
4/08/2026,2026,1,11 Property damage offences,11 Property damage offences,-,-,Katherine,,57
4/08/2026,2026,1,11 Property damage offences,11 Property damage offences,-,-,Tennant Creek,,61
4/08/2026,2026,1,11 Property damage offences,11 Property damage offences,-,-,Nhulunbuy,,8
4/08/2026,2026,1,11 Property damage offences,11 Property damage offences,-,-,NT Balance,Alligator,3
4/08/2026,2026,1,11 Property damage offences,11 Property damage offences,-,-,NT Balance,Anindilyakwa,5
4/08/2026,2026,1,11 Property damage offences,11 Property damage offences,-,-,NT Balance,Barkly,6
4/08/2026,2026,1,11 Property damage offences,11 Property damage offences,-,-,NT Balance,Daly,6
4/08/2026,2026,1,11 Property damage offences,11 Property damage offences,-,-,NT Balance,East Arnhem,33
4/08/2026,2026,1,11 Property damage offences,11 Property damage offences,-,-,NT Balance,Elsey,5
4/08/2026,2026,1,11 Property damage offences,11 Property damage offences,-,-,NT Balance,Gulf,7
4/08/2026,2026,1,11 Property damage offences,11 Property damage offences,-,-,NT Balance,Howard Springs,7
4/08/2026,2026,1,11 Property damage offences,11 Property damage offences,-,-,NT Balance,Petermann - Simpson,4
4/08/2026,2026,1,11 Property damage offences,11 Property damage offences,-,-,NT Balance,Sandover - Plenty,5
4/08/2026,2026,1,11 Property damage offences,11 Property damage offences,-,-,NT Balance,Tanami,8
4/08/2026,2026,1,11 Property damage offences,11 Property damage offences,-,-,NT Balance,Thamarrurr,22
4/08/2026,2026,1,11 Property damage offences,11 Property damage offences,-,-,NT Balance,Tiwi Islands,4
4/08/2026,2026,1,11 Property damage offences,11 Property damage offences,-,-,NT Balance,Victoria River,12
4/08/2026,2026,1,11 Property damage offences,11 Property damage offences,-,-,NT Balance,Virginia,5
4/08/2026,2026,1,11 Property damage offences,11 Property damage offences,-,-,NT Balance,Weddell,3
4/08/2026,2026,1,11 Property damage offences,11 Property damage offences,-,-,NT Balance,West Arnhem,10
4/08/2026,2026,1,11 Property damage offences,11 Property damage offences,-,-,NT Balance,Yuendumu - Anmatjere,3
4/08/2026,2026,1,11 Property damage offences,11 Property damage offences,-,-,NT Balance,Unknown ,16
4/08/2026,2026,2,01 Homicide,0110 Murder,-,-,NT Balance,East Arnhem,1
4/08/2026,2026,2,01 Homicide,0132 Driving causing death,-,-,Katherine,,1
4/08/2026,2026,2,01 Homicide,0132 Driving causing death,-,-,NT Balance,Yuendumu - Anmatjere,1
4/08/2026,2026,2,02 Assault,021 Serious Assault,No,No,Darwin,,26
4/08/2026,2026,2,02 Assault,021 Serious Assault,No,No,Palmerston,,15
4/08/2026,2026,2,02 Assault,021 Serious Assault,No,No,Alice Springs,,31
4/08/2026,2026,2,02 Assault,021 Serious Assault,No,No,Katherine,,13
4/08/2026,2026,2,02 Assault,021 Serious Assault,No,No,Tennant Creek,,4
4/08/2026,2026,2,02 Assault,021 Serious Assault,No,No,Nhulunbuy,,1
4/08/2026,2026,2,02 Assault,021 Serious Assault,No,No,NT Balance,Anindilyakwa,2
4/08/2026,2026,2,02 Assault,021 Serious Assault,No,No,NT Balance,Daly,1
4/08/2026,2026,2,02 Assault,021 Serious Assault,No,No,NT Balance,East Arnhem,8
4/08/2026,2026,2,02 Assault,021 Serious Assault,No,No,NT Balance,Gulf,2
4/08/2026,2026,2,02 Assault,021 Serious Assault,No,No,NT Balance,Howard Springs,14
4/08/2026,2026,2,02 Assault,021 Serious Assault,No,No,NT Balance,Petermann - Simpson,1
4/08/2026,2026,2,02 Assault,021 Serious Assault,No,No,NT Balance,Sandover - Plenty,2
4/08/2026,2026,2,02 Assault,021 Serious Assault,No,No,NT Balance,Tanami,2
4/08/2026,2026,2,02 Assault,021 Serious Assault,No,No,NT Balance,Thamarrurr,6
4/08/2026,2026,2,02 Assault,021 Serious Assault,No,No,NT Balance,Tiwi Islands,3
4/08/2026,2026,2,02 Assault,021 Serious Assault,No,No,NT Balance,Weddell,1
4/08/2026,2026,2,02 Assault,021 Serious Assault,No,No,NT Balance,West Arnhem,1
4/08/2026,2026,2,02 Assault,021 Serious Assault,No,No,NT Balance,Yuendumu - Anmatjere,2
4/08/2026,2026,2,02 Assault,021 Serious Assault,No,No,NT Balance,Unknown ,1
4/08/2026,2026,2,02 Assault,021 Serious Assault,No,Yes,Darwin,,39
4/08/2026,2026,2,02 Assault,021 Serious Assault,No,Yes,Palmerston,,16
4/08/2026,2026,2,02 Assault,021 Serious Assault,No,Yes,Alice Springs,,52
4/08/2026,2026,2,02 Assault,021 Serious Assault,No,Yes,Katherine,,22
4/08/2026,2026,2,02 Assault,021 Serious Assault,No,Yes,Tennant Creek,,4
4/08/2026,2026,2,02 Assault,021 Serious Assault,No,Yes,Nhulunbuy,,1
4/08/2026,2026,2,02 Assault,021 Serious Assault,No,Yes,NT Balance,Anindilyakwa,5
4/08/2026,2026,2,02 Assault,021 Serious Assault,No,Yes,NT Balance,Barkly,4
4/08/2026,2026,2,02 Assault,021 Serious Assault,No,Yes,NT Balance,Daly,2
4/08/2026,2026,2,02 Assault,021 Serious Assault,No,Yes,NT Balance,East Arnhem,8
4/08/2026,2026,2,02 Assault,021 Serious Assault,No,Yes,NT Balance,Elsey,4
4/08/2026,2026,2,02 Assault,021 Serious Assault,No,Yes,NT Balance,Gulf,4
4/08/2026,2026,2,02 Assault,021 Serious Assault,No,Yes,NT Balance,Howard Springs,3
4/08/2026,2026,2,02 Assault,021 Serious Assault,No,Yes,NT Balance,Humpty Doo,2
4/08/2026,2026,2,02 Assault,021 Serious Assault,No,Yes,NT Balance,Sandover - Plenty,7
4/08/2026,2026,2,02 Assault,021 Serious Assault,No,Yes,NT Balance,Tanami,7
4/08/2026,2026,2,02 Assault,021 Serious Assault,No,Yes,NT Balance,Thamarrurr,9
4/08/2026,2026,2,02 Assault,021 Serious Assault,No,Yes,NT Balance,Tiwi Islands,3
4/08/2026,2026,2,02 Assault,021 Serious Assault,No,Yes,NT Balance,Victoria River,2
4/08/2026,2026,2,02 Assault,021 Serious Assault,No,Yes,NT Balance,West Arnhem,7
4/08/2026,2026,2,02 Assault,021 Serious Assault,No,Yes,NT Balance,Yuendumu - Anmatjere,1
4/08/2026,2026,2,02 Assault,021 Serious Assault,No,Yes,NT Balance,Unknown ,2
4/08/2026,2026,2,02 Assault,021 Serious Assault,Yes,No,Darwin,,20
4/08/2026,2026,2,02 Assault,021 Serious Assault,Yes,No,Palmerston,,8
4/08/2026,2026,2,02 Assault,021 Serious Assault,Yes,No,Alice Springs,,14
4/08/2026,2026,2,02 Assault,021 Serious Assault,Yes,No,Katherine,,5
4/08/2026,2026,2,02 Assault,021 Serious Assault,Yes,No,Tennant Creek,,3
4/08/2026,2026,2,02 Assault,021 Serious Assault,Yes,No,Nhulunbuy,,2
4/08/2026,2026,2,02 Assault,021 Serious Assault,Yes,No,NT Balance,Alligator,1
4/08/2026,2026,2,02 Assault,021 Serious Assault,Yes,No,NT Balance,East Arnhem,1
4/08/2026,2026,2,02 Assault,021 Serious Assault,Yes,No,NT Balance,Elsey,1
4/08/2026,2026,2,02 Assault,021 Serious Assault,Yes,No,NT Balance,Gulf,2
4/08/2026,2026,2,02 Assault,021 Serious Assault,Yes,No,NT Balance,Howard Springs,1
4/08/2026,2026,2,02 Assault,021 Serious Assault,Yes,No,NT Balance,Petermann - Simpson,1
4/08/2026,2026,2,02 Assault,021 Serious Assault,Yes,No,NT Balance,Victoria River,2
4/08/2026,2026,2,02 Assault,021 Serious Assault,Yes,No,NT Balance,Unknown ,2
4/08/2026,2026,2,02 Assault,021 Serious Assault,Yes,Yes,Darwin,,68
4/08/2026,2026,2,02 Assault,021 Serious Assault,Yes,Yes,Palmerston,,35
4/08/2026,2026,2,02 Assault,021 Serious Assault,Yes,Yes,Alice Springs,,62
4/08/2026,2026,2,02 Assault,021 Serious Assault,Yes,Yes,Katherine,,25
4/08/2026,2026,2,02 Assault,021 Serious Assault,Yes,Yes,Tennant Creek,,17
4/08/2026,2026,2,02 Assault,021 Serious Assault,Yes,Yes,Nhulunbuy,,5
4/08/2026,2026,2,02 Assault,021 Serious Assault,Yes,Yes,NT Balance,Alligator,1
4/08/2026,2026,2,02 Assault,021 Serious Assault,Yes,Yes,NT Balance,Barkly,2
4/08/2026,2026,2,02 Assault,021 Serious Assault,Yes,Yes,NT Balance,Daly,2
4/08/2026,2026,2,02 Assault,021 Serious Assault,Yes,Yes,NT Balance,East Arnhem,6
4/08/2026,2026,2,02 Assault,021 Serious Assault,Yes,Yes,NT Balance,Elsey,5
4/08/2026,2026,2,02 Assault,021 Serious Assault,Yes,Yes,NT Balance,Gulf,3
4/08/2026,2026,2,02 Assault,021 Serious Assault,Yes,Yes,NT Balance,Howard Springs,1
4/08/2026,2026,2,02 Assault,021 Serious Assault,Yes,Yes,NT Balance,Sandover - Plenty,2
4/08/2026,2026,2,02 Assault,021 Serious Assault,Yes,Yes,NT Balance,Tanami,1
4/08/2026,2026,2,02 Assault,021 Serious Assault,Yes,Yes,NT Balance,Tiwi Islands,1
4/08/2026,2026,2,02 Assault,021 Serious Assault,Yes,Yes,NT Balance,Victoria River,6
4/08/2026,2026,2,02 Assault,021 Serious Assault,Yes,Yes,NT Balance,West Arnhem,5
4/08/2026,2026,2,02 Assault,021 Serious Assault,Yes,Yes,NT Balance,Yuendumu - Anmatjere,1
4/08/2026,2026,2,02 Assault,021 Serious Assault,Yes,Yes,NT Balance,Unknown ,3
4/08/2026,2026,2,02 Assault,022 Assault of a prescribed officer,No,No,Darwin,,3
4/08/2026,2026,2,02 Assault,022 Assault of a prescribed officer,No,No,Palmerston,,1
4/08/2026,2026,2,02 Assault,022 Assault of a prescribed officer,No,No,Alice Springs,,4
4/08/2026,2026,2,02 Assault,022 Assault of a prescribed officer,No,No,Katherine,,2
4/08/2026,2026,2,02 Assault,022 Assault of a prescribed officer,No,No,NT Balance,East Arnhem,2
4/08/2026,2026,2,02 Assault,022 Assault of a prescribed officer,No,No,NT Balance,Gulf,2
4/08/2026,2026,2,02 Assault,022 Assault of a prescribed officer,No,No,NT Balance,Unknown ,1
4/08/2026,2026,2,02 Assault,022 Assault of a prescribed officer,No,Yes,Darwin,,1
4/08/2026,2026,2,02 Assault,022 Assault of a prescribed officer,No,Yes,Palmerston,,1
4/08/2026,2026,2,02 Assault,022 Assault of a prescribed officer,Yes,No,Darwin,,6
4/08/2026,2026,2,02 Assault,022 Assault of a prescribed officer,Yes,No,Palmerston,,1
4/08/2026,2026,2,02 Assault,022 Assault of a prescribed officer,Yes,No,Alice Springs,,1
4/08/2026,2026,2,02 Assault,022 Assault of a prescribed officer,Yes,No,Katherine,,1
4/08/2026,2026,2,02 Assault,022 Assault of a prescribed officer,Yes,No,Tennant Creek,,1
4/08/2026,2026,2,02 Assault,022 Assault of a prescribed officer,Yes,No,NT Balance,Anindilyakwa,1
4/08/2026,2026,2,02 Assault,022 Assault of a prescribed officer,Yes,No,NT Balance,Gulf,1
4/08/2026,2026,2,02 Assault,022 Assault of a prescribed officer,Yes,Yes,Darwin,,1
4/08/2026,2026,2,02 Assault,022 Assault of a prescribed officer,Yes,Yes,Alice Springs,,1
4/08/2026,2026,2,02 Assault,022 Assault of a prescribed officer,Yes,Yes,Katherine,,1
4/08/2026,2026,2,02 Assault,023 Common Assault,No,No,Darwin,,25
4/08/2026,2026,2,02 Assault,023 Common Assault,No,No,Palmerston,,5
4/08/2026,2026,2,02 Assault,023 Common Assault,No,No,Alice Springs,,8
4/08/2026,2026,2,02 Assault,023 Common Assault,No,No,Katherine,,4
4/08/2026,2026,2,02 Assault,023 Common Assault,No,No,Tennant Creek,,1
4/08/2026,2026,2,02 Assault,023 Common Assault,No,No,NT Balance,Alligator,1
4/08/2026,2026,2,02 Assault,023 Common Assault,No,No,NT Balance,Howard Springs,10
4/08/2026,2026,2,02 Assault,023 Common Assault,No,No,NT Balance,Humpty Doo,1
4/08/2026,2026,2,02 Assault,023 Common Assault,No,No,NT Balance,Sandover - Plenty,2
4/08/2026,2026,2,02 Assault,023 Common Assault,No,No,NT Balance,Tiwi Islands,1
4/08/2026,2026,2,02 Assault,023 Common Assault,No,No,NT Balance,Unknown ,1
4/08/2026,2026,2,02 Assault,023 Common Assault,No,Yes,Darwin,,1
4/08/2026,2026,2,02 Assault,023 Common Assault,No,Yes,Alice Springs,,4
4/08/2026,2026,2,02 Assault,023 Common Assault,No,Yes,Katherine,,1
4/08/2026,2026,2,02 Assault,023 Common Assault,No,Yes,NT Balance,Anindilyakwa,1
4/08/2026,2026,2,02 Assault,023 Common Assault,No,Yes,NT Balance,Elsey,2
4/08/2026,2026,2,02 Assault,023 Common Assault,Yes,No,Darwin,,5
4/08/2026,2026,2,02 Assault,023 Common Assault,Yes,No,Palmerston,,3
4/08/2026,2026,2,02 Assault,023 Common Assault,Yes,No,Alice Springs,,1
4/08/2026,2026,2,02 Assault,023 Common Assault,Yes,No,Katherine,,2
4/08/2026,2026,2,02 Assault,023 Common Assault,Yes,No,Nhulunbuy,,2
4/08/2026,2026,2,02 Assault,023 Common Assault,Yes,No,NT Balance,Elsey,1
4/08/2026,2026,2,02 Assault,023 Common Assault,Yes,Yes,Darwin,,5
4/08/2026,2026,2,02 Assault,023 Common Assault,Yes,Yes,Palmerston,,3
4/08/2026,2026,2,02 Assault,023 Common Assault,Yes,Yes,Alice Springs,,3
4/08/2026,2026,2,02 Assault,023 Common Assault,Yes,Yes,Katherine,,2
4/08/2026,2026,2,02 Assault,023 Common Assault,Yes,Yes,NT Balance,Elsey,1
4/08/2026,2026,2,02 Assault,023 Common Assault,Yes,Yes,NT Balance,West Arnhem,1
4/08/2026,2026,2,03 Sexual offences,031 Sexual assault of an adult,-,-,Darwin,,4
4/08/2026,2026,2,03 Sexual offences,031 Sexual assault of an adult,-,-,Palmerston,,3
4/08/2026,2026,2,03 Sexual offences,031 Sexual assault of an adult,-,-,Alice Springs,,5
4/08/2026,2026,2,03 Sexual offences,031 Sexual assault of an adult,-,-,Katherine,,5
4/08/2026,2026,2,03 Sexual offences,031 Sexual assault of an adult,-,-,Tennant Creek,,1
4/08/2026,2026,2,03 Sexual offences,031 Sexual assault of an adult,-,-,NT Balance,Barkly,1
4/08/2026,2026,2,03 Sexual offences,031 Sexual assault of an adult,-,-,NT Balance,East Arnhem,1
4/08/2026,2026,2,03 Sexual offences,031 Sexual assault of an adult,-,-,NT Balance,Howard Springs,2
4/08/2026,2026,2,03 Sexual offences,031 Sexual assault of an adult,-,-,NT Balance,Humpty Doo,1
4/08/2026,2026,2,03 Sexual offences,031 Sexual assault of an adult,-,-,NT Balance,Tiwi Islands,3
4/08/2026,2026,2,03 Sexual offences,031 Sexual assault of an adult,-,-,NT Balance,West Arnhem,1
4/08/2026,2026,2,03 Sexual offences,031 Sexual assault of an adult,-,-,NT Balance,Unknown ,1
4/08/2026,2026,2,03 Sexual offences,032 Sexual assault of a child,-,-,Darwin,,5
4/08/2026,2026,2,03 Sexual offences,032 Sexual assault of a child,-,-,Alice Springs,,2
4/08/2026,2026,2,03 Sexual offences,"033, 034 Other child-related sexual offences",-,-,Darwin,,4
4/08/2026,2026,2,03 Sexual offences,"033, 034 Other child-related sexual offences",-,-,Alice Springs,,1
4/08/2026,2026,2,03 Sexual offences,"033, 034 Other child-related sexual offences",-,-,NT Balance,East Arnhem,4
4/08/2026,2026,2,03 Sexual offences,"035, 039 Other sexual offences",-,-,Darwin,,2
4/08/2026,2026,2,03 Sexual offences,"035, 039 Other sexual offences",-,-,Palmerston,,3
4/08/2026,2026,2,03 Sexual offences,"035, 039 Other sexual offences",-,-,Alice Springs,,1
4/08/2026,2026,2,03 Sexual offences,"035, 039 Other sexual offences",-,-,Katherine,,1
4/08/2026,2026,2,03 Sexual offences,"035, 039 Other sexual offences",-,-,NT Balance,Daly,1
4/08/2026,2026,2,03 Sexual offences,"035, 039 Other sexual offences",-,-,NT Balance,East Arnhem,1
4/08/2026,2026,2,04 Harm or endanger persons,"041, 042, 043 Human trafficking, abduction, deprivation of liberty",-,-,Darwin,,2
4/08/2026,2026,2,04 Harm or endanger persons,"041, 042, 043 Human trafficking, abduction, deprivation of liberty",-,-,Palmerston,,1
4/08/2026,2026,2,04 Harm or endanger persons,"041, 042, 043 Human trafficking, abduction, deprivation of liberty",-,-,NT Balance,Sandover - Plenty,1
4/08/2026,2026,2,04 Harm or endanger persons,"044 Acts that threaten, harass or control",-,-,Darwin,,24
4/08/2026,2026,2,04 Harm or endanger persons,"044 Acts that threaten, harass or control",-,-,Palmerston,,12
4/08/2026,2026,2,04 Harm or endanger persons,"044 Acts that threaten, harass or control",-,-,Alice Springs,,14
4/08/2026,2026,2,04 Harm or endanger persons,"044 Acts that threaten, harass or control",-,-,Katherine,,3
4/08/2026,2026,2,04 Harm or endanger persons,"044 Acts that threaten, harass or control",-,-,Tennant Creek,,1
4/08/2026,2026,2,04 Harm or endanger persons,"044 Acts that threaten, harass or control",-,-,NT Balance,Anindilyakwa,1
4/08/2026,2026,2,04 Harm or endanger persons,"044 Acts that threaten, harass or control",-,-,NT Balance,Daly,3
4/08/2026,2026,2,04 Harm or endanger persons,"044 Acts that threaten, harass or control",-,-,NT Balance,East Arnhem,1
4/08/2026,2026,2,04 Harm or endanger persons,"044 Acts that threaten, harass or control",-,-,NT Balance,Elsey,1
4/08/2026,2026,2,04 Harm or endanger persons,"044 Acts that threaten, harass or control",-,-,NT Balance,Gulf,1
4/08/2026,2026,2,04 Harm or endanger persons,"044 Acts that threaten, harass or control",-,-,NT Balance,Howard Springs,3
4/08/2026,2026,2,04 Harm or endanger persons,"044 Acts that threaten, harass or control",-,-,NT Balance,Sandover - Plenty,1
4/08/2026,2026,2,04 Harm or endanger persons,"044 Acts that threaten, harass or control",-,-,NT Balance,Tanami,1
4/08/2026,2026,2,04 Harm or endanger persons,"044 Acts that threaten, harass or control",-,-,NT Balance,Thamarrurr,1
4/08/2026,2026,2,04 Harm or endanger persons,"044 Acts that threaten, harass or control",-,-,NT Balance,Weddell,1
4/08/2026,2026,2,04 Harm or endanger persons,"044 Acts that threaten, harass or control",-,-,NT Balance,Unknown ,1
4/08/2026,2026,2,04 Harm or endanger persons,045 Driving causing serious injury,-,-,Darwin,,2
4/08/2026,2026,2,04 Harm or endanger persons,049 Other acts that harm or endanger persons,-,-,Darwin,,5
4/08/2026,2026,2,04 Harm or endanger persons,049 Other acts that harm or endanger persons,-,-,Palmerston,,1
4/08/2026,2026,2,04 Harm or endanger persons,049 Other acts that harm or endanger persons,-,-,Alice Springs,,10
4/08/2026,2026,2,04 Harm or endanger persons,049 Other acts that harm or endanger persons,-,-,Katherine,,5
4/08/2026,2026,2,04 Harm or endanger persons,049 Other acts that harm or endanger persons,-,-,Tennant Creek,,1
4/08/2026,2026,2,04 Harm or endanger persons,049 Other acts that harm or endanger persons,-,-,NT Balance,Daly,2
4/08/2026,2026,2,04 Harm or endanger persons,049 Other acts that harm or endanger persons,-,-,NT Balance,Gulf,1
4/08/2026,2026,2,04 Harm or endanger persons,049 Other acts that harm or endanger persons,-,-,NT Balance,Howard Springs,1
4/08/2026,2026,2,04 Harm or endanger persons,049 Other acts that harm or endanger persons,-,-,NT Balance,Sandover - Plenty,1
4/08/2026,2026,2,04 Harm or endanger persons,049 Other acts that harm or endanger persons,-,-,NT Balance,Thamarrurr,3
4/08/2026,2026,2,04 Harm or endanger persons,049 Other acts that harm or endanger persons,-,-,NT Balance,Victoria River,1
4/08/2026,2026,2,04 Harm or endanger persons,049 Other acts that harm or endanger persons,-,-,NT Balance,West Arnhem,2
4/08/2026,2026,2,"05 Robbery, blackmail, and extortion",051 Robbery,-,-,Darwin,,14
4/08/2026,2026,2,"05 Robbery, blackmail, and extortion",051 Robbery,-,-,Palmerston,,6
4/08/2026,2026,2,"05 Robbery, blackmail, and extortion",051 Robbery,-,-,Alice Springs,,3
4/08/2026,2026,2,"05 Robbery, blackmail, and extortion",051 Robbery,-,-,Katherine,,12
4/08/2026,2026,2,"05 Robbery, blackmail, and extortion",051 Robbery,-,-,NT Balance,East Arnhem,1
4/08/2026,2026,2,"05 Robbery, blackmail, and extortion",051 Robbery,-,-,NT Balance,Howard Springs,1
4/08/2026,2026,2,"05 Robbery, blackmail, and extortion",051 Robbery,-,-,NT Balance,Tiwi Islands,1
4/08/2026,2026,2,"05 Robbery, blackmail, and extortion",052 Blackmail or other extortion,-,-,Darwin,,1
4/08/2026,2026,2,061 Burglary - dwelling,"061 Burglary - dwelling (house break-ins), actual",-,-,Darwin,,33
4/08/2026,2026,2,061 Burglary - dwelling,"061 Burglary - dwelling (house break-ins), actual",-,-,Palmerston,,18
4/08/2026,2026,2,061 Burglary - dwelling,"061 Burglary - dwelling (house break-ins), actual",-,-,Alice Springs,,39
4/08/2026,2026,2,061 Burglary - dwelling,"061 Burglary - dwelling (house break-ins), actual",-,-,Katherine,,17
4/08/2026,2026,2,061 Burglary - dwelling,"061 Burglary - dwelling (house break-ins), actual",-,-,Tennant Creek,,6
4/08/2026,2026,2,061 Burglary - dwelling,"061 Burglary - dwelling (house break-ins), actual",-,-,Nhulunbuy,,1
4/08/2026,2026,2,061 Burglary - dwelling,"061 Burglary - dwelling (house break-ins), actual",-,-,NT Balance,Alligator,1
4/08/2026,2026,2,061 Burglary - dwelling,"061 Burglary - dwelling (house break-ins), actual",-,-,NT Balance,Anindilyakwa,1
4/08/2026,2026,2,061 Burglary - dwelling,"061 Burglary - dwelling (house break-ins), actual",-,-,NT Balance,Barkly,3
4/08/2026,2026,2,061 Burglary - dwelling,"061 Burglary - dwelling (house break-ins), actual",-,-,NT Balance,Daly,3
4/08/2026,2026,2,061 Burglary - dwelling,"061 Burglary - dwelling (house break-ins), actual",-,-,NT Balance,East Arnhem,3
4/08/2026,2026,2,061 Burglary - dwelling,"061 Burglary - dwelling (house break-ins), actual",-,-,NT Balance,Elsey,4
4/08/2026,2026,2,061 Burglary - dwelling,"061 Burglary - dwelling (house break-ins), actual",-,-,NT Balance,Gulf,1
4/08/2026,2026,2,061 Burglary - dwelling,"061 Burglary - dwelling (house break-ins), actual",-,-,NT Balance,Humpty Doo,3
4/08/2026,2026,2,061 Burglary - dwelling,"061 Burglary - dwelling (house break-ins), actual",-,-,NT Balance,Tanami,1
4/08/2026,2026,2,061 Burglary - dwelling,"061 Burglary - dwelling (house break-ins), actual",-,-,NT Balance,Thamarrurr,3
4/08/2026,2026,2,061 Burglary - dwelling,"061 Burglary - dwelling (house break-ins), actual",-,-,NT Balance,Victoria River,2
4/08/2026,2026,2,061 Burglary - dwelling,"061 Burglary - dwelling (house break-ins), actual",-,-,NT Balance,Weddell,1
4/08/2026,2026,2,061 Burglary - dwelling,"061 Burglary - dwelling (house break-ins), actual",-,-,NT Balance,West Arnhem,1
4/08/2026,2026,2,061 Burglary - dwelling,"061 Burglary - dwelling (house break-ins), actual",-,-,NT Balance,Yuendumu - Anmatjere,1
4/08/2026,2026,2,061 Burglary - dwelling,"061 Burglary - dweling (house break-ins), attempted",-,-,Darwin,,7
4/08/2026,2026,2,061 Burglary - dwelling,"061 Burglary - dweling (house break-ins), attempted",-,-,Palmerston,,4
4/08/2026,2026,2,061 Burglary - dwelling,"061 Burglary - dweling (house break-ins), attempted",-,-,Alice Springs,,8
4/08/2026,2026,2,061 Burglary - dwelling,"061 Burglary - dweling (house break-ins), attempted",-,-,Katherine,,2
4/08/2026,2026,2,061 Burglary - dwelling,"061 Burglary - dweling (house break-ins), attempted",-,-,Nhulunbuy,,2
4/08/2026,2026,2,061 Burglary - dwelling,"061 Burglary - dweling (house break-ins), attempted",-,-,NT Balance,Alligator,1
4/08/2026,2026,2,061 Burglary - dwelling,"061 Burglary - dweling (house break-ins), attempted",-,-,NT Balance,Petermann - Simpson,1
4/08/2026,2026,2,062 Burglary - non-residential,"062 Burglary - non-residential (commercial break-ins), actual",-,-,Darwin,,8
4/08/2026,2026,2,062 Burglary - non-residential,"062 Burglary - non-residential (commercial break-ins), actual",-,-,Palmerston,,4
4/08/2026,2026,2,062 Burglary - non-residential,"062 Burglary - non-residential (commercial break-ins), actual",-,-,Alice Springs,,9
4/08/2026,2026,2,062 Burglary - non-residential,"062 Burglary - non-residential (commercial break-ins), actual",-,-,Katherine,,11
4/08/2026,2026,2,062 Burglary - non-residential,"062 Burglary - non-residential (commercial break-ins), actual",-,-,Tennant Creek,,5
4/08/2026,2026,2,062 Burglary - non-residential,"062 Burglary - non-residential (commercial break-ins), actual",-,-,Nhulunbuy,,4
4/08/2026,2026,2,062 Burglary - non-residential,"062 Burglary - non-residential (commercial break-ins), actual",-,-,NT Balance,Barkly,3
4/08/2026,2026,2,062 Burglary - non-residential,"062 Burglary - non-residential (commercial break-ins), actual",-,-,NT Balance,Daly,3
4/08/2026,2026,2,062 Burglary - non-residential,"062 Burglary - non-residential (commercial break-ins), actual",-,-,NT Balance,East Arnhem,10
4/08/2026,2026,2,062 Burglary - non-residential,"062 Burglary - non-residential (commercial break-ins), actual",-,-,NT Balance,Elsey,1
4/08/2026,2026,2,062 Burglary - non-residential,"062 Burglary - non-residential (commercial break-ins), actual",-,-,NT Balance,Gulf,1
4/08/2026,2026,2,062 Burglary - non-residential,"062 Burglary - non-residential (commercial break-ins), actual",-,-,NT Balance,Tanami,1
4/08/2026,2026,2,062 Burglary - non-residential,"062 Burglary - non-residential (commercial break-ins), actual",-,-,NT Balance,Thamarrurr,4
4/08/2026,2026,2,062 Burglary - non-residential,"062 Burglary - non-residential (commercial break-ins), actual",-,-,NT Balance,West Arnhem,9
4/08/2026,2026,2,062 Burglary - non-residential,"062 Burglary - non-residential (commercial break-ins), actual",-,-,NT Balance,Unknown ,3
4/08/2026,2026,2,062 Burglary - non-residential,"062 Burglary - non-residential (commercial break-ins), attempted",-,-,Darwin,,5
4/08/2026,2026,2,062 Burglary - non-residential,"062 Burglary - non-residential (commercial break-ins), attempted",-,-,Palmerston,,2
4/08/2026,2026,2,062 Burglary - non-residential,"062 Burglary - non-residential (commercial break-ins), attempted",-,-,Alice Springs,,2
4/08/2026,2026,2,062 Burglary - non-residential,"062 Burglary - non-residential (commercial break-ins), attempted",-,-,Katherine,,1
4/08/2026,2026,2,062 Burglary - non-residential,"062 Burglary - non-residential (commercial break-ins), attempted",-,-,Tennant Creek,,1
4/08/2026,2026,2,062 Burglary - non-residential,"062 Burglary - non-residential (commercial break-ins), attempted",-,-,Nhulunbuy,,1
4/08/2026,2026,2,062 Burglary - non-residential,"062 Burglary - non-residential (commercial break-ins), attempted",-,-,NT Balance,East Arnhem,9
4/08/2026,2026,2,062 Burglary - non-residential,"062 Burglary - non-residential (commercial break-ins), attempted",-,-,NT Balance,Elsey,1
4/08/2026,2026,2,062 Burglary - non-residential,"062 Burglary - non-residential (commercial break-ins), attempted",-,-,NT Balance,Victoria River,1
4/08/2026,2026,2,07 Theft,071 Motor vehicle theft and related offences,-,-,Darwin,,11
4/08/2026,2026,2,07 Theft,071 Motor vehicle theft and related offences,-,-,Palmerston,,9
4/08/2026,2026,2,07 Theft,071 Motor vehicle theft and related offences,-,-,Alice Springs,,5
4/08/2026,2026,2,07 Theft,071 Motor vehicle theft and related offences,-,-,Katherine,,3
4/08/2026,2026,2,07 Theft,071 Motor vehicle theft and related offences,-,-,Tennant Creek,,2
4/08/2026,2026,2,07 Theft,071 Motor vehicle theft and related offences,-,-,NT Balance,Anindilyakwa,1
4/08/2026,2026,2,07 Theft,071 Motor vehicle theft and related offences,-,-,NT Balance,Humpty Doo,1
4/08/2026,2026,2,07 Theft,071 Motor vehicle theft and related offences,-,-,NT Balance,Sandover - Plenty,1
4/08/2026,2026,2,07 Theft,071 Motor vehicle theft and related offences,-,-,NT Balance,Virginia,1
4/08/2026,2026,2,07 Theft,071 Motor vehicle theft and related offences,-,-,NT Balance,Unknown ,1
4/08/2026,2026,2,07 Theft,07* Other theft,-,-,Darwin,,217
4/08/2026,2026,2,07 Theft,07* Other theft,-,-,Palmerston,,89
4/08/2026,2026,2,07 Theft,07* Other theft,-,-,Alice Springs,,78
4/08/2026,2026,2,07 Theft,07* Other theft,-,-,Katherine,,37
4/08/2026,2026,2,07 Theft,07* Other theft,-,-,Tennant Creek,,12
4/08/2026,2026,2,07 Theft,07* Other theft,-,-,Nhulunbuy,,1
4/08/2026,2026,2,07 Theft,07* Other theft,-,-,NT Balance,Alligator,3
4/08/2026,2026,2,07 Theft,07* Other theft,-,-,NT Balance,Anindilyakwa,3
4/08/2026,2026,2,07 Theft,07* Other theft,-,-,NT Balance,Barkly,10
4/08/2026,2026,2,07 Theft,07* Other theft,-,-,NT Balance,Daly,6
4/08/2026,2026,2,07 Theft,07* Other theft,-,-,NT Balance,East Arnhem,6
4/08/2026,2026,2,07 Theft,07* Other theft,-,-,NT Balance,Gulf,3
4/08/2026,2026,2,07 Theft,07* Other theft,-,-,NT Balance,Howard Springs,6
4/08/2026,2026,2,07 Theft,07* Other theft,-,-,NT Balance,Humpty Doo,4
4/08/2026,2026,2,07 Theft,07* Other theft,-,-,NT Balance,Petermann - Simpson,6
4/08/2026,2026,2,07 Theft,07* Other theft,-,-,NT Balance,Tanami,2
4/08/2026,2026,2,07 Theft,07* Other theft,-,-,NT Balance,Thamarrurr,2
4/08/2026,2026,2,07 Theft,07* Other theft,-,-,NT Balance,Victoria River,3
4/08/2026,2026,2,07 Theft,07* Other theft,-,-,NT Balance,Virginia,13
4/08/2026,2026,2,07 Theft,07* Other theft,-,-,NT Balance,Weddell,6
4/08/2026,2026,2,07 Theft,07* Other theft,-,-,NT Balance,West Arnhem,1
4/08/2026,2026,2,07 Theft,07* Other theft,-,-,NT Balance,Yuendumu - Anmatjere,2
4/08/2026,2026,2,07 Theft,07* Other theft,-,-,NT Balance,Unknown ,12
4/08/2026,2026,2,11 Property damage offences,11 Property damage offences,-,-,Darwin,,194
4/08/2026,2026,2,11 Property damage offences,11 Property damage offences,-,-,Palmerston,,109
4/08/2026,2026,2,11 Property damage offences,11 Property damage offences,-,-,Alice Springs,,110
4/08/2026,2026,2,11 Property damage offences,11 Property damage offences,-,-,Katherine,,55
4/08/2026,2026,2,11 Property damage offences,11 Property damage offences,-,-,Tennant Creek,,39
4/08/2026,2026,2,11 Property damage offences,11 Property damage offences,-,-,Nhulunbuy,,5
4/08/2026,2026,2,11 Property damage offences,11 Property damage offences,-,-,NT Balance,Alligator,4
4/08/2026,2026,2,11 Property damage offences,11 Property damage offences,-,-,NT Balance,Anindilyakwa,3
4/08/2026,2026,2,11 Property damage offences,11 Property damage offences,-,-,NT Balance,Barkly,8
4/08/2026,2026,2,11 Property damage offences,11 Property damage offences,-,-,NT Balance,Daly,2
4/08/2026,2026,2,11 Property damage offences,11 Property damage offences,-,-,NT Balance,East Arnhem,18
4/08/2026,2026,2,11 Property damage offences,11 Property damage offences,-,-,NT Balance,Elsey,3
4/08/2026,2026,2,11 Property damage offences,11 Property damage offences,-,-,NT Balance,Gulf,2
4/08/2026,2026,2,11 Property damage offences,11 Property damage offences,-,-,NT Balance,Howard Springs,8
4/08/2026,2026,2,11 Property damage offences,11 Property damage offences,-,-,NT Balance,Petermann - Simpson,1
4/08/2026,2026,2,11 Property damage offences,11 Property damage offences,-,-,NT Balance,Sandover - Plenty,2
4/08/2026,2026,2,11 Property damage offences,11 Property damage offences,-,-,NT Balance,Tanami,2
4/08/2026,2026,2,11 Property damage offences,11 Property damage offences,-,-,NT Balance,Thamarrurr,17
4/08/2026,2026,2,11 Property damage offences,11 Property damage offences,-,-,NT Balance,Tiwi Islands,2
4/08/2026,2026,2,11 Property damage offences,11 Property damage offences,-,-,NT Balance,Victoria River,1
4/08/2026,2026,2,11 Property damage offences,11 Property damage offences,-,-,NT Balance,Virginia,3
4/08/2026,2026,2,11 Property damage offences,11 Property damage offences,-,-,NT Balance,Weddell,1
4/08/2026,2026,2,11 Property damage offences,11 Property damage offences,-,-,NT Balance,West Arnhem,9
4/08/2026,2026,2,11 Property damage offences,11 Property damage offences,-,-,NT Balance,Yuendumu - Anmatjere,3
4/08/2026,2026,2,11 Property damage offences,11 Property damage offences,-,-,NT Balance,Unknown ,17
4/08/2026,2026,3,01 Homicide,0110 Murder,-,-,Katherine,,1
4/08/2026,2026,3,01 Homicide,0132 Driving causing death,-,-,Alice Springs,,1
4/08/2026,2026,3,02 Assault,021 Serious Assault,No,No,Darwin,,36
4/08/2026,2026,3,02 Assault,021 Serious Assault,No,No,Palmerston,,19
4/08/2026,2026,3,02 Assault,021 Serious Assault,No,No,Alice Springs,,20
4/08/2026,2026,3,02 Assault,021 Serious Assault,No,No,Katherine,,7
4/08/2026,2026,3,02 Assault,021 Serious Assault,No,No,Tennant Creek,,4
4/08/2026,2026,3,02 Assault,021 Serious Assault,No,No,Nhulunbuy,,1
4/08/2026,2026,3,02 Assault,021 Serious Assault,No,No,NT Balance,Anindilyakwa,1
4/08/2026,2026,3,02 Assault,021 Serious Assault,No,No,NT Balance,Barkly,1
4/08/2026,2026,3,02 Assault,021 Serious Assault,No,No,NT Balance,East Arnhem,2
4/08/2026,2026,3,02 Assault,021 Serious Assault,No,No,NT Balance,Elsey,2
4/08/2026,2026,3,02 Assault,021 Serious Assault,No,No,NT Balance,Gulf,9
4/08/2026,2026,3,02 Assault,021 Serious Assault,No,No,NT Balance,Howard Springs,24
4/08/2026,2026,3,02 Assault,021 Serious Assault,No,No,NT Balance,Humpty Doo,2
4/08/2026,2026,3,02 Assault,021 Serious Assault,No,No,NT Balance,Petermann - Simpson,1
4/08/2026,2026,3,02 Assault,021 Serious Assault,No,No,NT Balance,Sandover - Plenty,2
4/08/2026,2026,3,02 Assault,021 Serious Assault,No,No,NT Balance,Thamarrurr,6
4/08/2026,2026,3,02 Assault,021 Serious Assault,No,No,NT Balance,Tiwi Islands,2
4/08/2026,2026,3,02 Assault,021 Serious Assault,No,No,NT Balance,West Arnhem,1
4/08/2026,2026,3,02 Assault,021 Serious Assault,No,No,NT Balance,Unknown ,4
4/08/2026,2026,3,02 Assault,021 Serious Assault,No,Yes,Darwin,,36
4/08/2026,2026,3,02 Assault,021 Serious Assault,No,Yes,Palmerston,,26
4/08/2026,2026,3,02 Assault,021 Serious Assault,No,Yes,Alice Springs,,45
4/08/2026,2026,3,02 Assault,021 Serious Assault,No,Yes,Katherine,,13
4/08/2026,2026,3,02 Assault,021 Serious Assault,No,Yes,Tennant Creek,,3
4/08/2026,2026,3,02 Assault,021 Serious Assault,No,Yes,Nhulunbuy,,1
4/08/2026,2026,3,02 Assault,021 Serious Assault,No,Yes,NT Balance,Alligator,3
4/08/2026,2026,3,02 Assault,021 Serious Assault,No,Yes,NT Balance,Anindilyakwa,5
4/08/2026,2026,3,02 Assault,021 Serious Assault,No,Yes,NT Balance,Barkly,2
4/08/2026,2026,3,02 Assault,021 Serious Assault,No,Yes,NT Balance,East Arnhem,10
4/08/2026,2026,3,02 Assault,021 Serious Assault,No,Yes,NT Balance,Elsey,5
4/08/2026,2026,3,02 Assault,021 Serious Assault,No,Yes,NT Balance,Gulf,11
4/08/2026,2026,3,02 Assault,021 Serious Assault,No,Yes,NT Balance,Humpty Doo,4
4/08/2026,2026,3,02 Assault,021 Serious Assault,No,Yes,NT Balance,Petermann - Simpson,1
4/08/2026,2026,3,02 Assault,021 Serious Assault,No,Yes,NT Balance,Sandover - Plenty,6
4/08/2026,2026,3,02 Assault,021 Serious Assault,No,Yes,NT Balance,Tanami,4
4/08/2026,2026,3,02 Assault,021 Serious Assault,No,Yes,NT Balance,Thamarrurr,7
4/08/2026,2026,3,02 Assault,021 Serious Assault,No,Yes,NT Balance,Tiwi Islands,5
4/08/2026,2026,3,02 Assault,021 Serious Assault,No,Yes,NT Balance,Victoria River,2
4/08/2026,2026,3,02 Assault,021 Serious Assault,No,Yes,NT Balance,Virginia,2
4/08/2026,2026,3,02 Assault,021 Serious Assault,No,Yes,NT Balance,Weddell,1
4/08/2026,2026,3,02 Assault,021 Serious Assault,No,Yes,NT Balance,West Arnhem,5
4/08/2026,2026,3,02 Assault,021 Serious Assault,No,Yes,NT Balance,Yuendumu - Anmatjere,6
4/08/2026,2026,3,02 Assault,021 Serious Assault,No,Yes,NT Balance,Unknown ,3
4/08/2026,2026,3,02 Assault,021 Serious Assault,Yes,No,Darwin,,29
4/08/2026,2026,3,02 Assault,021 Serious Assault,Yes,No,Palmerston,,6
4/08/2026,2026,3,02 Assault,021 Serious Assault,Yes,No,Alice Springs,,15
4/08/2026,2026,3,02 Assault,021 Serious Assault,Yes,No,Katherine,,5
4/08/2026,2026,3,02 Assault,021 Serious Assault,Yes,No,Tennant Creek,,3
4/08/2026,2026,3,02 Assault,021 Serious Assault,Yes,No,NT Balance,Alligator,1
4/08/2026,2026,3,02 Assault,021 Serious Assault,Yes,No,NT Balance,Gulf,2
4/08/2026,2026,3,02 Assault,021 Serious Assault,Yes,No,NT Balance,Petermann - Simpson,2
4/08/2026,2026,3,02 Assault,021 Serious Assault,Yes,No,NT Balance,Unknown ,3
4/08/2026,2026,3,02 Assault,021 Serious Assault,Yes,Yes,Darwin,,68
4/08/2026,2026,3,02 Assault,021 Serious Assault,Yes,Yes,Palmerston,,35
4/08/2026,2026,3,02 Assault,021 Serious Assault,Yes,Yes,Alice Springs,,47
4/08/2026,2026,3,02 Assault,021 Serious Assault,Yes,Yes,Katherine,,23
4/08/2026,2026,3,02 Assault,021 Serious Assault,Yes,Yes,Tennant Creek,,11
4/08/2026,2026,3,02 Assault,021 Serious Assault,Yes,Yes,Nhulunbuy,,3
4/08/2026,2026,3,02 Assault,021 Serious Assault,Yes,Yes,NT Balance,Alligator,4
4/08/2026,2026,3,02 Assault,021 Serious Assault,Yes,Yes,NT Balance,Anindilyakwa,1
4/08/2026,2026,3,02 Assault,021 Serious Assault,Yes,Yes,NT Balance,Daly,1
4/08/2026,2026,3,02 Assault,021 Serious Assault,Yes,Yes,NT Balance,East Arnhem,2
4/08/2026,2026,3,02 Assault,021 Serious Assault,Yes,Yes,NT Balance,Elsey,1
4/08/2026,2026,3,02 Assault,021 Serious Assault,Yes,Yes,NT Balance,Howard Springs,1
4/08/2026,2026,3,02 Assault,021 Serious Assault,Yes,Yes,NT Balance,Petermann - Simpson,1
4/08/2026,2026,3,02 Assault,021 Serious Assault,Yes,Yes,NT Balance,Sandover - Plenty,1
4/08/2026,2026,3,02 Assault,021 Serious Assault,Yes,Yes,NT Balance,Thamarrurr,1
4/08/2026,2026,3,02 Assault,021 Serious Assault,Yes,Yes,NT Balance,Tiwi Islands,1
4/08/2026,2026,3,02 Assault,021 Serious Assault,Yes,Yes,NT Balance,Weddell,1
4/08/2026,2026,3,02 Assault,021 Serious Assault,Yes,Yes,NT Balance,West Arnhem,1
4/08/2026,2026,3,02 Assault,022 Assault of a prescribed officer,No,No,Darwin,,5
4/08/2026,2026,3,02 Assault,022 Assault of a prescribed officer,No,No,Palmerston,,3
4/08/2026,2026,3,02 Assault,022 Assault of a prescribed officer,No,No,Alice Springs,,3
4/08/2026,2026,3,02 Assault,022 Assault of a prescribed officer,No,No,Katherine,,4
4/08/2026,2026,3,02 Assault,022 Assault of a prescribed officer,No,No,NT Balance,Tiwi Islands,1
4/08/2026,2026,3,02 Assault,022 Assault of a prescribed officer,No,Yes,Darwin,,1
4/08/2026,2026,3,02 Assault,022 Assault of a prescribed officer,No,Yes,NT Balance,Anindilyakwa,1
4/08/2026,2026,3,02 Assault,022 Assault of a prescribed officer,Yes,No,Darwin,,1
4/08/2026,2026,3,02 Assault,022 Assault of a prescribed officer,Yes,No,Alice Springs,,2
4/08/2026,2026,3,02 Assault,022 Assault of a prescribed officer,Yes,No,Katherine,,2
4/08/2026,2026,3,02 Assault,022 Assault of a prescribed officer,Yes,No,NT Balance,Daly,1
4/08/2026,2026,3,02 Assault,022 Assault of a prescribed officer,Yes,Yes,Alice Springs,,1
4/08/2026,2026,3,02 Assault,022 Assault of a prescribed officer,Yes,Yes,Katherine,,1
4/08/2026,2026,3,02 Assault,022 Assault of a prescribed officer,Yes,Yes,Tennant Creek,,1
4/08/2026,2026,3,02 Assault,022 Assault of a prescribed officer,Yes,Yes,Nhulunbuy,,1
4/08/2026,2026,3,02 Assault,023 Common Assault,No,No,Darwin,,31
4/08/2026,2026,3,02 Assault,023 Common Assault,No,No,Palmerston,,4
4/08/2026,2026,3,02 Assault,023 Common Assault,No,No,Alice Springs,,13
4/08/2026,2026,3,02 Assault,023 Common Assault,No,No,Katherine,,7
4/08/2026,2026,3,02 Assault,023 Common Assault,No,No,Tennant Creek,,2
4/08/2026,2026,3,02 Assault,023 Common Assault,No,No,Nhulunbuy,,1
4/08/2026,2026,3,02 Assault,023 Common Assault,No,No,NT Balance,Alligator,3
4/08/2026,2026,3,02 Assault,023 Common Assault,No,No,NT Balance,Gulf,2
4/08/2026,2026,3,02 Assault,023 Common Assault,No,No,NT Balance,Howard Springs,3
4/08/2026,2026,3,02 Assault,023 Common Assault,No,No,NT Balance,Petermann - Simpson,1
4/08/2026,2026,3,02 Assault,023 Common Assault,No,No,NT Balance,Sandover - Plenty,2
4/08/2026,2026,3,02 Assault,023 Common Assault,No,No,NT Balance,Thamarrurr,1
4/08/2026,2026,3,02 Assault,023 Common Assault,No,No,NT Balance,Tiwi Islands,2
4/08/2026,2026,3,02 Assault,023 Common Assault,No,No,NT Balance,Virginia,1
4/08/2026,2026,3,02 Assault,023 Common Assault,No,No,NT Balance,West Arnhem,1
4/08/2026,2026,3,02 Assault,023 Common Assault,No,No,NT Balance,Unknown ,2
4/08/2026,2026,3,02 Assault,023 Common Assault,No,Yes,Darwin,,3
4/08/2026,2026,3,02 Assault,023 Common Assault,No,Yes,Palmerston,,2
4/08/2026,2026,3,02 Assault,023 Common Assault,No,Yes,Alice Springs,,5
4/08/2026,2026,3,02 Assault,023 Common Assault,No,Yes,Katherine,,3
4/08/2026,2026,3,02 Assault,023 Common Assault,No,Yes,NT Balance,East Arnhem,2
4/08/2026,2026,3,02 Assault,023 Common Assault,No,Yes,NT Balance,Elsey,4
4/08/2026,2026,3,02 Assault,023 Common Assault,No,Yes,NT Balance,Thamarrurr,1
4/08/2026,2026,3,02 Assault,023 Common Assault,No,Yes,NT Balance,Unknown ,1
4/08/2026,2026,3,02 Assault,023 Common Assault,Yes,No,Darwin,,7
4/08/2026,2026,3,02 Assault,023 Common Assault,Yes,No,Palmerston,,4
4/08/2026,2026,3,02 Assault,023 Common Assault,Yes,No,Alice Springs,,3
4/08/2026,2026,3,02 Assault,023 Common Assault,Yes,No,Tennant Creek,,2
4/08/2026,2026,3,02 Assault,023 Common Assault,Yes,No,Nhulunbuy,,2
4/08/2026,2026,3,02 Assault,023 Common Assault,Yes,No,NT Balance,Petermann - Simpson,1
4/08/2026,2026,3,02 Assault,023 Common Assault,Yes,Yes,Darwin,,8
4/08/2026,2026,3,02 Assault,023 Common Assault,Yes,Yes,Palmerston,,5
4/08/2026,2026,3,02 Assault,023 Common Assault,Yes,Yes,Alice Springs,,1
4/08/2026,2026,3,02 Assault,023 Common Assault,Yes,Yes,Katherine,,1
4/08/2026,2026,3,02 Assault,023 Common Assault,Yes,Yes,Nhulunbuy,,1
4/08/2026,2026,3,02 Assault,023 Common Assault,Yes,Yes,NT Balance,Humpty Doo,1
4/08/2026,2026,3,03 Sexual offences,031 Sexual assault of an adult,-,-,Darwin,,13
4/08/2026,2026,3,03 Sexual offences,031 Sexual assault of an adult,-,-,Palmerston,,6
4/08/2026,2026,3,03 Sexual offences,031 Sexual assault of an adult,-,-,Alice Springs,,6
4/08/2026,2026,3,03 Sexual offences,031 Sexual assault of an adult,-,-,Katherine,,3
4/08/2026,2026,3,03 Sexual offences,031 Sexual assault of an adult,-,-,Nhulunbuy,,2
4/08/2026,2026,3,03 Sexual offences,031 Sexual assault of an adult,-,-,NT Balance,Alligator,1
4/08/2026,2026,3,03 Sexual offences,031 Sexual assault of an adult,-,-,NT Balance,Barkly,1
4/08/2026,2026,3,03 Sexual offences,031 Sexual assault of an adult,-,-,NT Balance,Gulf,1
4/08/2026,2026,3,03 Sexual offences,031 Sexual assault of an adult,-,-,NT Balance,Tiwi Islands,1
4/08/2026,2026,3,03 Sexual offences,031 Sexual assault of an adult,-,-,NT Balance,West Arnhem,1
4/08/2026,2026,3,03 Sexual offences,031 Sexual assault of an adult,-,-,NT Balance,Unknown ,1
4/08/2026,2026,3,03 Sexual offences,032 Sexual assault of a child,-,-,Darwin,,3
4/08/2026,2026,3,03 Sexual offences,032 Sexual assault of a child,-,-,Palmerston,,2
4/08/2026,2026,3,03 Sexual offences,032 Sexual assault of a child,-,-,Alice Springs,,1
4/08/2026,2026,3,03 Sexual offences,032 Sexual assault of a child,-,-,Katherine,,2
4/08/2026,2026,3,03 Sexual offences,032 Sexual assault of a child,-,-,Nhulunbuy,,1
4/08/2026,2026,3,03 Sexual offences,032 Sexual assault of a child,-,-,NT Balance,Thamarrurr,1
4/08/2026,2026,3,03 Sexual offences,032 Sexual assault of a child,-,-,NT Balance,Victoria River,3
4/08/2026,2026,3,03 Sexual offences,032 Sexual assault of a child,-,-,NT Balance,West Arnhem,1
4/08/2026,2026,3,03 Sexual offences,"033, 034 Other child-related sexual offences",-,-,Darwin,,1
4/08/2026,2026,3,03 Sexual offences,"033, 034 Other child-related sexual offences",-,-,Palmerston,,1
4/08/2026,2026,3,03 Sexual offences,"033, 034 Other child-related sexual offences",-,-,Katherine,,1
4/08/2026,2026,3,03 Sexual offences,"033, 034 Other child-related sexual offences",-,-,Nhulunbuy,,2
4/08/2026,2026,3,03 Sexual offences,"033, 034 Other child-related sexual offences",-,-,NT Balance,Tanami,1
4/08/2026,2026,3,03 Sexual offences,"035, 039 Other sexual offences",-,-,Darwin,,6
4/08/2026,2026,3,03 Sexual offences,"035, 039 Other sexual offences",-,-,Palmerston,,4
4/08/2026,2026,3,03 Sexual offences,"035, 039 Other sexual offences",-,-,Alice Springs,,6
4/08/2026,2026,3,03 Sexual offences,"035, 039 Other sexual offences",-,-,NT Balance,East Arnhem,1
4/08/2026,2026,3,03 Sexual offences,"035, 039 Other sexual offences",-,-,NT Balance,Thamarrurr,1
4/08/2026,2026,3,04 Harm or endanger persons,"041, 042, 043 Human trafficking, abduction, deprivation of liberty",-,-,Darwin,,2
4/08/2026,2026,3,04 Harm or endanger persons,"044 Acts that threaten, harass or control",-,-,Darwin,,13
4/08/2026,2026,3,04 Harm or endanger persons,"044 Acts that threaten, harass or control",-,-,Palmerston,,11
4/08/2026,2026,3,04 Harm or endanger persons,"044 Acts that threaten, harass or control",-,-,Alice Springs,,10
4/08/2026,2026,3,04 Harm or endanger persons,"044 Acts that threaten, harass or control",-,-,Katherine,,3
4/08/2026,2026,3,04 Harm or endanger persons,"044 Acts that threaten, harass or control",-,-,Tennant Creek,,3
4/08/2026,2026,3,04 Harm or endanger persons,"044 Acts that threaten, harass or control",-,-,Nhulunbuy,,3
4/08/2026,2026,3,04 Harm or endanger persons,"044 Acts that threaten, harass or control",-,-,NT Balance,Alligator,1
4/08/2026,2026,3,04 Harm or endanger persons,"044 Acts that threaten, harass or control",-,-,NT Balance,Anindilyakwa,1
4/08/2026,2026,3,04 Harm or endanger persons,"044 Acts that threaten, harass or control",-,-,NT Balance,Gulf,2
4/08/2026,2026,3,04 Harm or endanger persons,"044 Acts that threaten, harass or control",-,-,NT Balance,Howard Springs,7
4/08/2026,2026,3,04 Harm or endanger persons,"044 Acts that threaten, harass or control",-,-,NT Balance,Sandover - Plenty,1
4/08/2026,2026,3,04 Harm or endanger persons,"044 Acts that threaten, harass or control",-,-,NT Balance,Tanami,1
4/08/2026,2026,3,04 Harm or endanger persons,"044 Acts that threaten, harass or control",-,-,NT Balance,Thamarrurr,1
4/08/2026,2026,3,04 Harm or endanger persons,"044 Acts that threaten, harass or control",-,-,NT Balance,Tiwi Islands,2
4/08/2026,2026,3,04 Harm or endanger persons,"044 Acts that threaten, harass or control",-,-,NT Balance,Victoria River,2
4/08/2026,2026,3,04 Harm or endanger persons,"044 Acts that threaten, harass or control",-,-,NT Balance,Virginia,1
4/08/2026,2026,3,04 Harm or endanger persons,"044 Acts that threaten, harass or control",-,-,NT Balance,Yuendumu - Anmatjere,1
4/08/2026,2026,3,04 Harm or endanger persons,045 Driving causing serious injury,-,-,Darwin,,2
4/08/2026,2026,3,04 Harm or endanger persons,045 Driving causing serious injury,-,-,Alice Springs,,1
4/08/2026,2026,3,04 Harm or endanger persons,049 Other acts that harm or endanger persons,-,-,Darwin,,6
4/08/2026,2026,3,04 Harm or endanger persons,049 Other acts that harm or endanger persons,-,-,Palmerston,,2
4/08/2026,2026,3,04 Harm or endanger persons,049 Other acts that harm or endanger persons,-,-,Alice Springs,,8
4/08/2026,2026,3,04 Harm or endanger persons,049 Other acts that harm or endanger persons,-,-,Katherine,,1
4/08/2026,2026,3,04 Harm or endanger persons,049 Other acts that harm or endanger persons,-,-,Tennant Creek,,2
4/08/2026,2026,3,04 Harm or endanger persons,049 Other acts that harm or endanger persons,-,-,NT Balance,Anindilyakwa,1
4/08/2026,2026,3,04 Harm or endanger persons,049 Other acts that harm or endanger persons,-,-,NT Balance,Barkly,1
4/08/2026,2026,3,04 Harm or endanger persons,049 Other acts that harm or endanger persons,-,-,NT Balance,Daly,1
4/08/2026,2026,3,04 Harm or endanger persons,049 Other acts that harm or endanger persons,-,-,NT Balance,Tanami,1
4/08/2026,2026,3,04 Harm or endanger persons,049 Other acts that harm or endanger persons,-,-,NT Balance,Thamarrurr,1
4/08/2026,2026,3,04 Harm or endanger persons,049 Other acts that harm or endanger persons,-,-,NT Balance,Weddell,1
4/08/2026,2026,3,04 Harm or endanger persons,049 Other acts that harm or endanger persons,-,-,NT Balance,Unknown ,1
4/08/2026,2026,3,"05 Robbery, blackmail, and extortion",051 Robbery,-,-,Darwin,,8
4/08/2026,2026,3,"05 Robbery, blackmail, and extortion",051 Robbery,-,-,Palmerston,,4
4/08/2026,2026,3,"05 Robbery, blackmail, and extortion",051 Robbery,-,-,Alice Springs,,10
4/08/2026,2026,3,"05 Robbery, blackmail, and extortion",051 Robbery,-,-,Katherine,,1
4/08/2026,2026,3,"05 Robbery, blackmail, and extortion",051 Robbery,-,-,Tennant Creek,,1
4/08/2026,2026,3,"05 Robbery, blackmail, and extortion",051 Robbery,-,-,NT Balance,Gulf,1
4/08/2026,2026,3,"05 Robbery, blackmail, and extortion",051 Robbery,-,-,NT Balance,Humpty Doo,1
4/08/2026,2026,3,"05 Robbery, blackmail, and extortion",051 Robbery,-,-,NT Balance,Thamarrurr,4
4/08/2026,2026,3,"05 Robbery, blackmail, and extortion",051 Robbery,-,-,NT Balance,Virginia,1
4/08/2026,2026,3,"05 Robbery, blackmail, and extortion",051 Robbery,-,-,NT Balance,West Arnhem,1
4/08/2026,2026,3,061 Burglary - dwelling,"061 Burglary - dwelling (house break-ins), actual",-,-,Darwin,,42
4/08/2026,2026,3,061 Burglary - dwelling,"061 Burglary - dwelling (house break-ins), actual",-,-,Palmerston,,15
4/08/2026,2026,3,061 Burglary - dwelling,"061 Burglary - dwelling (house break-ins), actual",-,-,Alice Springs,,40
4/08/2026,2026,3,061 Burglary - dwelling,"061 Burglary - dwelling (house break-ins), actual",-,-,Katherine,,6
4/08/2026,2026,3,061 Burglary - dwelling,"061 Burglary - dwelling (house break-ins), actual",-,-,Tennant Creek,,10
4/08/2026,2026,3,061 Burglary - dwelling,"061 Burglary - dwelling (house break-ins), actual",-,-,Nhulunbuy,,1
4/08/2026,2026,3,061 Burglary - dwelling,"061 Burglary - dwelling (house break-ins), actual",-,-,NT Balance,Barkly,4
4/08/2026,2026,3,061 Burglary - dwelling,"061 Burglary - dwelling (house break-ins), actual",-,-,NT Balance,Daly,1
4/08/2026,2026,3,061 Burglary - dwelling,"061 Burglary - dwelling (house break-ins), actual",-,-,NT Balance,East Arnhem,1
4/08/2026,2026,3,061 Burglary - dwelling,"061 Burglary - dwelling (house break-ins), actual",-,-,NT Balance,Tanami,1
4/08/2026,2026,3,061 Burglary - dwelling,"061 Burglary - dwelling (house break-ins), actual",-,-,NT Balance,Thamarrurr,2
4/08/2026,2026,3,061 Burglary - dwelling,"061 Burglary - dwelling (house break-ins), actual",-,-,NT Balance,Tiwi Islands,1
4/08/2026,2026,3,061 Burglary - dwelling,"061 Burglary - dwelling (house break-ins), actual",-,-,NT Balance,Victoria River,3
4/08/2026,2026,3,061 Burglary - dwelling,"061 Burglary - dwelling (house break-ins), actual",-,-,NT Balance,West Arnhem,6
4/08/2026,2026,3,061 Burglary - dwelling,"061 Burglary - dwelling (house break-ins), actual",-,-,NT Balance,Yuendumu - Anmatjere,4
4/08/2026,2026,3,061 Burglary - dwelling,"061 Burglary - dweling (house break-ins), attempted",-,-,Darwin,,21
4/08/2026,2026,3,061 Burglary - dwelling,"061 Burglary - dweling (house break-ins), attempted",-,-,Palmerston,,4
4/08/2026,2026,3,061 Burglary - dwelling,"061 Burglary - dweling (house break-ins), attempted",-,-,Alice Springs,,9
4/08/2026,2026,3,061 Burglary - dwelling,"061 Burglary - dweling (house break-ins), attempted",-,-,Katherine,,1
4/08/2026,2026,3,061 Burglary - dwelling,"061 Burglary - dweling (house break-ins), attempted",-,-,NT Balance,Thamarrurr,1
4/08/2026,2026,3,062 Burglary - non-residential,"062 Burglary - non-residential (commercial break-ins), actual",-,-,Darwin,,12
4/08/2026,2026,3,062 Burglary - non-residential,"062 Burglary - non-residential (commercial break-ins), actual",-,-,Palmerston,,6
4/08/2026,2026,3,062 Burglary - non-residential,"062 Burglary - non-residential (commercial break-ins), actual",-,-,Alice Springs,,10
4/08/2026,2026,3,062 Burglary - non-residential,"062 Burglary - non-residential (commercial break-ins), actual",-,-,Katherine,,2
4/08/2026,2026,3,062 Burglary - non-residential,"062 Burglary - non-residential (commercial break-ins), actual",-,-,Tennant Creek,,2
4/08/2026,2026,3,062 Burglary - non-residential,"062 Burglary - non-residential (commercial break-ins), actual",-,-,Nhulunbuy,,1
4/08/2026,2026,3,062 Burglary - non-residential,"062 Burglary - non-residential (commercial break-ins), actual",-,-,NT Balance,Barkly,1
4/08/2026,2026,3,062 Burglary - non-residential,"062 Burglary - non-residential (commercial break-ins), actual",-,-,NT Balance,Daly,2
4/08/2026,2026,3,062 Burglary - non-residential,"062 Burglary - non-residential (commercial break-ins), actual",-,-,NT Balance,East Arnhem,12
4/08/2026,2026,3,062 Burglary - non-residential,"062 Burglary - non-residential (commercial break-ins), actual",-,-,NT Balance,Howard Springs,2
4/08/2026,2026,3,062 Burglary - non-residential,"062 Burglary - non-residential (commercial break-ins), actual",-,-,NT Balance,Tanami,4
4/08/2026,2026,3,062 Burglary - non-residential,"062 Burglary - non-residential (commercial break-ins), actual",-,-,NT Balance,Thamarrurr,8
4/08/2026,2026,3,062 Burglary - non-residential,"062 Burglary - non-residential (commercial break-ins), actual",-,-,NT Balance,Weddell,1
4/08/2026,2026,3,062 Burglary - non-residential,"062 Burglary - non-residential (commercial break-ins), actual",-,-,NT Balance,West Arnhem,4
4/08/2026,2026,3,062 Burglary - non-residential,"062 Burglary - non-residential (commercial break-ins), actual",-,-,NT Balance,Unknown ,1
4/08/2026,2026,3,062 Burglary - non-residential,"062 Burglary - non-residential (commercial break-ins), attempted",-,-,Darwin,,1
4/08/2026,2026,3,062 Burglary - non-residential,"062 Burglary - non-residential (commercial break-ins), attempted",-,-,Alice Springs,,2
4/08/2026,2026,3,062 Burglary - non-residential,"062 Burglary - non-residential (commercial break-ins), attempted",-,-,Katherine,,1
4/08/2026,2026,3,062 Burglary - non-residential,"062 Burglary - non-residential (commercial break-ins), attempted",-,-,NT Balance,East Arnhem,6
4/08/2026,2026,3,062 Burglary - non-residential,"062 Burglary - non-residential (commercial break-ins), attempted",-,-,NT Balance,Unknown ,1
4/08/2026,2026,3,07 Theft,071 Motor vehicle theft and related offences,-,-,Darwin,,12
4/08/2026,2026,3,07 Theft,071 Motor vehicle theft and related offences,-,-,Palmerston,,5
4/08/2026,2026,3,07 Theft,071 Motor vehicle theft and related offences,-,-,Alice Springs,,14
4/08/2026,2026,3,07 Theft,071 Motor vehicle theft and related offences,-,-,NT Balance,Thamarrurr,3
4/08/2026,2026,3,07 Theft,071 Motor vehicle theft and related offences,-,-,NT Balance,Weddell,1
4/08/2026,2026,3,07 Theft,071 Motor vehicle theft and related offences,-,-,NT Balance,Unknown ,1
4/08/2026,2026,3,07 Theft,07* Other theft,-,-,Darwin,,246
4/08/2026,2026,3,07 Theft,07* Other theft,-,-,Palmerston,,111
4/08/2026,2026,3,07 Theft,07* Other theft,-,-,Alice Springs,,103
4/08/2026,2026,3,07 Theft,07* Other theft,-,-,Katherine,,28
4/08/2026,2026,3,07 Theft,07* Other theft,-,-,Tennant Creek,,17
4/08/2026,2026,3,07 Theft,07* Other theft,-,-,Nhulunbuy,,2
4/08/2026,2026,3,07 Theft,07* Other theft,-,-,NT Balance,Alligator,5
4/08/2026,2026,3,07 Theft,07* Other theft,-,-,NT Balance,Anindilyakwa,1
4/08/2026,2026,3,07 Theft,07* Other theft,-,-,NT Balance,Barkly,6
4/08/2026,2026,3,07 Theft,07* Other theft,-,-,NT Balance,Daly,1
4/08/2026,2026,3,07 Theft,07* Other theft,-,-,NT Balance,East Arnhem,4
4/08/2026,2026,3,07 Theft,07* Other theft,-,-,NT Balance,Gulf,1
4/08/2026,2026,3,07 Theft,07* Other theft,-,-,NT Balance,Howard Springs,10
4/08/2026,2026,3,07 Theft,07* Other theft,-,-,NT Balance,Humpty Doo,4
4/08/2026,2026,3,07 Theft,07* Other theft,-,-,NT Balance,Petermann - Simpson,1
4/08/2026,2026,3,07 Theft,07* Other theft,-,-,NT Balance,Sandover - Plenty,2
4/08/2026,2026,3,07 Theft,07* Other theft,-,-,NT Balance,Tanami,3
4/08/2026,2026,3,07 Theft,07* Other theft,-,-,NT Balance,Thamarrurr,5
4/08/2026,2026,3,07 Theft,07* Other theft,-,-,NT Balance,Victoria River,6
4/08/2026,2026,3,07 Theft,07* Other theft,-,-,NT Balance,Virginia,13
4/08/2026,2026,3,07 Theft,07* Other theft,-,-,NT Balance,Weddell,9
4/08/2026,2026,3,07 Theft,07* Other theft,-,-,NT Balance,West Arnhem,4
4/08/2026,2026,3,07 Theft,07* Other theft,-,-,NT Balance,Yuendumu - Anmatjere,1
4/08/2026,2026,3,07 Theft,07* Other theft,-,-,NT Balance,Unknown ,6
4/08/2026,2026,3,11 Property damage offences,11 Property damage offences,-,-,Darwin,,173
4/08/2026,2026,3,11 Property damage offences,11 Property damage offences,-,-,Palmerston,,124
4/08/2026,2026,3,11 Property damage offences,11 Property damage offences,-,-,Alice Springs,,128
4/08/2026,2026,3,11 Property damage offences,11 Property damage offences,-,-,Katherine,,33
4/08/2026,2026,3,11 Property damage offences,11 Property damage offences,-,-,Tennant Creek,,19
4/08/2026,2026,3,11 Property damage offences,11 Property damage offences,-,-,Nhulunbuy,,4
4/08/2026,2026,3,11 Property damage offences,11 Property damage offences,-,-,NT Balance,Alligator,4
4/08/2026,2026,3,11 Property damage offences,11 Property damage offences,-,-,NT Balance,Anindilyakwa,2
4/08/2026,2026,3,11 Property damage offences,11 Property damage offences,-,-,NT Balance,Barkly,6
4/08/2026,2026,3,11 Property damage offences,11 Property damage offences,-,-,NT Balance,Daly,4
4/08/2026,2026,3,11 Property damage offences,11 Property damage offences,-,-,NT Balance,East Arnhem,14
4/08/2026,2026,3,11 Property damage offences,11 Property damage offences,-,-,NT Balance,Elsey,2
4/08/2026,2026,3,11 Property damage offences,11 Property damage offences,-,-,NT Balance,Gulf,5
4/08/2026,2026,3,11 Property damage offences,11 Property damage offences,-,-,NT Balance,Howard Springs,12
4/08/2026,2026,3,11 Property damage offences,11 Property damage offences,-,-,NT Balance,Humpty Doo,3
4/08/2026,2026,3,11 Property damage offences,11 Property damage offences,-,-,NT Balance,Sandover - Plenty,4
4/08/2026,2026,3,11 Property damage offences,11 Property damage offences,-,-,NT Balance,Tanami,4
4/08/2026,2026,3,11 Property damage offences,11 Property damage offences,-,-,NT Balance,Thamarrurr,10
4/08/2026,2026,3,11 Property damage offences,11 Property damage offences,-,-,NT Balance,Tiwi Islands,2
4/08/2026,2026,3,11 Property damage offences,11 Property damage offences,-,-,NT Balance,Victoria River,2
4/08/2026,2026,3,11 Property damage offences,11 Property damage offences,-,-,NT Balance,Virginia,5
4/08/2026,2026,3,11 Property damage offences,11 Property damage offences,-,-,NT Balance,West Arnhem,6
4/08/2026,2026,3,11 Property damage offences,11 Property damage offences,-,-,NT Balance,Yuendumu - Anmatjere,1
4/08/2026,2026,3,11 Property damage offences,11 Property damage offences,-,-,NT Balance,Unknown ,14
4/08/2026,2026,4,01 Homicide,0110 Murder,-,-,Alice Springs,,1
4/08/2026,2026,4,01 Homicide,0110 Murder,-,-,NT Balance,Barkly,1
4/08/2026,2026,4,01 Homicide,0110 Murder,-,-,NT Balance,East Arnhem,1
4/08/2026,2026,4,02 Assault,021 Serious Assault,No,No,Darwin,,43
4/08/2026,2026,4,02 Assault,021 Serious Assault,No,No,Palmerston,,15
4/08/2026,2026,4,02 Assault,021 Serious Assault,No,No,Alice Springs,,17
4/08/2026,2026,4,02 Assault,021 Serious Assault,No,No,Katherine,,5
4/08/2026,2026,4,02 Assault,021 Serious Assault,No,No,Tennant Creek,,1
4/08/2026,2026,4,02 Assault,021 Serious Assault,No,No,Nhulunbuy,,3
4/08/2026,2026,4,02 Assault,021 Serious Assault,No,No,NT Balance,East Arnhem,8
4/08/2026,2026,4,02 Assault,021 Serious Assault,No,No,NT Balance,Elsey,1
4/08/2026,2026,4,02 Assault,021 Serious Assault,No,No,NT Balance,Gulf,5
4/08/2026,2026,4,02 Assault,021 Serious Assault,No,No,NT Balance,Howard Springs,24
4/08/2026,2026,4,02 Assault,021 Serious Assault,No,No,NT Balance,Petermann - Simpson,1
4/08/2026,2026,4,02 Assault,021 Serious Assault,No,No,NT Balance,Sandover - Plenty,2
4/08/2026,2026,4,02 Assault,021 Serious Assault,No,No,NT Balance,Tanami,2
4/08/2026,2026,4,02 Assault,021 Serious Assault,No,No,NT Balance,Thamarrurr,1
4/08/2026,2026,4,02 Assault,021 Serious Assault,No,No,NT Balance,Tiwi Islands,3
4/08/2026,2026,4,02 Assault,021 Serious Assault,No,No,NT Balance,Virginia,1
4/08/2026,2026,4,02 Assault,021 Serious Assault,No,No,NT Balance,Weddell,1
4/08/2026,2026,4,02 Assault,021 Serious Assault,No,No,NT Balance,West Arnhem,1
4/08/2026,2026,4,02 Assault,021 Serious Assault,No,No,NT Balance,Yuendumu - Anmatjere,2
4/08/2026,2026,4,02 Assault,021 Serious Assault,No,No,NT Balance,Unknown ,5
4/08/2026,2026,4,02 Assault,021 Serious Assault,No,Yes,Darwin,,46
4/08/2026,2026,4,02 Assault,021 Serious Assault,No,Yes,Palmerston,,22
4/08/2026,2026,4,02 Assault,021 Serious Assault,No,Yes,Alice Springs,,57
4/08/2026,2026,4,02 Assault,021 Serious Assault,No,Yes,Katherine,,19
4/08/2026,2026,4,02 Assault,021 Serious Assault,No,Yes,Tennant Creek,,5
4/08/2026,2026,4,02 Assault,021 Serious Assault,No,Yes,NT Balance,Alligator,4
4/08/2026,2026,4,02 Assault,021 Serious Assault,No,Yes,NT Balance,Anindilyakwa,3
4/08/2026,2026,4,02 Assault,021 Serious Assault,No,Yes,NT Balance,Daly,2
4/08/2026,2026,4,02 Assault,021 Serious Assault,No,Yes,NT Balance,East Arnhem,13
4/08/2026,2026,4,02 Assault,021 Serious Assault,No,Yes,NT Balance,Elsey,11
4/08/2026,2026,4,02 Assault,021 Serious Assault,No,Yes,NT Balance,Gulf,9
4/08/2026,2026,4,02 Assault,021 Serious Assault,No,Yes,NT Balance,Howard Springs,1
4/08/2026,2026,4,02 Assault,021 Serious Assault,No,Yes,NT Balance,Humpty Doo,3
4/08/2026,2026,4,02 Assault,021 Serious Assault,No,Yes,NT Balance,Koolpinyah,1
4/08/2026,2026,4,02 Assault,021 Serious Assault,No,Yes,NT Balance,Petermann - Simpson,1
4/08/2026,2026,4,02 Assault,021 Serious Assault,No,Yes,NT Balance,Sandover - Plenty,3
4/08/2026,2026,4,02 Assault,021 Serious Assault,No,Yes,NT Balance,Tanami,12
4/08/2026,2026,4,02 Assault,021 Serious Assault,No,Yes,NT Balance,Thamarrurr,12
4/08/2026,2026,4,02 Assault,021 Serious Assault,No,Yes,NT Balance,Tiwi Islands,8
4/08/2026,2026,4,02 Assault,021 Serious Assault,No,Yes,NT Balance,Victoria River,2
4/08/2026,2026,4,02 Assault,021 Serious Assault,No,Yes,NT Balance,Weddell,1
4/08/2026,2026,4,02 Assault,021 Serious Assault,No,Yes,NT Balance,West Arnhem,9
4/08/2026,2026,4,02 Assault,021 Serious Assault,No,Yes,NT Balance,Yuendumu - Anmatjere,4
4/08/2026,2026,4,02 Assault,021 Serious Assault,No,Yes,NT Balance,Unknown ,8
4/08/2026,2026,4,02 Assault,021 Serious Assault,Yes,No,Darwin,,15
4/08/2026,2026,4,02 Assault,021 Serious Assault,Yes,No,Palmerston,,9
4/08/2026,2026,4,02 Assault,021 Serious Assault,Yes,No,Alice Springs,,15
4/08/2026,2026,4,02 Assault,021 Serious Assault,Yes,No,Katherine,,4
4/08/2026,2026,4,02 Assault,021 Serious Assault,Yes,No,Tennant Creek,,1
4/08/2026,2026,4,02 Assault,021 Serious Assault,Yes,No,NT Balance,Alligator,2
4/08/2026,2026,4,02 Assault,021 Serious Assault,Yes,No,NT Balance,Daly,1
4/08/2026,2026,4,02 Assault,021 Serious Assault,Yes,No,NT Balance,Elsey,3
4/08/2026,2026,4,02 Assault,021 Serious Assault,Yes,No,NT Balance,Sandover - Plenty,1
4/08/2026,2026,4,02 Assault,021 Serious Assault,Yes,No,NT Balance,Weddell,1
4/08/2026,2026,4,02 Assault,021 Serious Assault,Yes,No,NT Balance,Yuendumu - Anmatjere,1
4/08/2026,2026,4,02 Assault,021 Serious Assault,Yes,Yes,Darwin,,60
4/08/2026,2026,4,02 Assault,021 Serious Assault,Yes,Yes,Palmerston,,18
4/08/2026,2026,4,02 Assault,021 Serious Assault,Yes,Yes,Alice Springs,,58
4/08/2026,2026,4,02 Assault,021 Serious Assault,Yes,Yes,Katherine,,19
4/08/2026,2026,4,02 Assault,021 Serious Assault,Yes,Yes,Tennant Creek,,17
4/08/2026,2026,4,02 Assault,021 Serious Assault,Yes,Yes,Nhulunbuy,,5
4/08/2026,2026,4,02 Assault,021 Serious Assault,Yes,Yes,NT Balance,Alligator,8
4/08/2026,2026,4,02 Assault,021 Serious Assault,Yes,Yes,NT Balance,Barkly,3
4/08/2026,2026,4,02 Assault,021 Serious Assault,Yes,Yes,NT Balance,East Arnhem,2
4/08/2026,2026,4,02 Assault,021 Serious Assault,Yes,Yes,NT Balance,Elsey,10
4/08/2026,2026,4,02 Assault,021 Serious Assault,Yes,Yes,NT Balance,Gulf,3
4/08/2026,2026,4,02 Assault,021 Serious Assault,Yes,Yes,NT Balance,Petermann - Simpson,1
4/08/2026,2026,4,02 Assault,021 Serious Assault,Yes,Yes,NT Balance,Sandover - Plenty,1
4/08/2026,2026,4,02 Assault,021 Serious Assault,Yes,Yes,NT Balance,Tiwi Islands,2
4/08/2026,2026,4,02 Assault,021 Serious Assault,Yes,Yes,NT Balance,West Arnhem,3
4/08/2026,2026,4,02 Assault,021 Serious Assault,Yes,Yes,NT Balance,Yuendumu - Anmatjere,4
4/08/2026,2026,4,02 Assault,021 Serious Assault,Yes,Yes,NT Balance,Unknown ,4
4/08/2026,2026,4,02 Assault,022 Assault of a prescribed officer,No,No,Darwin,,1
4/08/2026,2026,4,02 Assault,022 Assault of a prescribed officer,No,No,Palmerston,,1
4/08/2026,2026,4,02 Assault,022 Assault of a prescribed officer,No,No,Alice Springs,,6
4/08/2026,2026,4,02 Assault,022 Assault of a prescribed officer,No,No,Katherine,,1
4/08/2026,2026,4,02 Assault,022 Assault of a prescribed officer,No,No,NT Balance,East Arnhem,1
4/08/2026,2026,4,02 Assault,022 Assault of a prescribed officer,No,No,NT Balance,Unknown ,2
4/08/2026,2026,4,02 Assault,022 Assault of a prescribed officer,No,Yes,NT Balance,Thamarrurr,2
4/08/2026,2026,4,02 Assault,022 Assault of a prescribed officer,Yes,No,Darwin,,9
4/08/2026,2026,4,02 Assault,022 Assault of a prescribed officer,Yes,No,Palmerston,,1
4/08/2026,2026,4,02 Assault,022 Assault of a prescribed officer,Yes,No,Alice Springs,,2
4/08/2026,2026,4,02 Assault,022 Assault of a prescribed officer,Yes,No,Katherine,,1
4/08/2026,2026,4,02 Assault,022 Assault of a prescribed officer,Yes,No,Nhulunbuy,,2
4/08/2026,2026,4,02 Assault,022 Assault of a prescribed officer,Yes,Yes,Darwin,,2
4/08/2026,2026,4,02 Assault,023 Common Assault,No,No,Darwin,,18
4/08/2026,2026,4,02 Assault,023 Common Assault,No,No,Palmerston,,7
4/08/2026,2026,4,02 Assault,023 Common Assault,No,No,Alice Springs,,13
4/08/2026,2026,4,02 Assault,023 Common Assault,No,No,Katherine,,3
4/08/2026,2026,4,02 Assault,023 Common Assault,No,No,Tennant Creek,,3
4/08/2026,2026,4,02 Assault,023 Common Assault,No,No,Nhulunbuy,,1
4/08/2026,2026,4,02 Assault,023 Common Assault,No,No,NT Balance,Alligator,1
4/08/2026,2026,4,02 Assault,023 Common Assault,No,No,NT Balance,East Arnhem,2
4/08/2026,2026,4,02 Assault,023 Common Assault,No,No,NT Balance,Howard Springs,7
4/08/2026,2026,4,02 Assault,023 Common Assault,No,No,NT Balance,Sandover - Plenty,3
4/08/2026,2026,4,02 Assault,023 Common Assault,No,No,NT Balance,Tanami,1
4/08/2026,2026,4,02 Assault,023 Common Assault,No,No,NT Balance,Unknown ,1
4/08/2026,2026,4,02 Assault,023 Common Assault,No,Yes,Darwin,,6
4/08/2026,2026,4,02 Assault,023 Common Assault,No,Yes,Palmerston,,2
4/08/2026,2026,4,02 Assault,023 Common Assault,No,Yes,Alice Springs,,7
4/08/2026,2026,4,02 Assault,023 Common Assault,No,Yes,NT Balance,Alligator,2
4/08/2026,2026,4,02 Assault,023 Common Assault,No,Yes,NT Balance,Anindilyakwa,1
4/08/2026,2026,4,02 Assault,023 Common Assault,No,Yes,NT Balance,East Arnhem,2
4/08/2026,2026,4,02 Assault,023 Common Assault,No,Yes,NT Balance,Gulf,1
4/08/2026,2026,4,02 Assault,023 Common Assault,No,Yes,NT Balance,Tanami,1
4/08/2026,2026,4,02 Assault,023 Common Assault,No,Yes,NT Balance,Thamarrurr,1
4/08/2026,2026,4,02 Assault,023 Common Assault,No,Yes,NT Balance,Tiwi Islands,3
4/08/2026,2026,4,02 Assault,023 Common Assault,No,Yes,NT Balance,Weddell,1
4/08/2026,2026,4,02 Assault,023 Common Assault,No,Yes,NT Balance,West Arnhem,1
4/08/2026,2026,4,02 Assault,023 Common Assault,Yes,No,Darwin,,9
4/08/2026,2026,4,02 Assault,023 Common Assault,Yes,No,Palmerston,,2
4/08/2026,2026,4,02 Assault,023 Common Assault,Yes,No,Alice Springs,,5
4/08/2026,2026,4,02 Assault,023 Common Assault,Yes,No,Katherine,,3
4/08/2026,2026,4,02 Assault,023 Common Assault,Yes,Yes,Darwin,,3
4/08/2026,2026,4,02 Assault,023 Common Assault,Yes,Yes,Palmerston,,2
4/08/2026,2026,4,02 Assault,023 Common Assault,Yes,Yes,Alice Springs,,5
4/08/2026,2026,4,02 Assault,023 Common Assault,Yes,Yes,Katherine,,3
4/08/2026,2026,4,02 Assault,023 Common Assault,Yes,Yes,Nhulunbuy,,2
4/08/2026,2026,4,02 Assault,023 Common Assault,Yes,Yes,NT Balance,Alligator,1
4/08/2026,2026,4,02 Assault,023 Common Assault,Yes,Yes,NT Balance,Petermann - Simpson,1
4/08/2026,2026,4,02 Assault,023 Common Assault,Yes,Yes,NT Balance,Weddell,1
4/08/2026,2026,4,03 Sexual offences,031 Sexual assault of an adult,-,-,Darwin,,9
4/08/2026,2026,4,03 Sexual offences,031 Sexual assault of an adult,-,-,Palmerston,,3
4/08/2026,2026,4,03 Sexual offences,031 Sexual assault of an adult,-,-,Alice Springs,,5
4/08/2026,2026,4,03 Sexual offences,031 Sexual assault of an adult,-,-,Katherine,,2
4/08/2026,2026,4,03 Sexual offences,031 Sexual assault of an adult,-,-,Tennant Creek,,3
4/08/2026,2026,4,03 Sexual offences,031 Sexual assault of an adult,-,-,Nhulunbuy,,2
4/08/2026,2026,4,03 Sexual offences,031 Sexual assault of an adult,-,-,NT Balance,Alligator,1
4/08/2026,2026,4,03 Sexual offences,031 Sexual assault of an adult,-,-,NT Balance,East Arnhem,1
4/08/2026,2026,4,03 Sexual offences,031 Sexual assault of an adult,-,-,NT Balance,Howard Springs,1
4/08/2026,2026,4,03 Sexual offences,031 Sexual assault of an adult,-,-,NT Balance,Sandover - Plenty,1
4/08/2026,2026,4,03 Sexual offences,031 Sexual assault of an adult,-,-,NT Balance,Tanami,1
4/08/2026,2026,4,03 Sexual offences,031 Sexual assault of an adult,-,-,NT Balance,Tiwi Islands,1
4/08/2026,2026,4,03 Sexual offences,031 Sexual assault of an adult,-,-,NT Balance,West Arnhem,1
4/08/2026,2026,4,03 Sexual offences,032 Sexual assault of a child,-,-,Darwin,,3
4/08/2026,2026,4,03 Sexual offences,032 Sexual assault of a child,-,-,Katherine,,1
4/08/2026,2026,4,03 Sexual offences,032 Sexual assault of a child,-,-,Tennant Creek,,1
4/08/2026,2026,4,03 Sexual offences,032 Sexual assault of a child,-,-,Nhulunbuy,,1
4/08/2026,2026,4,03 Sexual offences,032 Sexual assault of a child,-,-,NT Balance,Gulf,1
4/08/2026,2026,4,03 Sexual offences,"033, 034 Other child-related sexual offences",-,-,Darwin,,3
4/08/2026,2026,4,03 Sexual offences,"033, 034 Other child-related sexual offences",-,-,Palmerston,,1
4/08/2026,2026,4,03 Sexual offences,"033, 034 Other child-related sexual offences",-,-,Katherine,,1
4/08/2026,2026,4,03 Sexual offences,"033, 034 Other child-related sexual offences",-,-,NT Balance,Alligator,1
4/08/2026,2026,4,03 Sexual offences,"033, 034 Other child-related sexual offences",-,-,NT Balance,Unknown ,1
4/08/2026,2026,4,03 Sexual offences,"035, 039 Other sexual offences",-,-,Darwin,,2
4/08/2026,2026,4,03 Sexual offences,"035, 039 Other sexual offences",-,-,Palmerston,,2
4/08/2026,2026,4,03 Sexual offences,"035, 039 Other sexual offences",-,-,Alice Springs,,1
4/08/2026,2026,4,03 Sexual offences,"035, 039 Other sexual offences",-,-,NT Balance,Thamarrurr,1
4/08/2026,2026,4,04 Harm or endanger persons,"041, 042, 043 Human trafficking, abduction, deprivation of liberty",-,-,Darwin,,3
4/08/2026,2026,4,04 Harm or endanger persons,"041, 042, 043 Human trafficking, abduction, deprivation of liberty",-,-,Palmerston,,1
4/08/2026,2026,4,04 Harm or endanger persons,"041, 042, 043 Human trafficking, abduction, deprivation of liberty",-,-,Alice Springs,,1
4/08/2026,2026,4,04 Harm or endanger persons,"041, 042, 043 Human trafficking, abduction, deprivation of liberty",-,-,Katherine,,1
4/08/2026,2026,4,04 Harm or endanger persons,"041, 042, 043 Human trafficking, abduction, deprivation of liberty",-,-,NT Balance,Alligator,1
4/08/2026,2026,4,04 Harm or endanger persons,"041, 042, 043 Human trafficking, abduction, deprivation of liberty",-,-,NT Balance,Humpty Doo,1
4/08/2026,2026,4,04 Harm or endanger persons,"041, 042, 043 Human trafficking, abduction, deprivation of liberty",-,-,NT Balance,Thamarrurr,1
4/08/2026,2026,4,04 Harm or endanger persons,"044 Acts that threaten, harass or control",-,-,Darwin,,20
4/08/2026,2026,4,04 Harm or endanger persons,"044 Acts that threaten, harass or control",-,-,Palmerston,,5
4/08/2026,2026,4,04 Harm or endanger persons,"044 Acts that threaten, harass or control",-,-,Alice Springs,,12
4/08/2026,2026,4,04 Harm or endanger persons,"044 Acts that threaten, harass or control",-,-,Katherine,,8
4/08/2026,2026,4,04 Harm or endanger persons,"044 Acts that threaten, harass or control",-,-,NT Balance,Alligator,1
4/08/2026,2026,4,04 Harm or endanger persons,"044 Acts that threaten, harass or control",-,-,NT Balance,Elsey,1
4/08/2026,2026,4,04 Harm or endanger persons,"044 Acts that threaten, harass or control",-,-,NT Balance,Gulf,1
4/08/2026,2026,4,04 Harm or endanger persons,"044 Acts that threaten, harass or control",-,-,NT Balance,Howard Springs,4
4/08/2026,2026,4,04 Harm or endanger persons,"044 Acts that threaten, harass or control",-,-,NT Balance,Sandover - Plenty,3
4/08/2026,2026,4,04 Harm or endanger persons,"044 Acts that threaten, harass or control",-,-,NT Balance,Tanami,1
4/08/2026,2026,4,04 Harm or endanger persons,"044 Acts that threaten, harass or control",-,-,NT Balance,Thamarrurr,4
4/08/2026,2026,4,04 Harm or endanger persons,"044 Acts that threaten, harass or control",-,-,NT Balance,Victoria River,1
4/08/2026,2026,4,04 Harm or endanger persons,"044 Acts that threaten, harass or control",-,-,NT Balance,Weddell,1
4/08/2026,2026,4,04 Harm or endanger persons,"044 Acts that threaten, harass or control",-,-,NT Balance,West Arnhem,1
4/08/2026,2026,4,04 Harm or endanger persons,"044 Acts that threaten, harass or control",-,-,NT Balance,Yuendumu - Anmatjere,1
4/08/2026,2026,4,04 Harm or endanger persons,"044 Acts that threaten, harass or control",-,-,NT Balance,Unknown ,1
4/08/2026,2026,4,04 Harm or endanger persons,045 Driving causing serious injury,-,-,Darwin,,2
4/08/2026,2026,4,04 Harm or endanger persons,045 Driving causing serious injury,-,-,NT Balance,Howard Springs,1
4/08/2026,2026,4,04 Harm or endanger persons,049 Other acts that harm or endanger persons,-,-,Darwin,,5
4/08/2026,2026,4,04 Harm or endanger persons,049 Other acts that harm or endanger persons,-,-,Alice Springs,,7
4/08/2026,2026,4,04 Harm or endanger persons,049 Other acts that harm or endanger persons,-,-,Katherine,,2
4/08/2026,2026,4,04 Harm or endanger persons,049 Other acts that harm or endanger persons,-,-,Tennant Creek,,1
4/08/2026,2026,4,04 Harm or endanger persons,049 Other acts that harm or endanger persons,-,-,NT Balance,Alligator,2
4/08/2026,2026,4,04 Harm or endanger persons,049 Other acts that harm or endanger persons,-,-,NT Balance,Daly,1
4/08/2026,2026,4,04 Harm or endanger persons,049 Other acts that harm or endanger persons,-,-,NT Balance,Gulf,3
4/08/2026,2026,4,04 Harm or endanger persons,049 Other acts that harm or endanger persons,-,-,NT Balance,Thamarrurr,3
4/08/2026,2026,4,04 Harm or endanger persons,049 Other acts that harm or endanger persons,-,-,NT Balance,Virginia,1
4/08/2026,2026,4,04 Harm or endanger persons,049 Other acts that harm or endanger persons,-,-,NT Balance,Weddell,1
4/08/2026,2026,4,04 Harm or endanger persons,049 Other acts that harm or endanger persons,-,-,NT Balance,Yuendumu - Anmatjere,1
4/08/2026,2026,4,04 Harm or endanger persons,049 Other acts that harm or endanger persons,-,-,NT Balance,Unknown ,3
4/08/2026,2026,4,"05 Robbery, blackmail, and extortion",051 Robbery,-,-,Darwin,,19
4/08/2026,2026,4,"05 Robbery, blackmail, and extortion",051 Robbery,-,-,Palmerston,,3
4/08/2026,2026,4,"05 Robbery, blackmail, and extortion",051 Robbery,-,-,Alice Springs,,5
4/08/2026,2026,4,"05 Robbery, blackmail, and extortion",051 Robbery,-,-,Katherine,,6
4/08/2026,2026,4,"05 Robbery, blackmail, and extortion",051 Robbery,-,-,NT Balance,Barkly,1
4/08/2026,2026,4,"05 Robbery, blackmail, and extortion",051 Robbery,-,-,NT Balance,East Arnhem,2
4/08/2026,2026,4,"05 Robbery, blackmail, and extortion",051 Robbery,-,-,NT Balance,Thamarrurr,2
4/08/2026,2026,4,"05 Robbery, blackmail, and extortion",051 Robbery,-,-,NT Balance,Victoria River,1
4/08/2026,2026,4,"05 Robbery, blackmail, and extortion",051 Robbery,-,-,NT Balance,Unknown ,3
4/08/2026,2026,4,061 Burglary - dwelling,"061 Burglary - dwelling (house break-ins), actual",-,-,Darwin,,36
4/08/2026,2026,4,061 Burglary - dwelling,"061 Burglary - dwelling (house break-ins), actual",-,-,Palmerston,,14
4/08/2026,2026,4,061 Burglary - dwelling,"061 Burglary - dwelling (house break-ins), actual",-,-,Alice Springs,,34
4/08/2026,2026,4,061 Burglary - dwelling,"061 Burglary - dwelling (house break-ins), actual",-,-,Katherine,,9
4/08/2026,2026,4,061 Burglary - dwelling,"061 Burglary - dwelling (house break-ins), actual",-,-,Tennant Creek,,16
4/08/2026,2026,4,061 Burglary - dwelling,"061 Burglary - dwelling (house break-ins), actual",-,-,Nhulunbuy,,3
4/08/2026,2026,4,061 Burglary - dwelling,"061 Burglary - dwelling (house break-ins), actual",-,-,NT Balance,Barkly,3
4/08/2026,2026,4,061 Burglary - dwelling,"061 Burglary - dwelling (house break-ins), actual",-,-,NT Balance,Daly,1
4/08/2026,2026,4,061 Burglary - dwelling,"061 Burglary - dwelling (house break-ins), actual",-,-,NT Balance,East Arnhem,4
4/08/2026,2026,4,061 Burglary - dwelling,"061 Burglary - dwelling (house break-ins), actual",-,-,NT Balance,Gulf,2
4/08/2026,2026,4,061 Burglary - dwelling,"061 Burglary - dwelling (house break-ins), actual",-,-,NT Balance,Humpty Doo,2
4/08/2026,2026,4,061 Burglary - dwelling,"061 Burglary - dwelling (house break-ins), actual",-,-,NT Balance,Petermann - Simpson,1
4/08/2026,2026,4,061 Burglary - dwelling,"061 Burglary - dwelling (house break-ins), actual",-,-,NT Balance,Tanami,3
4/08/2026,2026,4,061 Burglary - dwelling,"061 Burglary - dwelling (house break-ins), actual",-,-,NT Balance,Thamarrurr,6
4/08/2026,2026,4,061 Burglary - dwelling,"061 Burglary - dwelling (house break-ins), actual",-,-,NT Balance,Victoria River,3
4/08/2026,2026,4,061 Burglary - dwelling,"061 Burglary - dwelling (house break-ins), actual",-,-,NT Balance,Weddell,1
4/08/2026,2026,4,061 Burglary - dwelling,"061 Burglary - dwelling (house break-ins), actual",-,-,NT Balance,West Arnhem,5
4/08/2026,2026,4,061 Burglary - dwelling,"061 Burglary - dwelling (house break-ins), actual",-,-,NT Balance,Unknown ,2
4/08/2026,2026,4,061 Burglary - dwelling,"061 Burglary - dweling (house break-ins), attempted",-,-,Darwin,,16
4/08/2026,2026,4,061 Burglary - dwelling,"061 Burglary - dweling (house break-ins), attempted",-,-,Palmerston,,6
4/08/2026,2026,4,061 Burglary - dwelling,"061 Burglary - dweling (house break-ins), attempted",-,-,Alice Springs,,4
4/08/2026,2026,4,061 Burglary - dwelling,"061 Burglary - dweling (house break-ins), attempted",-,-,Katherine,,4
4/08/2026,2026,4,061 Burglary - dwelling,"061 Burglary - dweling (house break-ins), attempted",-,-,Tennant Creek,,1
4/08/2026,2026,4,061 Burglary - dwelling,"061 Burglary - dweling (house break-ins), attempted",-,-,NT Balance,Barkly,1
4/08/2026,2026,4,061 Burglary - dwelling,"061 Burglary - dweling (house break-ins), attempted",-,-,NT Balance,East Arnhem,1
4/08/2026,2026,4,061 Burglary - dwelling,"061 Burglary - dweling (house break-ins), attempted",-,-,NT Balance,Thamarrurr,2
4/08/2026,2026,4,061 Burglary - dwelling,"061 Burglary - dweling (house break-ins), attempted",-,-,NT Balance,Victoria River,1
4/08/2026,2026,4,061 Burglary - dwelling,"061 Burglary - dweling (house break-ins), attempted",-,-,NT Balance,West Arnhem,1
4/08/2026,2026,4,062 Burglary - non-residential,"062 Burglary - non-residential (commercial break-ins), actual",-,-,Darwin,,15
4/08/2026,2026,4,062 Burglary - non-residential,"062 Burglary - non-residential (commercial break-ins), actual",-,-,Palmerston,,5
4/08/2026,2026,4,062 Burglary - non-residential,"062 Burglary - non-residential (commercial break-ins), actual",-,-,Alice Springs,,4
4/08/2026,2026,4,062 Burglary - non-residential,"062 Burglary - non-residential (commercial break-ins), actual",-,-,Katherine,,2
4/08/2026,2026,4,062 Burglary - non-residential,"062 Burglary - non-residential (commercial break-ins), actual",-,-,Tennant Creek,,2
4/08/2026,2026,4,062 Burglary - non-residential,"062 Burglary - non-residential (commercial break-ins), actual",-,-,NT Balance,Anindilyakwa,3
4/08/2026,2026,4,062 Burglary - non-residential,"062 Burglary - non-residential (commercial break-ins), actual",-,-,NT Balance,Barkly,4
4/08/2026,2026,4,062 Burglary - non-residential,"062 Burglary - non-residential (commercial break-ins), actual",-,-,NT Balance,Daly,2
4/08/2026,2026,4,062 Burglary - non-residential,"062 Burglary - non-residential (commercial break-ins), actual",-,-,NT Balance,East Arnhem,7
4/08/2026,2026,4,062 Burglary - non-residential,"062 Burglary - non-residential (commercial break-ins), actual",-,-,NT Balance,Elsey,1
4/08/2026,2026,4,062 Burglary - non-residential,"062 Burglary - non-residential (commercial break-ins), actual",-,-,NT Balance,Gulf,3
4/08/2026,2026,4,062 Burglary - non-residential,"062 Burglary - non-residential (commercial break-ins), actual",-,-,NT Balance,Howard Springs,1
4/08/2026,2026,4,062 Burglary - non-residential,"062 Burglary - non-residential (commercial break-ins), actual",-,-,NT Balance,West Arnhem,4
4/08/2026,2026,4,062 Burglary - non-residential,"062 Burglary - non-residential (commercial break-ins), actual",-,-,NT Balance,Yuendumu - Anmatjere,1
4/08/2026,2026,4,062 Burglary - non-residential,"062 Burglary - non-residential (commercial break-ins), actual",-,-,NT Balance,Unknown ,3
4/08/2026,2026,4,062 Burglary - non-residential,"062 Burglary - non-residential (commercial break-ins), attempted",-,-,Darwin,,2
4/08/2026,2026,4,062 Burglary - non-residential,"062 Burglary - non-residential (commercial break-ins), attempted",-,-,Palmerston,,3
4/08/2026,2026,4,062 Burglary - non-residential,"062 Burglary - non-residential (commercial break-ins), attempted",-,-,Katherine,,2
4/08/2026,2026,4,062 Burglary - non-residential,"062 Burglary - non-residential (commercial break-ins), attempted",-,-,NT Balance,East Arnhem,3
4/08/2026,2026,4,062 Burglary - non-residential,"062 Burglary - non-residential (commercial break-ins), attempted",-,-,NT Balance,Petermann - Simpson,1
4/08/2026,2026,4,062 Burglary - non-residential,"062 Burglary - non-residential (commercial break-ins), attempted",-,-,NT Balance,Sandover - Plenty,1
4/08/2026,2026,4,07 Theft,071 Motor vehicle theft and related offences,-,-,Darwin,,19
4/08/2026,2026,4,07 Theft,071 Motor vehicle theft and related offences,-,-,Palmerston,,4
4/08/2026,2026,4,07 Theft,071 Motor vehicle theft and related offences,-,-,Alice Springs,,6
4/08/2026,2026,4,07 Theft,071 Motor vehicle theft and related offences,-,-,Katherine,,6
4/08/2026,2026,4,07 Theft,071 Motor vehicle theft and related offences,-,-,Nhulunbuy,,2
4/08/2026,2026,4,07 Theft,071 Motor vehicle theft and related offences,-,-,NT Balance,Daly,1
4/08/2026,2026,4,07 Theft,071 Motor vehicle theft and related offences,-,-,NT Balance,East Arnhem,1
4/08/2026,2026,4,07 Theft,071 Motor vehicle theft and related offences,-,-,NT Balance,Howard Springs,1
4/08/2026,2026,4,07 Theft,071 Motor vehicle theft and related offences,-,-,NT Balance,Victoria River,1
4/08/2026,2026,4,07 Theft,071 Motor vehicle theft and related offences,-,-,NT Balance,Unknown ,2
4/08/2026,2026,4,07 Theft,07* Other theft,-,-,Darwin,,284
4/08/2026,2026,4,07 Theft,07* Other theft,-,-,Palmerston,,120
4/08/2026,2026,4,07 Theft,07* Other theft,-,-,Alice Springs,,109
4/08/2026,2026,4,07 Theft,07* Other theft,-,-,Katherine,,41
4/08/2026,2026,4,07 Theft,07* Other theft,-,-,Tennant Creek,,21
4/08/2026,2026,4,07 Theft,07* Other theft,-,-,Nhulunbuy,,2
4/08/2026,2026,4,07 Theft,07* Other theft,-,-,NT Balance,Alligator,4
4/08/2026,2026,4,07 Theft,07* Other theft,-,-,NT Balance,Anindilyakwa,3
4/08/2026,2026,4,07 Theft,07* Other theft,-,-,NT Balance,Barkly,7
4/08/2026,2026,4,07 Theft,07* Other theft,-,-,NT Balance,Daly,5
4/08/2026,2026,4,07 Theft,07* Other theft,-,-,NT Balance,East Arnhem,6
4/08/2026,2026,4,07 Theft,07* Other theft,-,-,NT Balance,Elsey,1
4/08/2026,2026,4,07 Theft,07* Other theft,-,-,NT Balance,Gulf,5
4/08/2026,2026,4,07 Theft,07* Other theft,-,-,NT Balance,Howard Springs,5
4/08/2026,2026,4,07 Theft,07* Other theft,-,-,NT Balance,Humpty Doo,7
4/08/2026,2026,4,07 Theft,07* Other theft,-,-,NT Balance,Petermann - Simpson,5
4/08/2026,2026,4,07 Theft,07* Other theft,-,-,NT Balance,Sandover - Plenty,1
4/08/2026,2026,4,07 Theft,07* Other theft,-,-,NT Balance,Tanami,1
4/08/2026,2026,4,07 Theft,07* Other theft,-,-,NT Balance,Thamarrurr,2
4/08/2026,2026,4,07 Theft,07* Other theft,-,-,NT Balance,Victoria River,7
4/08/2026,2026,4,07 Theft,07* Other theft,-,-,NT Balance,Virginia,14
4/08/2026,2026,4,07 Theft,07* Other theft,-,-,NT Balance,Weddell,9
4/08/2026,2026,4,07 Theft,07* Other theft,-,-,NT Balance,West Arnhem,6
4/08/2026,2026,4,07 Theft,07* Other theft,-,-,NT Balance,Yuendumu - Anmatjere,1
4/08/2026,2026,4,07 Theft,07* Other theft,-,-,NT Balance,Unknown ,4
4/08/2026,2026,4,11 Property damage offences,11 Property damage offences,-,-,Darwin,,226
4/08/2026,2026,4,11 Property damage offences,11 Property damage offences,-,-,Palmerston,,111
4/08/2026,2026,4,11 Property damage offences,11 Property damage offences,-,-,Alice Springs,,111
4/08/2026,2026,4,11 Property damage offences,11 Property damage offences,-,-,Katherine,,37
4/08/2026,2026,4,11 Property damage offences,11 Property damage offences,-,-,Tennant Creek,,23
4/08/2026,2026,4,11 Property damage offences,11 Property damage offences,-,-,Nhulunbuy,,15
4/08/2026,2026,4,11 Property damage offences,11 Property damage offences,-,-,NT Balance,Alligator,1
4/08/2026,2026,4,11 Property damage offences,11 Property damage offences,-,-,NT Balance,Anindilyakwa,4
4/08/2026,2026,4,11 Property damage offences,11 Property damage offences,-,-,NT Balance,Barkly,13
4/08/2026,2026,4,11 Property damage offences,11 Property damage offences,-,-,NT Balance,Daly,5
4/08/2026,2026,4,11 Property damage offences,11 Property damage offences,-,-,NT Balance,East Arnhem,10
4/08/2026,2026,4,11 Property damage offences,11 Property damage offences,-,-,NT Balance,Elsey,4
4/08/2026,2026,4,11 Property damage offences,11 Property damage offences,-,-,NT Balance,Gulf,8
4/08/2026,2026,4,11 Property damage offences,11 Property damage offences,-,-,NT Balance,Howard Springs,13
4/08/2026,2026,4,11 Property damage offences,11 Property damage offences,-,-,NT Balance,Humpty Doo,5
4/08/2026,2026,4,11 Property damage offences,11 Property damage offences,-,-,NT Balance,Petermann - Simpson,4
4/08/2026,2026,4,11 Property damage offences,11 Property damage offences,-,-,NT Balance,Sandover - Plenty,1
4/08/2026,2026,4,11 Property damage offences,11 Property damage offences,-,-,NT Balance,Tanami,3
4/08/2026,2026,4,11 Property damage offences,11 Property damage offences,-,-,NT Balance,Thamarrurr,9
4/08/2026,2026,4,11 Property damage offences,11 Property damage offences,-,-,NT Balance,Tiwi Islands,5
4/08/2026,2026,4,11 Property damage offences,11 Property damage offences,-,-,NT Balance,Victoria River,4
4/08/2026,2026,4,11 Property damage offences,11 Property damage offences,-,-,NT Balance,Virginia,1
4/08/2026,2026,4,11 Property damage offences,11 Property damage offences,-,-,NT Balance,Weddell,5
4/08/2026,2026,4,11 Property damage offences,11 Property damage offences,-,-,NT Balance,West Arnhem,10
4/08/2026,2026,4,11 Property damage offences,11 Property damage offences,-,-,NT Balance,Yuendumu - Anmatjere,3
4/08/2026,2026,4,11 Property damage offences,11 Property damage offences,-,-,NT Balance,Unknown ,10
4/08/2026,2026,5,01 Homicide,0132 Driving causing death,-,-,NT Balance,Victoria River,1
4/08/2026,2026,5,02 Assault,021 Serious Assault,No,No,Darwin,,48
4/08/2026,2026,5,02 Assault,021 Serious Assault,No,No,Palmerston,,11
4/08/2026,2026,5,02 Assault,021 Serious Assault,No,No,Alice Springs,,14
4/08/2026,2026,5,02 Assault,021 Serious Assault,No,No,Katherine,,9
4/08/2026,2026,5,02 Assault,021 Serious Assault,No,No,Tennant Creek,,3
4/08/2026,2026,5,02 Assault,021 Serious Assault,No,No,Nhulunbuy,,1
4/08/2026,2026,5,02 Assault,021 Serious Assault,No,No,NT Balance,Daly,1
4/08/2026,2026,5,02 Assault,021 Serious Assault,No,No,NT Balance,East Arnhem,8
4/08/2026,2026,5,02 Assault,021 Serious Assault,No,No,NT Balance,Howard Springs,7
4/08/2026,2026,5,02 Assault,021 Serious Assault,No,No,NT Balance,Humpty Doo,1
4/08/2026,2026,5,02 Assault,021 Serious Assault,No,No,NT Balance,Petermann - Simpson,1
4/08/2026,2026,5,02 Assault,021 Serious Assault,No,No,NT Balance,Sandover - Plenty,1
4/08/2026,2026,5,02 Assault,021 Serious Assault,No,No,NT Balance,Thamarrurr,6
4/08/2026,2026,5,02 Assault,021 Serious Assault,No,No,NT Balance,Tiwi Islands,3
4/08/2026,2026,5,02 Assault,021 Serious Assault,No,No,NT Balance,Victoria River,2
4/08/2026,2026,5,02 Assault,021 Serious Assault,No,No,NT Balance,West Arnhem,1
4/08/2026,2026,5,02 Assault,021 Serious Assault,No,No,NT Balance,Yuendumu - Anmatjere,4
4/08/2026,2026,5,02 Assault,021 Serious Assault,No,No,NT Balance,Unknown ,8
4/08/2026,2026,5,02 Assault,021 Serious Assault,No,Yes,Darwin,,44
4/08/2026,2026,5,02 Assault,021 Serious Assault,No,Yes,Palmerston,,32
4/08/2026,2026,5,02 Assault,021 Serious Assault,No,Yes,Alice Springs,,40
4/08/2026,2026,5,02 Assault,021 Serious Assault,No,Yes,Katherine,,17
4/08/2026,2026,5,02 Assault,021 Serious Assault,No,Yes,Tennant Creek,,3
4/08/2026,2026,5,02 Assault,021 Serious Assault,No,Yes,Nhulunbuy,,3
4/08/2026,2026,5,02 Assault,021 Serious Assault,No,Yes,NT Balance,Alligator,1
4/08/2026,2026,5,02 Assault,021 Serious Assault,No,Yes,NT Balance,Anindilyakwa,5
4/08/2026,2026,5,02 Assault,021 Serious Assault,No,Yes,NT Balance,Barkly,4
4/08/2026,2026,5,02 Assault,021 Serious Assault,No,Yes,NT Balance,Daly,2
4/08/2026,2026,5,02 Assault,021 Serious Assault,No,Yes,NT Balance,East Arnhem,18
4/08/2026,2026,5,02 Assault,021 Serious Assault,No,Yes,NT Balance,Elsey,2
4/08/2026,2026,5,02 Assault,021 Serious Assault,No,Yes,NT Balance,Gulf,10
4/08/2026,2026,5,02 Assault,021 Serious Assault,No,Yes,NT Balance,Howard Springs,1
4/08/2026,2026,5,02 Assault,021 Serious Assault,No,Yes,NT Balance,Humpty Doo,1
4/08/2026,2026,5,02 Assault,021 Serious Assault,No,Yes,NT Balance,Petermann - Simpson,4
4/08/2026,2026,5,02 Assault,021 Serious Assault,No,Yes,NT Balance,Sandover - Plenty,4
4/08/2026,2026,5,02 Assault,021 Serious Assault,No,Yes,NT Balance,Tanami,11
4/08/2026,2026,5,02 Assault,021 Serious Assault,No,Yes,NT Balance,Thamarrurr,10
4/08/2026,2026,5,02 Assault,021 Serious Assault,No,Yes,NT Balance,Tiwi Islands,4
4/08/2026,2026,5,02 Assault,021 Serious Assault,No,Yes,NT Balance,Victoria River,1
4/08/2026,2026,5,02 Assault,021 Serious Assault,No,Yes,NT Balance,Virginia,3
4/08/2026,2026,5,02 Assault,021 Serious Assault,No,Yes,NT Balance,West Arnhem,8
4/08/2026,2026,5,02 Assault,021 Serious Assault,No,Yes,NT Balance,Yuendumu - Anmatjere,8
4/08/2026,2026,5,02 Assault,021 Serious Assault,No,Yes,NT Balance,Unknown ,2
4/08/2026,2026,5,02 Assault,021 Serious Assault,Yes,No,Darwin,,23
4/08/2026,2026,5,02 Assault,021 Serious Assault,Yes,No,Palmerston,,3
4/08/2026,2026,5,02 Assault,021 Serious Assault,Yes,No,Alice Springs,,20
4/08/2026,2026,5,02 Assault,021 Serious Assault,Yes,No,Katherine,,11
4/08/2026,2026,5,02 Assault,021 Serious Assault,Yes,No,Tennant Creek,,2
4/08/2026,2026,5,02 Assault,021 Serious Assault,Yes,No,Nhulunbuy,,1
4/08/2026,2026,5,02 Assault,021 Serious Assault,Yes,No,NT Balance,Alligator,2
4/08/2026,2026,5,02 Assault,021 Serious Assault,Yes,No,NT Balance,East Arnhem,1
4/08/2026,2026,5,02 Assault,021 Serious Assault,Yes,No,NT Balance,Elsey,2
4/08/2026,2026,5,02 Assault,021 Serious Assault,Yes,No,NT Balance,Tiwi Islands,2
4/08/2026,2026,5,02 Assault,021 Serious Assault,Yes,No,NT Balance,Virginia,1
4/08/2026,2026,5,02 Assault,021 Serious Assault,Yes,No,NT Balance,Weddell,1
4/08/2026,2026,5,02 Assault,021 Serious Assault,Yes,No,NT Balance,Unknown ,1
4/08/2026,2026,5,02 Assault,021 Serious Assault,Yes,Yes,Darwin,,62
4/08/2026,2026,5,02 Assault,021 Serious Assault,Yes,Yes,Palmerston,,21
4/08/2026,2026,5,02 Assault,021 Serious Assault,Yes,Yes,Alice Springs,,57
4/08/2026,2026,5,02 Assault,021 Serious Assault,Yes,Yes,Katherine,,33
4/08/2026,2026,5,02 Assault,021 Serious Assault,Yes,Yes,Tennant Creek,,15
4/08/2026,2026,5,02 Assault,021 Serious Assault,Yes,Yes,Nhulunbuy,,3
4/08/2026,2026,5,02 Assault,021 Serious Assault,Yes,Yes,NT Balance,Alligator,4
4/08/2026,2026,5,02 Assault,021 Serious Assault,Yes,Yes,NT Balance,Barkly,3
4/08/2026,2026,5,02 Assault,021 Serious Assault,Yes,Yes,NT Balance,East Arnhem,1
4/08/2026,2026,5,02 Assault,021 Serious Assault,Yes,Yes,NT Balance,Elsey,5
4/08/2026,2026,5,02 Assault,021 Serious Assault,Yes,Yes,NT Balance,Gulf,6
4/08/2026,2026,5,02 Assault,021 Serious Assault,Yes,Yes,NT Balance,Humpty Doo,1
4/08/2026,2026,5,02 Assault,021 Serious Assault,Yes,Yes,NT Balance,Tanami,1
4/08/2026,2026,5,02 Assault,021 Serious Assault,Yes,Yes,NT Balance,Thamarrurr,12
4/08/2026,2026,5,02 Assault,021 Serious Assault,Yes,Yes,NT Balance,Tiwi Islands,3
4/08/2026,2026,5,02 Assault,021 Serious Assault,Yes,Yes,NT Balance,Victoria River,1
4/08/2026,2026,5,02 Assault,021 Serious Assault,Yes,Yes,NT Balance,Weddell,1
4/08/2026,2026,5,02 Assault,021 Serious Assault,Yes,Yes,NT Balance,West Arnhem,3
4/08/2026,2026,5,02 Assault,021 Serious Assault,Yes,Yes,NT Balance,Yuendumu - Anmatjere,6
4/08/2026,2026,5,02 Assault,021 Serious Assault,Yes,Yes,NT Balance,Unknown ,1
4/08/2026,2026,5,02 Assault,022 Assault of a prescribed officer,No,No,Darwin,,2
4/08/2026,2026,5,02 Assault,022 Assault of a prescribed officer,No,No,Palmerston,,1
4/08/2026,2026,5,02 Assault,022 Assault of a prescribed officer,No,No,Katherine,,1
4/08/2026,2026,5,02 Assault,022 Assault of a prescribed officer,No,No,NT Balance,Elsey,2
4/08/2026,2026,5,02 Assault,022 Assault of a prescribed officer,No,No,NT Balance,Gulf,1
4/08/2026,2026,5,02 Assault,022 Assault of a prescribed officer,No,No,NT Balance,Yuendumu - Anmatjere,1
4/08/2026,2026,5,02 Assault,022 Assault of a prescribed officer,Yes,No,Darwin,,4
4/08/2026,2026,5,02 Assault,022 Assault of a prescribed officer,Yes,No,Palmerston,,1
4/08/2026,2026,5,02 Assault,022 Assault of a prescribed officer,Yes,No,Alice Springs,,6
4/08/2026,2026,5,02 Assault,022 Assault of a prescribed officer,Yes,No,Katherine,,2
4/08/2026,2026,5,02 Assault,022 Assault of a prescribed officer,Yes,Yes,Palmerston,,1
4/08/2026,2026,5,02 Assault,022 Assault of a prescribed officer,Yes,Yes,Alice Springs,,1
4/08/2026,2026,5,02 Assault,022 Assault of a prescribed officer,Yes,Yes,Katherine,,1
4/08/2026,2026,5,02 Assault,023 Common Assault,No,No,Darwin,,34
4/08/2026,2026,5,02 Assault,023 Common Assault,No,No,Palmerston,,12
4/08/2026,2026,5,02 Assault,023 Common Assault,No,No,Alice Springs,,10
4/08/2026,2026,5,02 Assault,023 Common Assault,No,No,Katherine,,2
4/08/2026,2026,5,02 Assault,023 Common Assault,No,No,NT Balance,Alligator,1
4/08/2026,2026,5,02 Assault,023 Common Assault,No,No,NT Balance,Daly,1
4/08/2026,2026,5,02 Assault,023 Common Assault,No,No,NT Balance,East Arnhem,1
4/08/2026,2026,5,02 Assault,023 Common Assault,No,No,NT Balance,Howard Springs,23
4/08/2026,2026,5,02 Assault,023 Common Assault,No,No,NT Balance,Humpty Doo,2
4/08/2026,2026,5,02 Assault,023 Common Assault,No,No,NT Balance,Petermann - Simpson,2
4/08/2026,2026,5,02 Assault,023 Common Assault,No,No,NT Balance,Sandover - Plenty,1
4/08/2026,2026,5,02 Assault,023 Common Assault,No,No,NT Balance,Tanami,1
4/08/2026,2026,5,02 Assault,023 Common Assault,No,No,NT Balance,Weddell,1
4/08/2026,2026,5,02 Assault,023 Common Assault,No,No,NT Balance,Unknown ,3
4/08/2026,2026,5,02 Assault,023 Common Assault,No,Yes,Darwin,,7
4/08/2026,2026,5,02 Assault,023 Common Assault,No,Yes,Palmerston,,2
4/08/2026,2026,5,02 Assault,023 Common Assault,No,Yes,Alice Springs,,3
4/08/2026,2026,5,02 Assault,023 Common Assault,No,Yes,Katherine,,1
4/08/2026,2026,5,02 Assault,023 Common Assault,No,Yes,NT Balance,East Arnhem,3
4/08/2026,2026,5,02 Assault,023 Common Assault,No,Yes,NT Balance,Gulf,1
4/08/2026,2026,5,02 Assault,023 Common Assault,No,Yes,NT Balance,Virginia,1
4/08/2026,2026,5,02 Assault,023 Common Assault,No,Yes,NT Balance,West Arnhem,2
4/08/2026,2026,5,02 Assault,023 Common Assault,Yes,No,Darwin,,5
4/08/2026,2026,5,02 Assault,023 Common Assault,Yes,No,Palmerston,,5
4/08/2026,2026,5,02 Assault,023 Common Assault,Yes,No,Alice Springs,,2
4/08/2026,2026,5,02 Assault,023 Common Assault,Yes,No,Tennant Creek,,3
4/08/2026,2026,5,02 Assault,023 Common Assault,Yes,No,NT Balance,Thamarrurr,1
4/08/2026,2026,5,02 Assault,023 Common Assault,Yes,No,NT Balance,Unknown ,1
4/08/2026,2026,5,02 Assault,023 Common Assault,Yes,Yes,Darwin,,2
4/08/2026,2026,5,02 Assault,023 Common Assault,Yes,Yes,Palmerston,,2
4/08/2026,2026,5,02 Assault,023 Common Assault,Yes,Yes,Alice Springs,,7
4/08/2026,2026,5,02 Assault,023 Common Assault,Yes,Yes,Katherine,,3
4/08/2026,2026,5,02 Assault,023 Common Assault,Yes,Yes,Nhulunbuy,,2
4/08/2026,2026,5,02 Assault,023 Common Assault,Yes,Yes,NT Balance,Elsey,1
4/08/2026,2026,5,02 Assault,023 Common Assault,Yes,Yes,NT Balance,Yuendumu - Anmatjere,1
4/08/2026,2026,5,03 Sexual offences,031 Sexual assault of an adult,-,-,Darwin,,9
4/08/2026,2026,5,03 Sexual offences,031 Sexual assault of an adult,-,-,Palmerston,,4
4/08/2026,2026,5,03 Sexual offences,031 Sexual assault of an adult,-,-,Alice Springs,,8
4/08/2026,2026,5,03 Sexual offences,031 Sexual assault of an adult,-,-,Katherine,,2
4/08/2026,2026,5,03 Sexual offences,031 Sexual assault of an adult,-,-,NT Balance,Daly,1
4/08/2026,2026,5,03 Sexual offences,031 Sexual assault of an adult,-,-,NT Balance,Petermann - Simpson,1
4/08/2026,2026,5,03 Sexual offences,031 Sexual assault of an adult,-,-,NT Balance,Sandover - Plenty,1
4/08/2026,2026,5,03 Sexual offences,031 Sexual assault of an adult,-,-,NT Balance,Victoria River,1
4/08/2026,2026,5,03 Sexual offences,031 Sexual assault of an adult,-,-,NT Balance,Virginia,1
4/08/2026,2026,5,03 Sexual offences,031 Sexual assault of an adult,-,-,NT Balance,Unknown ,1
4/08/2026,2026,5,03 Sexual offences,032 Sexual assault of a child,-,-,Darwin,,2
4/08/2026,2026,5,03 Sexual offences,032 Sexual assault of a child,-,-,Alice Springs,,1
4/08/2026,2026,5,03 Sexual offences,032 Sexual assault of a child,-,-,Nhulunbuy,,2
4/08/2026,2026,5,03 Sexual offences,032 Sexual assault of a child,-,-,NT Balance,East Arnhem,1
4/08/2026,2026,5,03 Sexual offences,032 Sexual assault of a child,-,-,NT Balance,Tiwi Islands,2
4/08/2026,2026,5,03 Sexual offences,032 Sexual assault of a child,-,-,NT Balance,Unknown ,1
4/08/2026,2026,5,03 Sexual offences,"033, 034 Other child-related sexual offences",-,-,NT Balance,Alligator,1
4/08/2026,2026,5,03 Sexual offences,"033, 034 Other child-related sexual offences",-,-,NT Balance,Gulf,1
4/08/2026,2026,5,03 Sexual offences,"035, 039 Other sexual offences",-,-,Darwin,,5
4/08/2026,2026,5,03 Sexual offences,"035, 039 Other sexual offences",-,-,Palmerston,,1
4/08/2026,2026,5,03 Sexual offences,"035, 039 Other sexual offences",-,-,Alice Springs,,2
4/08/2026,2026,5,03 Sexual offences,"035, 039 Other sexual offences",-,-,Katherine,,1
4/08/2026,2026,5,03 Sexual offences,"035, 039 Other sexual offences",-,-,NT Balance,Anindilyakwa,1
4/08/2026,2026,5,04 Harm or endanger persons,"041, 042, 043 Human trafficking, abduction, deprivation of liberty",-,-,Darwin,,2
4/08/2026,2026,5,04 Harm or endanger persons,"041, 042, 043 Human trafficking, abduction, deprivation of liberty",-,-,Palmerston,,1
4/08/2026,2026,5,04 Harm or endanger persons,"041, 042, 043 Human trafficking, abduction, deprivation of liberty",-,-,Katherine,,1
4/08/2026,2026,5,04 Harm or endanger persons,"041, 042, 043 Human trafficking, abduction, deprivation of liberty",-,-,NT Balance,Thamarrurr,1
4/08/2026,2026,5,04 Harm or endanger persons,"041, 042, 043 Human trafficking, abduction, deprivation of liberty",-,-,NT Balance,West Arnhem,1
4/08/2026,2026,5,04 Harm or endanger persons,"044 Acts that threaten, harass or control",-,-,Darwin,,21
4/08/2026,2026,5,04 Harm or endanger persons,"044 Acts that threaten, harass or control",-,-,Palmerston,,6
4/08/2026,2026,5,04 Harm or endanger persons,"044 Acts that threaten, harass or control",-,-,Alice Springs,,12
4/08/2026,2026,5,04 Harm or endanger persons,"044 Acts that threaten, harass or control",-,-,Katherine,,9
4/08/2026,2026,5,04 Harm or endanger persons,"044 Acts that threaten, harass or control",-,-,Tennant Creek,,2
4/08/2026,2026,5,04 Harm or endanger persons,"044 Acts that threaten, harass or control",-,-,Nhulunbuy,,1
4/08/2026,2026,5,04 Harm or endanger persons,"044 Acts that threaten, harass or control",-,-,NT Balance,Alligator,2
4/08/2026,2026,5,04 Harm or endanger persons,"044 Acts that threaten, harass or control",-,-,NT Balance,Daly,1
4/08/2026,2026,5,04 Harm or endanger persons,"044 Acts that threaten, harass or control",-,-,NT Balance,East Arnhem,3
4/08/2026,2026,5,04 Harm or endanger persons,"044 Acts that threaten, harass or control",-,-,NT Balance,Elsey,1
4/08/2026,2026,5,04 Harm or endanger persons,"044 Acts that threaten, harass or control",-,-,NT Balance,Gulf,1
4/08/2026,2026,5,04 Harm or endanger persons,"044 Acts that threaten, harass or control",-,-,NT Balance,Howard Springs,5
4/08/2026,2026,5,04 Harm or endanger persons,"044 Acts that threaten, harass or control",-,-,NT Balance,Humpty Doo,1
4/08/2026,2026,5,04 Harm or endanger persons,"044 Acts that threaten, harass or control",-,-,NT Balance,Sandover - Plenty,1
4/08/2026,2026,5,04 Harm or endanger persons,"044 Acts that threaten, harass or control",-,-,NT Balance,Tanami,1
4/08/2026,2026,5,04 Harm or endanger persons,"044 Acts that threaten, harass or control",-,-,NT Balance,Thamarrurr,1
4/08/2026,2026,5,04 Harm or endanger persons,"044 Acts that threaten, harass or control",-,-,NT Balance,Tiwi Islands,2
4/08/2026,2026,5,04 Harm or endanger persons,"044 Acts that threaten, harass or control",-,-,NT Balance,Victoria River,2
4/08/2026,2026,5,04 Harm or endanger persons,"044 Acts that threaten, harass or control",-,-,NT Balance,Virginia,1
4/08/2026,2026,5,04 Harm or endanger persons,"044 Acts that threaten, harass or control",-,-,NT Balance,Yuendumu - Anmatjere,2
4/08/2026,2026,5,04 Harm or endanger persons,"044 Acts that threaten, harass or control",-,-,NT Balance,Unknown ,2
4/08/2026,2026,5,04 Harm or endanger persons,049 Other acts that harm or endanger persons,-,-,Darwin,,5
4/08/2026,2026,5,04 Harm or endanger persons,049 Other acts that harm or endanger persons,-,-,Palmerston,,2
4/08/2026,2026,5,04 Harm or endanger persons,049 Other acts that harm or endanger persons,-,-,Alice Springs,,6
4/08/2026,2026,5,04 Harm or endanger persons,049 Other acts that harm or endanger persons,-,-,Katherine,,4
4/08/2026,2026,5,04 Harm or endanger persons,049 Other acts that harm or endanger persons,-,-,Tennant Creek,,1
4/08/2026,2026,5,04 Harm or endanger persons,049 Other acts that harm or endanger persons,-,-,NT Balance,Daly,1
4/08/2026,2026,5,04 Harm or endanger persons,049 Other acts that harm or endanger persons,-,-,NT Balance,East Arnhem,1
4/08/2026,2026,5,04 Harm or endanger persons,049 Other acts that harm or endanger persons,-,-,NT Balance,Humpty Doo,1
4/08/2026,2026,5,04 Harm or endanger persons,049 Other acts that harm or endanger persons,-,-,NT Balance,Thamarrurr,1
4/08/2026,2026,5,04 Harm or endanger persons,049 Other acts that harm or endanger persons,-,-,NT Balance,Victoria River,1
4/08/2026,2026,5,04 Harm or endanger persons,049 Other acts that harm or endanger persons,-,-,NT Balance,Virginia,2
4/08/2026,2026,5,"05 Robbery, blackmail, and extortion",051 Robbery,-,-,Darwin,,18
4/08/2026,2026,5,"05 Robbery, blackmail, and extortion",051 Robbery,-,-,Palmerston,,6
4/08/2026,2026,5,"05 Robbery, blackmail, and extortion",051 Robbery,-,-,Alice Springs,,3
4/08/2026,2026,5,"05 Robbery, blackmail, and extortion",051 Robbery,-,-,Katherine,,3
4/08/2026,2026,5,"05 Robbery, blackmail, and extortion",051 Robbery,-,-,Tennant Creek,,1
4/08/2026,2026,5,"05 Robbery, blackmail, and extortion",051 Robbery,-,-,NT Balance,Elsey,1
4/08/2026,2026,5,"05 Robbery, blackmail, and extortion",051 Robbery,-,-,NT Balance,Victoria River,2
4/08/2026,2026,5,"05 Robbery, blackmail, and extortion",051 Robbery,-,-,NT Balance,Unknown ,3
4/08/2026,2026,5,061 Burglary - dwelling,"061 Burglary - dwelling (house break-ins), actual",-,-,Darwin,,37
4/08/2026,2026,5,061 Burglary - dwelling,"061 Burglary - dwelling (house break-ins), actual",-,-,Palmerston,,19
4/08/2026,2026,5,061 Burglary - dwelling,"061 Burglary - dwelling (house break-ins), actual",-,-,Alice Springs,,36
4/08/2026,2026,5,061 Burglary - dwelling,"061 Burglary - dwelling (house break-ins), actual",-,-,Katherine,,16
4/08/2026,2026,5,061 Burglary - dwelling,"061 Burglary - dwelling (house break-ins), actual",-,-,Tennant Creek,,16
4/08/2026,2026,5,061 Burglary - dwelling,"061 Burglary - dwelling (house break-ins), actual",-,-,Nhulunbuy,,11
4/08/2026,2026,5,061 Burglary - dwelling,"061 Burglary - dwelling (house break-ins), actual",-,-,NT Balance,Anindilyakwa,3
4/08/2026,2026,5,061 Burglary - dwelling,"061 Burglary - dwelling (house break-ins), actual",-,-,NT Balance,Barkly,5
4/08/2026,2026,5,061 Burglary - dwelling,"061 Burglary - dwelling (house break-ins), actual",-,-,NT Balance,East Arnhem,6
4/08/2026,2026,5,061 Burglary - dwelling,"061 Burglary - dwelling (house break-ins), actual",-,-,NT Balance,Gulf,2
4/08/2026,2026,5,061 Burglary - dwelling,"061 Burglary - dwelling (house break-ins), actual",-,-,NT Balance,Humpty Doo,2
4/08/2026,2026,5,061 Burglary - dwelling,"061 Burglary - dwelling (house break-ins), actual",-,-,NT Balance,Tanami,2
4/08/2026,2026,5,061 Burglary - dwelling,"061 Burglary - dwelling (house break-ins), actual",-,-,NT Balance,Thamarrurr,1
4/08/2026,2026,5,061 Burglary - dwelling,"061 Burglary - dwelling (house break-ins), actual",-,-,NT Balance,Victoria River,1
4/08/2026,2026,5,061 Burglary - dwelling,"061 Burglary - dwelling (house break-ins), actual",-,-,NT Balance,West Arnhem,1
4/08/2026,2026,5,061 Burglary - dwelling,"061 Burglary - dwelling (house break-ins), actual",-,-,NT Balance,Unknown ,1
4/08/2026,2026,5,061 Burglary - dwelling,"061 Burglary - dweling (house break-ins), attempted",-,-,Darwin,,12
4/08/2026,2026,5,061 Burglary - dwelling,"061 Burglary - dweling (house break-ins), attempted",-,-,Palmerston,,5
4/08/2026,2026,5,061 Burglary - dwelling,"061 Burglary - dweling (house break-ins), attempted",-,-,Alice Springs,,6
4/08/2026,2026,5,061 Burglary - dwelling,"061 Burglary - dweling (house break-ins), attempted",-,-,Katherine,,2
4/08/2026,2026,5,061 Burglary - dwelling,"061 Burglary - dweling (house break-ins), attempted",-,-,Nhulunbuy,,5
4/08/2026,2026,5,061 Burglary - dwelling,"061 Burglary - dweling (house break-ins), attempted",-,-,NT Balance,East Arnhem,1
4/08/2026,2026,5,061 Burglary - dwelling,"061 Burglary - dweling (house break-ins), attempted",-,-,NT Balance,Unknown ,1
4/08/2026,2026,5,062 Burglary - non-residential,"062 Burglary - non-residential (commercial break-ins), actual",-,-,Darwin,,11
4/08/2026,2026,5,062 Burglary - non-residential,"062 Burglary - non-residential (commercial break-ins), actual",-,-,Palmerston,,8
4/08/2026,2026,5,062 Burglary - non-residential,"062 Burglary - non-residential (commercial break-ins), actual",-,-,Alice Springs,,9
4/08/2026,2026,5,062 Burglary - non-residential,"062 Burglary - non-residential (commercial break-ins), actual",-,-,Katherine,,1
4/08/2026,2026,5,062 Burglary - non-residential,"062 Burglary - non-residential (commercial break-ins), actual",-,-,Tennant Creek,,8
4/08/2026,2026,5,062 Burglary - non-residential,"062 Burglary - non-residential (commercial break-ins), actual",-,-,Nhulunbuy,,2
4/08/2026,2026,5,062 Burglary - non-residential,"062 Burglary - non-residential (commercial break-ins), actual",-,-,NT Balance,Anindilyakwa,4
4/08/2026,2026,5,062 Burglary - non-residential,"062 Burglary - non-residential (commercial break-ins), actual",-,-,NT Balance,Barkly,9
4/08/2026,2026,5,062 Burglary - non-residential,"062 Burglary - non-residential (commercial break-ins), actual",-,-,NT Balance,Daly,2
4/08/2026,2026,5,062 Burglary - non-residential,"062 Burglary - non-residential (commercial break-ins), actual",-,-,NT Balance,East Arnhem,14
4/08/2026,2026,5,062 Burglary - non-residential,"062 Burglary - non-residential (commercial break-ins), actual",-,-,NT Balance,Elsey,1
4/08/2026,2026,5,062 Burglary - non-residential,"062 Burglary - non-residential (commercial break-ins), actual",-,-,NT Balance,Gulf,5
4/08/2026,2026,5,062 Burglary - non-residential,"062 Burglary - non-residential (commercial break-ins), actual",-,-,NT Balance,Petermann - Simpson,2
4/08/2026,2026,5,062 Burglary - non-residential,"062 Burglary - non-residential (commercial break-ins), actual",-,-,NT Balance,Sandover - Plenty,1
4/08/2026,2026,5,062 Burglary - non-residential,"062 Burglary - non-residential (commercial break-ins), actual",-,-,NT Balance,Tanami,2
4/08/2026,2026,5,062 Burglary - non-residential,"062 Burglary - non-residential (commercial break-ins), actual",-,-,NT Balance,Thamarrurr,4
4/08/2026,2026,5,062 Burglary - non-residential,"062 Burglary - non-residential (commercial break-ins), actual",-,-,NT Balance,Victoria River,1
4/08/2026,2026,5,062 Burglary - non-residential,"062 Burglary - non-residential (commercial break-ins), actual",-,-,NT Balance,West Arnhem,1
4/08/2026,2026,5,062 Burglary - non-residential,"062 Burglary - non-residential (commercial break-ins), actual",-,-,NT Balance,Unknown ,1
4/08/2026,2026,5,062 Burglary - non-residential,"062 Burglary - non-residential (commercial break-ins), attempted",-,-,Darwin,,2
4/08/2026,2026,5,062 Burglary - non-residential,"062 Burglary - non-residential (commercial break-ins), attempted",-,-,Alice Springs,,6
4/08/2026,2026,5,062 Burglary - non-residential,"062 Burglary - non-residential (commercial break-ins), attempted",-,-,Katherine,,1
4/08/2026,2026,5,062 Burglary - non-residential,"062 Burglary - non-residential (commercial break-ins), attempted",-,-,Tennant Creek,,1
4/08/2026,2026,5,062 Burglary - non-residential,"062 Burglary - non-residential (commercial break-ins), attempted",-,-,NT Balance,Gulf,2
4/08/2026,2026,5,062 Burglary - non-residential,"062 Burglary - non-residential (commercial break-ins), attempted",-,-,NT Balance,Petermann - Simpson,1
4/08/2026,2026,5,062 Burglary - non-residential,"062 Burglary - non-residential (commercial break-ins), attempted",-,-,NT Balance,Thamarrurr,1
4/08/2026,2026,5,07 Theft,071 Motor vehicle theft and related offences,-,-,Darwin,,13
4/08/2026,2026,5,07 Theft,071 Motor vehicle theft and related offences,-,-,Palmerston,,7
4/08/2026,2026,5,07 Theft,071 Motor vehicle theft and related offences,-,-,Alice Springs,,5
4/08/2026,2026,5,07 Theft,071 Motor vehicle theft and related offences,-,-,Katherine,,5
4/08/2026,2026,5,07 Theft,071 Motor vehicle theft and related offences,-,-,Tennant Creek,,4
4/08/2026,2026,5,07 Theft,071 Motor vehicle theft and related offences,-,-,Nhulunbuy,,1
4/08/2026,2026,5,07 Theft,071 Motor vehicle theft and related offences,-,-,NT Balance,Daly,1
4/08/2026,2026,5,07 Theft,071 Motor vehicle theft and related offences,-,-,NT Balance,East Arnhem,1
4/08/2026,2026,5,07 Theft,071 Motor vehicle theft and related offences,-,-,NT Balance,Howard Springs,1
4/08/2026,2026,5,07 Theft,071 Motor vehicle theft and related offences,-,-,NT Balance,Weddell,1
4/08/2026,2026,5,07 Theft,07* Other theft,-,-,Darwin,,218
4/08/2026,2026,5,07 Theft,07* Other theft,-,-,Palmerston,,94
4/08/2026,2026,5,07 Theft,07* Other theft,-,-,Alice Springs,,108
4/08/2026,2026,5,07 Theft,07* Other theft,-,-,Katherine,,34
4/08/2026,2026,5,07 Theft,07* Other theft,-,-,Tennant Creek,,25
4/08/2026,2026,5,07 Theft,07* Other theft,-,-,Nhulunbuy,,11
4/08/2026,2026,5,07 Theft,07* Other theft,-,-,NT Balance,Alligator,7
4/08/2026,2026,5,07 Theft,07* Other theft,-,-,NT Balance,Anindilyakwa,4
4/08/2026,2026,5,07 Theft,07* Other theft,-,-,NT Balance,Barkly,2
4/08/2026,2026,5,07 Theft,07* Other theft,-,-,NT Balance,Daly,6
4/08/2026,2026,5,07 Theft,07* Other theft,-,-,NT Balance,East Arnhem,9
4/08/2026,2026,5,07 Theft,07* Other theft,-,-,NT Balance,Gulf,6
4/08/2026,2026,5,07 Theft,07* Other theft,-,-,NT Balance,Howard Springs,6
4/08/2026,2026,5,07 Theft,07* Other theft,-,-,NT Balance,Humpty Doo,2
4/08/2026,2026,5,07 Theft,07* Other theft,-,-,NT Balance,Petermann - Simpson,8
4/08/2026,2026,5,07 Theft,07* Other theft,-,-,NT Balance,Sandover - Plenty,1
4/08/2026,2026,5,07 Theft,07* Other theft,-,-,NT Balance,Tanami,1
4/08/2026,2026,5,07 Theft,07* Other theft,-,-,NT Balance,Thamarrurr,2
4/08/2026,2026,5,07 Theft,07* Other theft,-,-,NT Balance,Tiwi Islands,1
4/08/2026,2026,5,07 Theft,07* Other theft,-,-,NT Balance,Virginia,14
4/08/2026,2026,5,07 Theft,07* Other theft,-,-,NT Balance,Weddell,6
4/08/2026,2026,5,07 Theft,07* Other theft,-,-,NT Balance,West Arnhem,2
4/08/2026,2026,5,07 Theft,07* Other theft,-,-,NT Balance,Yuendumu - Anmatjere,1
4/08/2026,2026,5,07 Theft,07* Other theft,-,-,NT Balance,Unknown ,13
4/08/2026,2026,5,11 Property damage offences,11 Property damage offences,-,-,Darwin,,208
4/08/2026,2026,5,11 Property damage offences,11 Property damage offences,-,-,Palmerston,,116
4/08/2026,2026,5,11 Property damage offences,11 Property damage offences,-,-,Alice Springs,,115
4/08/2026,2026,5,11 Property damage offences,11 Property damage offences,-,-,Katherine,,38
4/08/2026,2026,5,11 Property damage offences,11 Property damage offences,-,-,Tennant Creek,,20
4/08/2026,2026,5,11 Property damage offences,11 Property damage offences,-,-,Nhulunbuy,,8
4/08/2026,2026,5,11 Property damage offences,11 Property damage offences,-,-,NT Balance,Alligator,4
4/08/2026,2026,5,11 Property damage offences,11 Property damage offences,-,-,NT Balance,Anindilyakwa,4
4/08/2026,2026,5,11 Property damage offences,11 Property damage offences,-,-,NT Balance,Barkly,9
4/08/2026,2026,5,11 Property damage offences,11 Property damage offences,-,-,NT Balance,Daly,3
4/08/2026,2026,5,11 Property damage offences,11 Property damage offences,-,-,NT Balance,East Arnhem,13
4/08/2026,2026,5,11 Property damage offences,11 Property damage offences,-,-,NT Balance,Elsey,4
4/08/2026,2026,5,11 Property damage offences,11 Property damage offences,-,-,NT Balance,Gulf,10
4/08/2026,2026,5,11 Property damage offences,11 Property damage offences,-,-,NT Balance,Howard Springs,12
4/08/2026,2026,5,11 Property damage offences,11 Property damage offences,-,-,NT Balance,Humpty Doo,3
4/08/2026,2026,5,11 Property damage offences,11 Property damage offences,-,-,NT Balance,Petermann - Simpson,8
4/08/2026,2026,5,11 Property damage offences,11 Property damage offences,-,-,NT Balance,Sandover - Plenty,4
4/08/2026,2026,5,11 Property damage offences,11 Property damage offences,-,-,NT Balance,Tanami,5
4/08/2026,2026,5,11 Property damage offences,11 Property damage offences,-,-,NT Balance,Thamarrurr,17
4/08/2026,2026,5,11 Property damage offences,11 Property damage offences,-,-,NT Balance,Tiwi Islands,4
4/08/2026,2026,5,11 Property damage offences,11 Property damage offences,-,-,NT Balance,Victoria River,2
4/08/2026,2026,5,11 Property damage offences,11 Property damage offences,-,-,NT Balance,Virginia,3
4/08/2026,2026,5,11 Property damage offences,11 Property damage offences,-,-,NT Balance,Weddell,3
4/08/2026,2026,5,11 Property damage offences,11 Property damage offences,-,-,NT Balance,West Arnhem,5
4/08/2026,2026,5,11 Property damage offences,11 Property damage offences,-,-,NT Balance,Yuendumu - Anmatjere,2
4/08/2026,2026,5,11 Property damage offences,11 Property damage offences,-,-,NT Balance,Unknown ,20
4/08/2026,2026,6,01 Homicide,0110 Murder,-,-,Tennant Creek,,1
4/08/2026,2026,6,02 Assault,021 Serious Assault,No,No,Darwin,,23
4/08/2026,2026,6,02 Assault,021 Serious Assault,No,No,Palmerston,,17
4/08/2026,2026,6,02 Assault,021 Serious Assault,No,No,Alice Springs,,17
4/08/2026,2026,6,02 Assault,021 Serious Assault,No,No,Katherine,,17
4/08/2026,2026,6,02 Assault,021 Serious Assault,No,No,Tennant Creek,,2
4/08/2026,2026,6,02 Assault,021 Serious Assault,No,No,NT Balance,Alligator,1
4/08/2026,2026,6,02 Assault,021 Serious Assault,No,No,NT Balance,Anindilyakwa,1
4/08/2026,2026,6,02 Assault,021 Serious Assault,No,No,NT Balance,Daly,1
4/08/2026,2026,6,02 Assault,021 Serious Assault,No,No,NT Balance,East Arnhem,5
4/08/2026,2026,6,02 Assault,021 Serious Assault,No,No,NT Balance,Elsey,1
4/08/2026,2026,6,02 Assault,021 Serious Assault,No,No,NT Balance,Gulf,2
4/08/2026,2026,6,02 Assault,021 Serious Assault,No,No,NT Balance,Howard Springs,17
4/08/2026,2026,6,02 Assault,021 Serious Assault,No,No,NT Balance,Tanami,1
4/08/2026,2026,6,02 Assault,021 Serious Assault,No,No,NT Balance,Thamarrurr,4
4/08/2026,2026,6,02 Assault,021 Serious Assault,No,No,NT Balance,Tiwi Islands,5
4/08/2026,2026,6,02 Assault,021 Serious Assault,No,No,NT Balance,Victoria River,1
4/08/2026,2026,6,02 Assault,021 Serious Assault,No,No,NT Balance,Weddell,1
4/08/2026,2026,6,02 Assault,021 Serious Assault,No,No,NT Balance,West Arnhem,2
4/08/2026,2026,6,02 Assault,021 Serious Assault,No,No,NT Balance,Yuendumu - Anmatjere,3
4/08/2026,2026,6,02 Assault,021 Serious Assault,No,No,NT Balance,Unknown ,8
4/08/2026,2026,6,02 Assault,021 Serious Assault,No,Yes,Darwin,,38
4/08/2026,2026,6,02 Assault,021 Serious Assault,No,Yes,Palmerston,,18
4/08/2026,2026,6,02 Assault,021 Serious Assault,No,Yes,Alice Springs,,31
4/08/2026,2026,6,02 Assault,021 Serious Assault,No,Yes,Katherine,,19
4/08/2026,2026,6,02 Assault,021 Serious Assault,No,Yes,Tennant Creek,,4
4/08/2026,2026,6,02 Assault,021 Serious Assault,No,Yes,Nhulunbuy,,2
4/08/2026,2026,6,02 Assault,021 Serious Assault,No,Yes,NT Balance,Alligator,2
4/08/2026,2026,6,02 Assault,021 Serious Assault,No,Yes,NT Balance,Anindilyakwa,6
4/08/2026,2026,6,02 Assault,021 Serious Assault,No,Yes,NT Balance,Barkly,1
4/08/2026,2026,6,02 Assault,021 Serious Assault,No,Yes,NT Balance,Daly,1
4/08/2026,2026,6,02 Assault,021 Serious Assault,No,Yes,NT Balance,East Arnhem,13
4/08/2026,2026,6,02 Assault,021 Serious Assault,No,Yes,NT Balance,Elsey,5
4/08/2026,2026,6,02 Assault,021 Serious Assault,No,Yes,NT Balance,Gulf,4
4/08/2026,2026,6,02 Assault,021 Serious Assault,No,Yes,NT Balance,Petermann - Simpson,1
4/08/2026,2026,6,02 Assault,021 Serious Assault,No,Yes,NT Balance,Sandover - Plenty,2
4/08/2026,2026,6,02 Assault,021 Serious Assault,No,Yes,NT Balance,Tanami,8
4/08/2026,2026,6,02 Assault,021 Serious Assault,No,Yes,NT Balance,Thamarrurr,22
4/08/2026,2026,6,02 Assault,021 Serious Assault,No,Yes,NT Balance,Tiwi Islands,12
4/08/2026,2026,6,02 Assault,021 Serious Assault,No,Yes,NT Balance,Victoria River,13
4/08/2026,2026,6,02 Assault,021 Serious Assault,No,Yes,NT Balance,Virginia,1
4/08/2026,2026,6,02 Assault,021 Serious Assault,No,Yes,NT Balance,Weddell,4
4/08/2026,2026,6,02 Assault,021 Serious Assault,No,Yes,NT Balance,West Arnhem,16
4/08/2026,2026,6,02 Assault,021 Serious Assault,No,Yes,NT Balance,Yuendumu - Anmatjere,6
4/08/2026,2026,6,02 Assault,021 Serious Assault,No,Yes,NT Balance,Unknown ,8
4/08/2026,2026,6,02 Assault,021 Serious Assault,Yes,No,Darwin,,15
4/08/2026,2026,6,02 Assault,021 Serious Assault,Yes,No,Palmerston,,6
4/08/2026,2026,6,02 Assault,021 Serious Assault,Yes,No,Alice Springs,,10
4/08/2026,2026,6,02 Assault,021 Serious Assault,Yes,No,Katherine,,4
4/08/2026,2026,6,02 Assault,021 Serious Assault,Yes,No,Tennant Creek,,4
4/08/2026,2026,6,02 Assault,021 Serious Assault,Yes,No,Nhulunbuy,,1
4/08/2026,2026,6,02 Assault,021 Serious Assault,Yes,No,NT Balance,Tanami,1
4/08/2026,2026,6,02 Assault,021 Serious Assault,Yes,No,NT Balance,West Arnhem,2
4/08/2026,2026,6,02 Assault,021 Serious Assault,Yes,No,NT Balance,Yuendumu - Anmatjere,1
4/08/2026,2026,6,02 Assault,021 Serious Assault,Yes,No,NT Balance,Unknown ,1
4/08/2026,2026,6,02 Assault,021 Serious Assault,Yes,Yes,Darwin,,59
4/08/2026,2026,6,02 Assault,021 Serious Assault,Yes,Yes,Palmerston,,21
4/08/2026,2026,6,02 Assault,021 Serious Assault,Yes,Yes,Alice Springs,,55
4/08/2026,2026,6,02 Assault,021 Serious Assault,Yes,Yes,Katherine,,30
4/08/2026,2026,6,02 Assault,021 Serious Assault,Yes,Yes,Tennant Creek,,23
4/08/2026,2026,6,02 Assault,021 Serious Assault,Yes,Yes,Nhulunbuy,,1
4/08/2026,2026,6,02 Assault,021 Serious Assault,Yes,Yes,NT Balance,Alligator,3
4/08/2026,2026,6,02 Assault,021 Serious Assault,Yes,Yes,NT Balance,Anindilyakwa,1
4/08/2026,2026,6,02 Assault,021 Serious Assault,Yes,Yes,NT Balance,Barkly,1
4/08/2026,2026,6,02 Assault,021 Serious Assault,Yes,Yes,NT Balance,Daly,2
4/08/2026,2026,6,02 Assault,021 Serious Assault,Yes,Yes,NT Balance,East Arnhem,3
4/08/2026,2026,6,02 Assault,021 Serious Assault,Yes,Yes,NT Balance,Elsey,1
4/08/2026,2026,6,02 Assault,021 Serious Assault,Yes,Yes,NT Balance,Gulf,2
4/08/2026,2026,6,02 Assault,021 Serious Assault,Yes,Yes,NT Balance,Sandover - Plenty,4
4/08/2026,2026,6,02 Assault,021 Serious Assault,Yes,Yes,NT Balance,Tanami,3
4/08/2026,2026,6,02 Assault,021 Serious Assault,Yes,Yes,NT Balance,Thamarrurr,10
4/08/2026,2026,6,02 Assault,021 Serious Assault,Yes,Yes,NT Balance,Tiwi Islands,1
4/08/2026,2026,6,02 Assault,021 Serious Assault,Yes,Yes,NT Balance,Victoria River,2
4/08/2026,2026,6,02 Assault,021 Serious Assault,Yes,Yes,NT Balance,Virginia,1
4/08/2026,2026,6,02 Assault,021 Serious Assault,Yes,Yes,NT Balance,West Arnhem,2
4/08/2026,2026,6,02 Assault,021 Serious Assault,Yes,Yes,NT Balance,Yuendumu - Anmatjere,1
4/08/2026,2026,6,02 Assault,021 Serious Assault,Yes,Yes,NT Balance,Unknown ,4
4/08/2026,2026,6,02 Assault,022 Assault of a prescribed officer,No,No,Alice Springs,,3
4/08/2026,2026,6,02 Assault,022 Assault of a prescribed officer,No,No,Katherine,,1
4/08/2026,2026,6,02 Assault,022 Assault of a prescribed officer,No,No,Tennant Creek,,2
4/08/2026,2026,6,02 Assault,022 Assault of a prescribed officer,No,No,NT Balance,Sandover - Plenty,1
4/08/2026,2026,6,02 Assault,022 Assault of a prescribed officer,No,Yes,Palmerston,,1
4/08/2026,2026,6,02 Assault,022 Assault of a prescribed officer,No,Yes,Alice Springs,,1
4/08/2026,2026,6,02 Assault,022 Assault of a prescribed officer,Yes,No,Darwin,,1
4/08/2026,2026,6,02 Assault,022 Assault of a prescribed officer,Yes,No,Palmerston,,1
4/08/2026,2026,6,02 Assault,022 Assault of a prescribed officer,Yes,No,Alice Springs,,1
4/08/2026,2026,6,02 Assault,022 Assault of a prescribed officer,Yes,No,Katherine,,1
4/08/2026,2026,6,02 Assault,022 Assault of a prescribed officer,Yes,No,NT Balance,Alligator,1
4/08/2026,2026,6,02 Assault,022 Assault of a prescribed officer,Yes,No,NT Balance,Tiwi Islands,1
4/08/2026,2026,6,02 Assault,022 Assault of a prescribed officer,Yes,No,NT Balance,Unknown ,1
4/08/2026,2026,6,02 Assault,022 Assault of a prescribed officer,Yes,Yes,Darwin,,1
4/08/2026,2026,6,02 Assault,022 Assault of a prescribed officer,Yes,Yes,Palmerston,,1
4/08/2026,2026,6,02 Assault,022 Assault of a prescribed officer,Yes,Yes,Tennant Creek,,1
4/08/2026,2026,6,02 Assault,022 Assault of a prescribed officer,Yes,Yes,NT Balance,Thamarrurr,1
4/08/2026,2026,6,02 Assault,023 Common Assault,No,No,Darwin,,20
4/08/2026,2026,6,02 Assault,023 Common Assault,No,No,Palmerston,,9
4/08/2026,2026,6,02 Assault,023 Common Assault,No,No,Alice Springs,,5
4/08/2026,2026,6,02 Assault,023 Common Assault,No,No,Katherine,,9
4/08/2026,2026,6,02 Assault,023 Common Assault,No,No,Nhulunbuy,,1
4/08/2026,2026,6,02 Assault,023 Common Assault,No,No,NT Balance,Daly,1
4/08/2026,2026,6,02 Assault,023 Common Assault,No,No,NT Balance,East Arnhem,1
4/08/2026,2026,6,02 Assault,023 Common Assault,No,No,NT Balance,Howard Springs,18
4/08/2026,2026,6,02 Assault,023 Common Assault,No,No,NT Balance,Sandover - Plenty,1
4/08/2026,2026,6,02 Assault,023 Common Assault,No,No,NT Balance,Thamarrurr,1
4/08/2026,2026,6,02 Assault,023 Common Assault,No,No,NT Balance,Victoria River,3
4/08/2026,2026,6,02 Assault,023 Common Assault,No,No,NT Balance,Weddell,1
4/08/2026,2026,6,02 Assault,023 Common Assault,No,No,NT Balance,Yuendumu - Anmatjere,1
4/08/2026,2026,6,02 Assault,023 Common Assault,No,No,NT Balance,Unknown ,3
4/08/2026,2026,6,02 Assault,023 Common Assault,No,Yes,Darwin,,6
4/08/2026,2026,6,02 Assault,023 Common Assault,No,Yes,Palmerston,,3
4/08/2026,2026,6,02 Assault,023 Common Assault,No,Yes,Alice Springs,,1
4/08/2026,2026,6,02 Assault,023 Common Assault,No,Yes,NT Balance,Elsey,6
4/08/2026,2026,6,02 Assault,023 Common Assault,No,Yes,NT Balance,Gulf,1
4/08/2026,2026,6,02 Assault,023 Common Assault,No,Yes,NT Balance,Tanami,1
4/08/2026,2026,6,02 Assault,023 Common Assault,No,Yes,NT Balance,Victoria River,1
4/08/2026,2026,6,02 Assault,023 Common Assault,No,Yes,NT Balance,Weddell,1
4/08/2026,2026,6,02 Assault,023 Common Assault,No,Yes,NT Balance,Yuendumu - Anmatjere,1
4/08/2026,2026,6,02 Assault,023 Common Assault,No,Yes,NT Balance,Unknown ,1
4/08/2026,2026,6,02 Assault,023 Common Assault,Yes,No,Darwin,,6
4/08/2026,2026,6,02 Assault,023 Common Assault,Yes,No,Palmerston,,1
4/08/2026,2026,6,02 Assault,023 Common Assault,Yes,No,Alice Springs,,1
4/08/2026,2026,6,02 Assault,023 Common Assault,Yes,No,Katherine,,1
4/08/2026,2026,6,02 Assault,023 Common Assault,Yes,No,Tennant Creek,,1
4/08/2026,2026,6,02 Assault,023 Common Assault,Yes,No,NT Balance,Weddell,1
4/08/2026,2026,6,02 Assault,023 Common Assault,Yes,No,NT Balance,Yuendumu - Anmatjere,1
4/08/2026,2026,6,02 Assault,023 Common Assault,Yes,Yes,Darwin,,1
4/08/2026,2026,6,02 Assault,023 Common Assault,Yes,Yes,Palmerston,,1
4/08/2026,2026,6,02 Assault,023 Common Assault,Yes,Yes,Alice Springs,,1
4/08/2026,2026,6,02 Assault,023 Common Assault,Yes,Yes,Katherine,,4
4/08/2026,2026,6,02 Assault,023 Common Assault,Yes,Yes,NT Balance,Elsey,1
4/08/2026,2026,6,02 Assault,023 Common Assault,Yes,Yes,NT Balance,Howard Springs,1
4/08/2026,2026,6,02 Assault,023 Common Assault,Yes,Yes,NT Balance,Thamarrurr,1
4/08/2026,2026,6,02 Assault,023 Common Assault,Yes,Yes,NT Balance,Victoria River,1
4/08/2026,2026,6,02 Assault,023 Common Assault,Yes,Yes,NT Balance,Unknown ,1
4/08/2026,2026,6,03 Sexual offences,031 Sexual assault of an adult,-,-,Darwin,,12
4/08/2026,2026,6,03 Sexual offences,031 Sexual assault of an adult,-,-,Palmerston,,2
4/08/2026,2026,6,03 Sexual offences,031 Sexual assault of an adult,-,-,Alice Springs,,4
4/08/2026,2026,6,03 Sexual offences,031 Sexual assault of an adult,-,-,Tennant Creek,,1
4/08/2026,2026,6,03 Sexual offences,031 Sexual assault of an adult,-,-,NT Balance,Daly,1
4/08/2026,2026,6,03 Sexual offences,031 Sexual assault of an adult,-,-,NT Balance,East Arnhem,1
4/08/2026,2026,6,03 Sexual offences,031 Sexual assault of an adult,-,-,NT Balance,Howard Springs,2
4/08/2026,2026,6,03 Sexual offences,031 Sexual assault of an adult,-,-,NT Balance,Sandover - Plenty,1
4/08/2026,2026,6,03 Sexual offences,031 Sexual assault of an adult,-,-,NT Balance,Thamarrurr,1
4/08/2026,2026,6,03 Sexual offences,031 Sexual assault of an adult,-,-,NT Balance,West Arnhem,1
4/08/2026,2026,6,03 Sexual offences,031 Sexual assault of an adult,-,-,NT Balance,Unknown ,2
4/08/2026,2026,6,03 Sexual offences,031 Sexual assault of an adult,-,-,Unknown,Unknown,1
4/08/2026,2026,6,03 Sexual offences,032 Sexual assault of a child,-,-,Darwin,,7
4/08/2026,2026,6,03 Sexual offences,032 Sexual assault of a child,-,-,Palmerston,,1
4/08/2026,2026,6,03 Sexual offences,032 Sexual assault of a child,-,-,Alice Springs,,1
4/08/2026,2026,6,03 Sexual offences,032 Sexual assault of a child,-,-,Katherine,,3
4/08/2026,2026,6,03 Sexual offences,032 Sexual assault of a child,-,-,Nhulunbuy,,2
4/08/2026,2026,6,03 Sexual offences,032 Sexual assault of a child,-,-,NT Balance,East Arnhem,1
4/08/2026,2026,6,03 Sexual offences,032 Sexual assault of a child,-,-,NT Balance,Unknown ,1
4/08/2026,2026,6,03 Sexual offences,"033, 034 Other child-related sexual offences",-,-,Nhulunbuy,,2
4/08/2026,2026,6,03 Sexual offences,"033, 034 Other child-related sexual offences",-,-,NT Balance,Elsey,1
4/08/2026,2026,6,03 Sexual offences,"033, 034 Other child-related sexual offences",-,-,NT Balance,Unknown ,1
4/08/2026,2026,6,03 Sexual offences,"035, 039 Other sexual offences",-,-,Darwin,,1
4/08/2026,2026,6,03 Sexual offences,"035, 039 Other sexual offences",-,-,NT Balance,Elsey,1
4/08/2026,2026,6,04 Harm or endanger persons,"041, 042, 043 Human trafficking, abduction, deprivation of liberty",-,-,Alice Springs,,2
4/08/2026,2026,6,04 Harm or endanger persons,"041, 042, 043 Human trafficking, abduction, deprivation of liberty",-,-,NT Balance,Tanami,1
4/08/2026,2026,6,04 Harm or endanger persons,"041, 042, 043 Human trafficking, abduction, deprivation of liberty",-,-,NT Balance,Tiwi Islands,2
4/08/2026,2026,6,04 Harm or endanger persons,"044 Acts that threaten, harass or control",-,-,Darwin,,12
4/08/2026,2026,6,04 Harm or endanger persons,"044 Acts that threaten, harass or control",-,-,Palmerston,,12
4/08/2026,2026,6,04 Harm or endanger persons,"044 Acts that threaten, harass or control",-,-,Alice Springs,,9
4/08/2026,2026,6,04 Harm or endanger persons,"044 Acts that threaten, harass or control",-,-,Katherine,,3
4/08/2026,2026,6,04 Harm or endanger persons,"044 Acts that threaten, harass or control",-,-,Tennant Creek,,2
4/08/2026,2026,6,04 Harm or endanger persons,"044 Acts that threaten, harass or control",-,-,Nhulunbuy,,1
4/08/2026,2026,6,04 Harm or endanger persons,"044 Acts that threaten, harass or control",-,-,NT Balance,Alligator,1
4/08/2026,2026,6,04 Harm or endanger persons,"044 Acts that threaten, harass or control",-,-,NT Balance,Anindilyakwa,1
4/08/2026,2026,6,04 Harm or endanger persons,"044 Acts that threaten, harass or control",-,-,NT Balance,Daly,1
4/08/2026,2026,6,04 Harm or endanger persons,"044 Acts that threaten, harass or control",-,-,NT Balance,East Arnhem,3
4/08/2026,2026,6,04 Harm or endanger persons,"044 Acts that threaten, harass or control",-,-,NT Balance,Gulf,3
4/08/2026,2026,6,04 Harm or endanger persons,"044 Acts that threaten, harass or control",-,-,NT Balance,Howard Springs,5
4/08/2026,2026,6,04 Harm or endanger persons,"044 Acts that threaten, harass or control",-,-,NT Balance,Tanami,2
4/08/2026,2026,6,04 Harm or endanger persons,"044 Acts that threaten, harass or control",-,-,NT Balance,Tiwi Islands,1
4/08/2026,2026,6,04 Harm or endanger persons,"044 Acts that threaten, harass or control",-,-,NT Balance,Virginia,1
4/08/2026,2026,6,04 Harm or endanger persons,"044 Acts that threaten, harass or control",-,-,NT Balance,Yuendumu - Anmatjere,4
4/08/2026,2026,6,04 Harm or endanger persons,"044 Acts that threaten, harass or control",-,-,NT Balance,Unknown ,1
4/08/2026,2026,6,04 Harm or endanger persons,045 Driving causing serious injury,-,-,Katherine,,1
4/08/2026,2026,6,04 Harm or endanger persons,049 Other acts that harm or endanger persons,-,-,Darwin,,1
4/08/2026,2026,6,04 Harm or endanger persons,049 Other acts that harm or endanger persons,-,-,Palmerston,,7
4/08/2026,2026,6,04 Harm or endanger persons,049 Other acts that harm or endanger persons,-,-,Alice Springs,,9
4/08/2026,2026,6,04 Harm or endanger persons,049 Other acts that harm or endanger persons,-,-,Katherine,,4
4/08/2026,2026,6,04 Harm or endanger persons,049 Other acts that harm or endanger persons,-,-,Tennant Creek,,2
4/08/2026,2026,6,04 Harm or endanger persons,049 Other acts that harm or endanger persons,-,-,NT Balance,Anindilyakwa,1
4/08/2026,2026,6,04 Harm or endanger persons,049 Other acts that harm or endanger persons,-,-,NT Balance,Barkly,1
4/08/2026,2026,6,04 Harm or endanger persons,049 Other acts that harm or endanger persons,-,-,NT Balance,Thamarrurr,1
4/08/2026,2026,6,04 Harm or endanger persons,049 Other acts that harm or endanger persons,-,-,NT Balance,Tiwi Islands,2
4/08/2026,2026,6,04 Harm or endanger persons,049 Other acts that harm or endanger persons,-,-,NT Balance,Yuendumu - Anmatjere,1
4/08/2026,2026,6,04 Harm or endanger persons,049 Other acts that harm or endanger persons,-,-,NT Balance,Unknown ,1
4/08/2026,2026,6,"05 Robbery, blackmail, and extortion",051 Robbery,-,-,Darwin,,13
4/08/2026,2026,6,"05 Robbery, blackmail, and extortion",051 Robbery,-,-,Palmerston,,10
4/08/2026,2026,6,"05 Robbery, blackmail, and extortion",051 Robbery,-,-,Alice Springs,,4
4/08/2026,2026,6,"05 Robbery, blackmail, and extortion",051 Robbery,-,-,NT Balance,Daly,1
4/08/2026,2026,6,"05 Robbery, blackmail, and extortion",051 Robbery,-,-,NT Balance,East Arnhem,1
4/08/2026,2026,6,"05 Robbery, blackmail, and extortion",051 Robbery,-,-,NT Balance,Thamarrurr,2
4/08/2026,2026,6,"05 Robbery, blackmail, and extortion",051 Robbery,-,-,NT Balance,Victoria River,2
4/08/2026,2026,6,061 Burglary - dwelling,"061 Burglary - dwelling (house break-ins), actual",-,-,Darwin,,33
4/08/2026,2026,6,061 Burglary - dwelling,"061 Burglary - dwelling (house break-ins), actual",-,-,Palmerston,,18
4/08/2026,2026,6,061 Burglary - dwelling,"061 Burglary - dwelling (house break-ins), actual",-,-,Alice Springs,,25
4/08/2026,2026,6,061 Burglary - dwelling,"061 Burglary - dwelling (house break-ins), actual",-,-,Katherine,,15
4/08/2026,2026,6,061 Burglary - dwelling,"061 Burglary - dwelling (house break-ins), actual",-,-,Tennant Creek,,1
4/08/2026,2026,6,061 Burglary - dwelling,"061 Burglary - dwelling (house break-ins), actual",-,-,Nhulunbuy,,4
4/08/2026,2026,6,061 Burglary - dwelling,"061 Burglary - dwelling (house break-ins), actual",-,-,NT Balance,Barkly,2
4/08/2026,2026,6,061 Burglary - dwelling,"061 Burglary - dwelling (house break-ins), actual",-,-,NT Balance,East Arnhem,5
4/08/2026,2026,6,061 Burglary - dwelling,"061 Burglary - dwelling (house break-ins), actual",-,-,NT Balance,Elsey,2
4/08/2026,2026,6,061 Burglary - dwelling,"061 Burglary - dwelling (house break-ins), actual",-,-,NT Balance,Humpty Doo,4
4/08/2026,2026,6,061 Burglary - dwelling,"061 Burglary - dwelling (house break-ins), actual",-,-,NT Balance,Petermann - Simpson,2
4/08/2026,2026,6,061 Burglary - dwelling,"061 Burglary - dwelling (house break-ins), actual",-,-,NT Balance,Tanami,1
4/08/2026,2026,6,061 Burglary - dwelling,"061 Burglary - dwelling (house break-ins), actual",-,-,NT Balance,Thamarrurr,2
4/08/2026,2026,6,061 Burglary - dwelling,"061 Burglary - dwelling (house break-ins), actual",-,-,NT Balance,West Arnhem,2
4/08/2026,2026,6,061 Burglary - dwelling,"061 Burglary - dwelling (house break-ins), actual",-,-,NT Balance,Unknown ,4
4/08/2026,2026,6,061 Burglary - dwelling,"061 Burglary - dweling (house break-ins), attempted",-,-,Darwin,,10
4/08/2026,2026,6,061 Burglary - dwelling,"061 Burglary - dweling (house break-ins), attempted",-,-,Palmerston,,3
4/08/2026,2026,6,061 Burglary - dwelling,"061 Burglary - dweling (house break-ins), attempted",-,-,Alice Springs,,5
4/08/2026,2026,6,061 Burglary - dwelling,"061 Burglary - dweling (house break-ins), attempted",-,-,Katherine,,5
4/08/2026,2026,6,061 Burglary - dwelling,"061 Burglary - dweling (house break-ins), attempted",-,-,Nhulunbuy,,3
4/08/2026,2026,6,061 Burglary - dwelling,"061 Burglary - dweling (house break-ins), attempted",-,-,NT Balance,Tanami,2
4/08/2026,2026,6,062 Burglary - non-residential,"062 Burglary - non-residential (commercial break-ins), actual",-,-,Darwin,,9
4/08/2026,2026,6,062 Burglary - non-residential,"062 Burglary - non-residential (commercial break-ins), actual",-,-,Palmerston,,4
4/08/2026,2026,6,062 Burglary - non-residential,"062 Burglary - non-residential (commercial break-ins), actual",-,-,Alice Springs,,3
4/08/2026,2026,6,062 Burglary - non-residential,"062 Burglary - non-residential (commercial break-ins), actual",-,-,Katherine,,2
4/08/2026,2026,6,062 Burglary - non-residential,"062 Burglary - non-residential (commercial break-ins), actual",-,-,Tennant Creek,,1
4/08/2026,2026,6,062 Burglary - non-residential,"062 Burglary - non-residential (commercial break-ins), actual",-,-,Nhulunbuy,,1
4/08/2026,2026,6,062 Burglary - non-residential,"062 Burglary - non-residential (commercial break-ins), actual",-,-,NT Balance,Anindilyakwa,3
4/08/2026,2026,6,062 Burglary - non-residential,"062 Burglary - non-residential (commercial break-ins), actual",-,-,NT Balance,Daly,2
4/08/2026,2026,6,062 Burglary - non-residential,"062 Burglary - non-residential (commercial break-ins), actual",-,-,NT Balance,East Arnhem,3
4/08/2026,2026,6,062 Burglary - non-residential,"062 Burglary - non-residential (commercial break-ins), actual",-,-,NT Balance,Elsey,1
4/08/2026,2026,6,062 Burglary - non-residential,"062 Burglary - non-residential (commercial break-ins), actual",-,-,NT Balance,Gulf,5
4/08/2026,2026,6,062 Burglary - non-residential,"062 Burglary - non-residential (commercial break-ins), actual",-,-,NT Balance,Petermann - Simpson,3
4/08/2026,2026,6,062 Burglary - non-residential,"062 Burglary - non-residential (commercial break-ins), actual",-,-,NT Balance,Tanami,3
4/08/2026,2026,6,062 Burglary - non-residential,"062 Burglary - non-residential (commercial break-ins), actual",-,-,NT Balance,Thamarrurr,2
4/08/2026,2026,6,062 Burglary - non-residential,"062 Burglary - non-residential (commercial break-ins), actual",-,-,NT Balance,West Arnhem,1
4/08/2026,2026,6,062 Burglary - non-residential,"062 Burglary - non-residential (commercial break-ins), actual",-,-,NT Balance,Yuendumu - Anmatjere,1
4/08/2026,2026,6,062 Burglary - non-residential,"062 Burglary - non-residential (commercial break-ins), attempted",-,-,Darwin,,1
4/08/2026,2026,6,062 Burglary - non-residential,"062 Burglary - non-residential (commercial break-ins), attempted",-,-,Palmerston,,1
4/08/2026,2026,6,062 Burglary - non-residential,"062 Burglary - non-residential (commercial break-ins), attempted",-,-,Alice Springs,,1
4/08/2026,2026,6,062 Burglary - non-residential,"062 Burglary - non-residential (commercial break-ins), attempted",-,-,Katherine,,1
4/08/2026,2026,6,062 Burglary - non-residential,"062 Burglary - non-residential (commercial break-ins), attempted",-,-,NT Balance,Gulf,4
4/08/2026,2026,6,07 Theft,071 Motor vehicle theft and related offences,-,-,Darwin,,7
4/08/2026,2026,6,07 Theft,071 Motor vehicle theft and related offences,-,-,Palmerston,,4
4/08/2026,2026,6,07 Theft,071 Motor vehicle theft and related offences,-,-,Alice Springs,,2
4/08/2026,2026,6,07 Theft,071 Motor vehicle theft and related offences,-,-,Katherine,,2
4/08/2026,2026,6,07 Theft,071 Motor vehicle theft and related offences,-,-,Tennant Creek,,2
4/08/2026,2026,6,07 Theft,071 Motor vehicle theft and related offences,-,-,Nhulunbuy,,1
4/08/2026,2026,6,07 Theft,071 Motor vehicle theft and related offences,-,-,NT Balance,Daly,1
4/08/2026,2026,6,07 Theft,071 Motor vehicle theft and related offences,-,-,NT Balance,Petermann - Simpson,1
4/08/2026,2026,6,07 Theft,071 Motor vehicle theft and related offences,-,-,NT Balance,Unknown ,1
4/08/2026,2026,6,07 Theft,07* Other theft,-,-,Darwin,,214
4/08/2026,2026,6,07 Theft,07* Other theft,-,-,Palmerston,,65
4/08/2026,2026,6,07 Theft,07* Other theft,-,-,Alice Springs,,78
4/08/2026,2026,6,07 Theft,07* Other theft,-,-,Katherine,,44
4/08/2026,2026,6,07 Theft,07* Other theft,-,-,Tennant Creek,,15
4/08/2026,2026,6,07 Theft,07* Other theft,-,-,Nhulunbuy,,2
4/08/2026,2026,6,07 Theft,07* Other theft,-,-,NT Balance,Alligator,7
4/08/2026,2026,6,07 Theft,07* Other theft,-,-,NT Balance,Anindilyakwa,1
4/08/2026,2026,6,07 Theft,07* Other theft,-,-,NT Balance,Barkly,3
4/08/2026,2026,6,07 Theft,07* Other theft,-,-,NT Balance,Daly,3
4/08/2026,2026,6,07 Theft,07* Other theft,-,-,NT Balance,East Arnhem,9
4/08/2026,2026,6,07 Theft,07* Other theft,-,-,NT Balance,Elsey,2
4/08/2026,2026,6,07 Theft,07* Other theft,-,-,NT Balance,Gulf,6
4/08/2026,2026,6,07 Theft,07* Other theft,-,-,NT Balance,Howard Springs,5
4/08/2026,2026,6,07 Theft,07* Other theft,-,-,NT Balance,Humpty Doo,7
4/08/2026,2026,6,07 Theft,07* Other theft,-,-,NT Balance,Petermann - Simpson,4
4/08/2026,2026,6,07 Theft,07* Other theft,-,-,NT Balance,Sandover - Plenty,1
4/08/2026,2026,6,07 Theft,07* Other theft,-,-,NT Balance,Tanami,1
4/08/2026,2026,6,07 Theft,07* Other theft,-,-,NT Balance,Thamarrurr,1
4/08/2026,2026,6,07 Theft,07* Other theft,-,-,NT Balance,Victoria River,3
4/08/2026,2026,6,07 Theft,07* Other theft,-,-,NT Balance,Virginia,10
4/08/2026,2026,6,07 Theft,07* Other theft,-,-,NT Balance,Weddell,2
4/08/2026,2026,6,07 Theft,07* Other theft,-,-,NT Balance,West Arnhem,1
4/08/2026,2026,6,07 Theft,07* Other theft,-,-,NT Balance,Yuendumu - Anmatjere,2
4/08/2026,2026,6,07 Theft,07* Other theft,-,-,NT Balance,Unknown ,13
4/08/2026,2026,6,11 Property damage offences,11 Property damage offences,-,-,Darwin,,201
4/08/2026,2026,6,11 Property damage offences,11 Property damage offences,-,-,Palmerston,,112
4/08/2026,2026,6,11 Property damage offences,11 Property damage offences,-,-,Alice Springs,,124
4/08/2026,2026,6,11 Property damage offences,11 Property damage offences,-,-,Katherine,,54
4/08/2026,2026,6,11 Property damage offences,11 Property damage offences,-,-,Tennant Creek,,28
4/08/2026,2026,6,11 Property damage offences,11 Property damage offences,-,-,Nhulunbuy,,4
4/08/2026,2026,6,11 Property damage offences,11 Property damage offences,-,-,NT Balance,Alligator,1
4/08/2026,2026,6,11 Property damage offences,11 Property damage offences,-,-,NT Balance,Anindilyakwa,8
4/08/2026,2026,6,11 Property damage offences,11 Property damage offences,-,-,NT Balance,Barkly,3
4/08/2026,2026,6,11 Property damage offences,11 Property damage offences,-,-,NT Balance,Daly,3
4/08/2026,2026,6,11 Property damage offences,11 Property damage offences,-,-,NT Balance,East Arnhem,17
4/08/2026,2026,6,11 Property damage offences,11 Property damage offences,-,-,NT Balance,Elsey,7
4/08/2026,2026,6,11 Property damage offences,11 Property damage offences,-,-,NT Balance,Gulf,6
4/08/2026,2026,6,11 Property damage offences,11 Property damage offences,-,-,NT Balance,Howard Springs,4
4/08/2026,2026,6,11 Property damage offences,11 Property damage offences,-,-,NT Balance,Humpty Doo,3
4/08/2026,2026,6,11 Property damage offences,11 Property damage offences,-,-,NT Balance,Petermann - Simpson,2
4/08/2026,2026,6,11 Property damage offences,11 Property damage offences,-,-,NT Balance,Sandover - Plenty,2
4/08/2026,2026,6,11 Property damage offences,11 Property damage offences,-,-,NT Balance,Tanami,10
4/08/2026,2026,6,11 Property damage offences,11 Property damage offences,-,-,NT Balance,Thamarrurr,14
4/08/2026,2026,6,11 Property damage offences,11 Property damage offences,-,-,NT Balance,Tiwi Islands,3
4/08/2026,2026,6,11 Property damage offences,11 Property damage offences,-,-,NT Balance,Victoria River,7
4/08/2026,2026,6,11 Property damage offences,11 Property damage offences,-,-,NT Balance,Virginia,6
4/08/2026,2026,6,11 Property damage offences,11 Property damage offences,-,-,NT Balance,West Arnhem,2
4/08/2026,2026,6,11 Property damage offences,11 Property damage offences,-,-,NT Balance,Yuendumu - Anmatjere,11
4/08/2026,2026,6,11 Property damage offences,11 Property damage offences,-,-,NT Balance,Unknown ,23
