{"type":"FeatureCollection","name":"NT_SA2_2021","crs":{"type":"name","properties":{"name":"urn:ogc:def:crs:OGC:1.3:CRS84"}},"features":[{"type":"Feature","properties":{"SA2 Code":"701021020","SA2 Name":"Leanyer","SA3 Name":"Darwin Suburbs","Area sq km":2.5,"State":"Northern Territory","Map Location":"Leanyer, Northern Territory, Australia"},"geometry":{"type":"Polygon","coordinates":[[[130.89231,-12.3657],[130.89078,-12.37748],[130.90544,-12.3827],[130.90741,-12.37387],[130.90082,-12.36567],[130.89231,-12.3657]]]}},{"type":"Feature","properties":{"SA2 Code":"701021021","SA2 Name":"Lyons (NT)","SA3 Name":"Darwin Suburbs","Area sq km":7.04,"State":"Northern Territory","Map Location":"Lyons (NT), Northern Territory, Australia"},"geometry":{"type":"Polygon","coordinates":[[[130.88578,-12.3511],[130.88571,-12.36571],[130.90082,-12.36567],[130.90521,-12.33467],[130.89544,-12.33029],[130.87966,-12.34603],[130.87971,-12.35095],[130.88578,-12.3511]]]}},{"type":"Feature","properties":{"SA2 Code":"701021022","SA2 Name":"Malak - Marrara","SA3 Name":"Darwin Suburbs","Area sq km":4.83,"State":"Northern Territory","Map Location":"Malak - Marrara, Northern Territory, Australia"},"geometry":{"type":"Polygon","coordinates":[[[130.89705,-12.39109],[130.89778,-12.39595],[130.87154,-12.39532],[130.87735,-12.40262],[130.9084,-12.40252],[130.91832,-12.41277],[130.91914,-12.40788],[130.90774,-12.40127],[130.91143,-12.39074],[130.90459,-12.38542],[130.89705,-12.39109]]]}},{"type":"Feature","properties":{"SA2 Code":"701021023","SA2 Name":"Millner","SA3 Name":"Darwin Suburbs","Area sq km":1.47,"State":"Northern Territory","Map Location":"Millner, Northern Territory, Australia"},"geometry":{"type":"Polygon","coordinates":[[[130.86454,-12.38548],[130.85606,-12.38914],[130.85606,-12.39824],[130.87211,-12.39531],[130.86454,-12.38548]]]}},{"type":"Feature","properties":{"SA2 Code":"701021024","SA2 Name":"Moil","SA3 Name":"Darwin Suburbs","Area sq km":1.04,"State":"Northern Territory","Map Location":"Moil, Northern Territory, Australia"},"geometry":{"type":"Polygon","coordinates":[[[130.87944,-12.38138],[130.87829,-12.39529],[130.8832,-12.39526],[130.88667,-12.38641],[130.87944,-12.38138]]]}},{"type":"Feature","properties":{"SA2 Code":"701021025","SA2 Name":"Nightcliff","SA3 Name":"Darwin Suburbs","Area sq km":1.45,"State":"Northern Territory","Map Location":"Nightcliff, Northern Territory, Australia"},"geometry":{"type":"Polygon","coordinates":[[[130.84711,-12.37754],[130.84115,-12.38063],[130.84358,-12.38714],[130.85602,-12.38792],[130.84711,-12.37754]]]}},{"type":"Feature","properties":{"SA2 Code":"701021026","SA2 Name":"Rapid Creek","SA3 Name":"Darwin Suburbs","Area sq km":1.92,"State":"Northern Territory","Map Location":"Rapid Creek, Northern Territory, Australia"},"geometry":{"type":"Polygon","coordinates":[[[130.84953,-12.37677],[130.85606,-12.38914],[130.8666,-12.38487],[130.86425,-12.37316],[130.84953,-12.37677]]]}},{"type":"Feature","properties":{"SA2 Code":"701021027","SA2 Name":"Tiwi","SA3 Name":"Darwin Suburbs","Area sq km":3.12,"State":"Northern Territory","Map Location":"Tiwi, Northern Territory, Australia"},"geometry":{"type":"Polygon","coordinates":[[[130.86634,-12.36409],[130.88558,-12.36698],[130.88578,-12.3511],[130.87971,-12.35095],[130.87966,-12.34603],[130.86634,-12.36409]]]}},{"type":"Feature","properties":{"SA2 Code":"701021028","SA2 Name":"Wagaman","SA3 Name":"Darwin Suburbs","Area sq km":0.84,"State":"Northern Territory","Map Location":"Wagaman, Northern Territory, Australia"},"geometry":{"type":"Polygon","coordinates":[[[130.89078,-12.37748],[130.87944,-12.38138],[130.88667,-12.38641],[130.89078,-12.37748]]]}},{"type":"Feature","properties":{"SA2 Code":"701021029","SA2 Name":"Wanguri","SA3 Name":"Darwin Suburbs","Area sq km":0.89,"State":"Northern Territory","Map Location":"Wanguri, Northern Territory, Australia"},"geometry":{"type":"Polygon","coordinates":[[[130.88489,-12.3678],[130.88476,-12.3764],[130.89078,-12.37748],[130.89221,-12.36653],[130.88489,-12.3678]]]}},{"type":"Feature","properties":{"SA2 Code":"701021030","SA2 Name":"Wulagi","SA3 Name":"Darwin Suburbs","Area sq km":1.26,"State":"Northern Territory","Map Location":"Wulagi, Northern Territory, Australia"},"geometry":{"type":"Polygon","coordinates":[[[130.89427,-12.37797],[130.88774,-12.3846],[130.89374,-12.38786],[130.90459,-12.38542],[130.89427,-12.37797]]]}},{"type":"Feature","properties":{"SA2 Code":"701031031","SA2 Name":"Howard Springs","SA3 Name":"Litchfield","Area sq km":118.02,"State":"Northern Territory","Map Location":"Howard Springs, Northern Territory, Australia"},"geometry":{"type":"Polygon","coordinates":[[[130.97756,-12.46754],[130.99031,-12.46805],[131.01092,-12.48513],[131.02341,-12.5126],[131.03574,-12.51871],[131.03657,-12.51093],[131.0479,-12.52549],[131.07119,-12.52558],[131.069,-12.51619],[131.07256,-12.51451],[131.06655,-12.4963],[131.11121,-12.49623],[131.11119,-12.46704],[131.0964,-12.46705],[131.0964,-12.46235],[131.08899,-12.46235],[131.0888,-12.40884],[131.05149,-12.40887],[131.0515,-12.44299],[131.0446,-12.43131],[131.01284,-12.43137],[131.01276,-12.42381],[130.96805,-12.42396],[130.96816,-12.44625],[130.95461,-12.44631],[130.97756,-12.46754]]]}},{"type":"Feature","properties":{"SA2 Code":"701031032","SA2 Name":"Humpty Doo","SA3 Name":"Litchfield","Area sq km":157.42,"State":"Northern Territory","Map Location":"Humpty Doo, Northern Territory, Australia"},"geometry":{"type":"Polygon","coordinates":[[[131.14842,-12.52557],[131.10378,-12.52556],[131.10379,-12.49633],[131.06655,-12.4963],[131.07256,-12.51451],[131.069,-12.51619],[131.07119,-12.52558],[131.04553,-12.52558],[131.07258,-12.5616],[131.07331,-12.6134],[131.19312,-12.61336],[131.19314,-12.5695],[131.20805,-12.56948],[131.20804,-12.55486],[131.20055,-12.55486],[131.20059,-12.52546],[131.17825,-12.52557],[131.17817,-12.49643],[131.1633,-12.49641],[131.1633,-12.51094],[131.14832,-12.51098],[131.14842,-12.52557]]]}},{"type":"Feature","properties":{"SA2 Code":"701031033","SA2 Name":"Koolpinyah","SA3 Name":"Litchfield","Area sq km":1199.65,"State":"Northern Territory","Map Location":"Koolpinyah, Northern Territory, Australia"},"geometry":{"type":"MultiPolygon","coordinates":[[[[131.2813,-12.35247],[131.28137,-12.34122],[131.27144,-12.33187],[131.29445,-12.29798],[131.28297,-12.2867],[131.27158,-12.23817],[131.24818,-12.22231],[131.21438,-12.23714],[131.21328,-12.2533],[131.20619,-12.26213],[131.22882,-12.26364],[131.234,-12.26634],[131.22853,-12.28138],[131.22908,-12.27324],[131.22289,-12.27789],[131.22501,-12.28504],[131.22197,-12.27801],[131.23205,-12.26679],[131.21757,-12.26435],[131.20598,-12.27039],[131.20377,-12.26134],[131.21098,-12.25217],[131.20979,-12.23964],[131.20348,-12.24259],[131.19336,-12.23773],[131.2052,-12.24168],[131.22205,-12.22718],[131.17596,-12.1921],[131.16954,-12.18361],[131.17009,-12.17401],[131.15756,-12.16884],[131.14428,-12.18243],[131.12544,-12.18259],[131.11435,-12.17505],[131.1132,-12.15506],[131.08758,-12.15377],[131.06534,-12.16681],[131.05177,-12.15826],[131.05139,-12.14673],[131.0453,-12.14268],[131.01042,-12.15609],[131.00911,-12.16242],[131.00812,-12.15767],[131.00457,-12.15949],[130.99597,-12.16865],[130.99463,-12.18606],[131.00468,-12.20908],[131.01193,-12.21573],[131.02158,-12.21627],[131.03046,-12.23151],[131.02744,-12.26506],[131.01298,-12.32328],[131.0177,-12.32688],[131.02845,-12.3055],[131.02802,-12.31782],[131.03398,-12.31646],[131.03332,-12.32063],[131.04617,-12.32262],[131.05162,-12.33166],[131.06096,-12.33213],[131.05162,-12.33313],[131.02977,-12.32561],[131.02496,-12.33522],[131.03256,-12.33927],[131.02982,-12.3464],[131.05505,-12.34779],[131.04499,-12.34919],[131.03487,-12.36088],[131.00892,-12.35638],[131.0132,-12.36632],[131.01641,-12.36123],[131.01928,-12.36212],[131.01877,-12.37165],[131.0179,-12.36179],[131.01251,-12.367],[131.00478,-12.35221],[130.98971,-12.34886],[130.9828,-12.34187],[130.9501,-12.34604],[130.94726,-12.35718],[130.94765,-12.34409],[130.93688,-12.343],[130.93819,-12.40233],[130.95316,-12.4023],[130.95318,-12.41134],[130.96797,-12.40951],[130.96805,-12.42396],[131.01276,-12.42381],[131.01284,-12.43137],[131.0446,-12.43131],[131.0515,-12.44299],[131.05149,-12.40887],[131.0888,-12.40884],[131.08899,-12.46235],[131.0964,-12.46235],[131.0964,-12.46705],[131.11119,-12.46704],[131.11121,-12.49623],[131.10379,-12.49624],[131.10378,-12.52556],[131.14842,-12.52557],[131.14832,-12.51098],[131.1633,-12.51094],[131.1633,-12.49641],[131.17817,-12.49643],[131.17817,-12.48984],[131.20163,-12.4741],[131.21353,-12.47306],[131.21358,-12.50585],[131.22042,-12.51093],[131.21858,-12.51409],[131.22254,-12.51273],[131.21495,-12.51614],[131.2168,-12.52544],[131.24284,-12.55279],[131.2503,-12.54192],[131.2529,-12.51598],[131.26071,-12.50732],[131.2756,-12.5125],[131.28576,-12.52753],[131.2775,-12.53221],[131.28139,-12.54959],[131.29167,-12.55635],[131.30429,-12.53792],[131.32275,-12.55012],[131.39268,-12.54459],[131.39673,-12.53211],[131.38916,-12.52096],[131.3949,-12.50777],[131.37827,-12.51102],[131.37997,-12.49299],[131.36203,-12.48885],[131.36953,-12.47981],[131.36686,-12.47503],[131.34514,-12.48115],[131.34468,-12.47318],[131.35447,-12.46471],[131.33849,-12.46369],[131.34253,-12.44974],[131.33079,-12.45643],[131.32329,-12.45343],[131.32734,-12.44433],[131.34084,-12.44452],[131.3381,-12.43483],[131.32923,-12.43337],[131.32306,-12.4408],[131.3167,-12.42566],[131.30131,-12.42426],[131.30249,-12.41553],[131.31638,-12.41107],[131.30803,-12.40215],[131.30789,-12.39541],[131.32414,-12.39355],[131.32636,-12.38164],[131.32055,-12.37865],[131.30946,-12.38313],[131.29425,-12.37217],[131.2813,-12.35247]]],[[[131.03247,-12.05832],[131.06287,-12.04684],[131.05884,-12.04312],[131.06434,-12.04029],[131.0641,-12.03408],[131.05123,-12.03049],[131.02335,-12.0362],[131.00192,-12.05239],[131.03247,-12.05832]]],[[[131.06177,-12.06944],[131.08636,-12.07594],[131.11643,-12.07327],[131.12411,-12.06884],[131.12672,-12.05946],[131.12384,-12.05529],[131.09434,-12.05355],[131.06177,-12.06944]]],[[[131.07288,-12.01497],[131.11188,-12.02383],[131.13548,-12.01467],[131.12714,-12.00096],[131.07288,-12.01497]]],[[[131.04595,-12.09399],[131.03873,-12.09432],[131.05224,-12.10152],[131.05455,-12.10902],[131.04992,-12.10158],[131.0321,-12.09528],[131.00205,-12.11789],[131.03193,-12.1301],[131.04346,-12.12961],[131.05371,-12.12313],[131.06514,-12.12554],[131.07106,-12.11408],[131.06478,-12.10493],[131.04595,-12.09399]]],[[[130.99837,-12.16119],[131.0041,-12.15531],[131.00065,-12.15283],[130.99594,-12.15487],[130.99837,-12.16119]]],[[[131.01144,-12.15111],[131.01408,-12.15111],[131.01408,-12.15088],[131.01144,-12.15111]]],[[[131.01557,-12.1502],[131.02337,-12.14691],[131.02406,-12.14566],[131.02027,-12.14375],[131.01557,-12.1502]]]]}},{"type":"Feature","properties":{"SA2 Code":"701031034","SA2 Name":"Virginia","SA3 Name":"Litchfield","Area sq km":54.74,"State":"Northern Territory","Map Location":"Virginia, Northern Territory, Australia"},"geometry":{"type":"Polygon","coordinates":[[[131.01318,-12.49614],[131.01188,-12.53148],[130.99156,-12.53868],[130.98721,-12.54719],[130.99758,-12.56152],[131.01237,-12.56621],[131.02172,-12.57793],[131.02719,-12.57737],[131.03505,-12.58656],[131.05889,-12.59834],[131.05897,-12.61342],[131.07331,-12.6134],[131.07157,-12.55889],[131.039,-12.51331],[131.03573,-12.51093],[131.03574,-12.51871],[131.02421,-12.51323],[131.01318,-12.49614]]]}},{"type":"Feature","properties":{"SA2 Code":"701011005","SA2 Name":"Larrakeyah","SA3 Name":"Darwin City","Area sq km":1.95,"State":"Northern Territory","Map Location":"Larrakeyah, Northern Territory, Australia"},"geometry":{"type":"Polygon","coordinates":[[[130.83389,-12.45335],[130.82309,-12.4472],[130.81512,-12.45416],[130.81848,-12.45991],[130.82111,-12.46189],[130.8234,-12.4621],[130.82079,-12.46022],[130.83331,-12.46061],[130.83389,-12.45335]]]}},{"type":"Feature","properties":{"SA2 Code":"701011006","SA2 Name":"Ludmilla - The Narrows","SA3 Name":"Darwin City","Area sq km":5.35,"State":"Northern Territory","Map Location":"Ludmilla - The Narrows, Northern Territory, Australia"},"geometry":{"type":"Polygon","coordinates":[[[130.84733,-12.42054],[130.85104,-12.43005],[130.86969,-12.42502],[130.86377,-12.41727],[130.85617,-12.41607],[130.8561,-12.40264],[130.84584,-12.4026],[130.83891,-12.4089],[130.84564,-12.41371],[130.84082,-12.42043],[130.84733,-12.42054]]]}},{"type":"Feature","properties":{"SA2 Code":"701011007","SA2 Name":"Parap","SA3 Name":"Darwin City","Area sq km":1.1,"State":"Northern Territory","Map Location":"Parap, Northern Territory, Australia"},"geometry":{"type":"Polygon","coordinates":[[[130.84112,-12.42669],[130.83751,-12.43897],[130.84084,-12.44165],[130.85478,-12.43063],[130.84112,-12.42669]]]}},{"type":"Feature","properties":{"SA2 Code":"701011008","SA2 Name":"Stuart Park","SA3 Name":"Darwin City","Area sq km":1.65,"State":"Northern Territory","Map Location":"Stuart Park, Northern Territory, Australia"},"geometry":{"type":"Polygon","coordinates":[[[130.84053,-12.44376],[130.83961,-12.45403],[130.85162,-12.45319],[130.84648,-12.43847],[130.84053,-12.44376]]]}},{"type":"Feature","properties":{"SA2 Code":"701011009","SA2 Name":"Woolner - Bayview - Winnellie","SA3 Name":"Darwin City","Area sq km":6.79,"State":"Northern Territory","Map Location":"Woolner - Bayview - Winnellie, Northern Territory, Australia"},"geometry":{"type":"Polygon","coordinates":[[[130.86161,-12.42749],[130.84123,-12.43939],[130.86461,-12.44286],[130.86388,-12.43245],[130.86839,-12.43242],[130.89211,-12.43258],[130.90392,-12.43902],[130.90388,-12.4286],[130.90858,-12.42436],[130.86161,-12.42749]]]}},{"type":"Feature","properties":{"SA2 Code":"701021010","SA2 Name":"Alawa","SA3 Name":"Darwin Suburbs","Area sq km":1.24,"State":"Northern Territory","Map Location":"Alawa, Northern Territory, Australia"},"geometry":{"type":"Polygon","coordinates":[[[130.8656,-12.3764],[130.8666,-12.38487],[130.88214,-12.37759],[130.87016,-12.37512],[130.8656,-12.3764]]]}},{"type":"Feature","properties":{"SA2 Code":"701021011","SA2 Name":"Anula","SA3 Name":"Darwin Suburbs","Area sq km":1.32,"State":"Northern Territory","Map Location":"Anula, Northern Territory, Australia"},"geometry":{"type":"Polygon","coordinates":[[[130.88774,-12.3846],[130.8832,-12.39526],[130.89778,-12.39595],[130.89683,-12.38853],[130.88774,-12.3846]]]}},{"type":"Feature","properties":{"SA2 Code":"701021012","SA2 Name":"Berrimah","SA3 Name":"Darwin Suburbs","Area sq km":30.26,"State":"Northern Territory","Map Location":"Berrimah, Northern Territory, Australia"},"geometry":{"type":"Polygon","coordinates":[[[130.90735,-12.42755],[130.90388,-12.4286],[130.90392,-12.43902],[130.92344,-12.44655],[130.9236,-12.45383],[130.94625,-12.45614],[130.95317,-12.44522],[130.96816,-12.44625],[130.96797,-12.40951],[130.95318,-12.41134],[130.95316,-12.4023],[130.93819,-12.40233],[130.93821,-12.4096],[130.91914,-12.40788],[130.91832,-12.41277],[130.90841,-12.40479],[130.90735,-12.42755]]]}},{"type":"Feature","properties":{"SA2 Code":"701021013","SA2 Name":"Brinkin - Nakara","SA3 Name":"Darwin Suburbs","Area sq km":2.69,"State":"Northern Territory","Map Location":"Brinkin - Nakara, Northern Territory, Australia"},"geometry":{"type":"Polygon","coordinates":[[[130.86378,-12.36695],[130.86184,-12.37621],[130.86425,-12.37316],[130.86585,-12.37651],[130.88476,-12.3764],[130.88173,-12.36751],[130.86378,-12.36695]]]}},{"type":"Feature","properties":{"SA2 Code":"701021014","SA2 Name":"Buffalo Creek","SA3 Name":"Darwin Suburbs","Area sq km":23.91,"State":"Northern Territory","Map Location":"Buffalo Creek, Northern Territory, Australia"},"geometry":{"type":"Polygon","coordinates":[[[130.90096,-12.36577],[130.90741,-12.37387],[130.90367,-12.3847],[130.91919,-12.39451],[130.92267,-12.40992],[130.93821,-12.4096],[130.9366,-12.34264],[130.92339,-12.34481],[130.9043,-12.33501],[130.90096,-12.36577]]]}},{"type":"Feature","properties":{"SA2 Code":"701011004","SA2 Name":"Fannie Bay - The Gardens","SA3 Name":"Darwin City","Area sq km":3.92,"State":"Northern Territory","Map Location":"Fannie Bay - The Gardens, Northern Territory, Australia"},"geometry":{"type":"Polygon","coordinates":[[[130.83177,-12.41747],[130.8355,-12.42805],[130.82754,-12.44952],[130.83586,-12.45638],[130.83972,-12.42855],[130.84796,-12.42839],[130.84862,-12.4233],[130.83177,-12.41747]]]}},{"type":"Feature","properties":{"SA2 Code":"701021015","SA2 Name":"Charles Darwin","SA3 Name":"Darwin Suburbs","Area sq km":17.49,"State":"Northern Territory","Map Location":"Charles Darwin, Northern Territory, Australia"},"geometry":{"type":"Polygon","coordinates":[[[130.88644,-12.43234],[130.86388,-12.43245],[130.86702,-12.44263],[130.85829,-12.44536],[130.85635,-12.45101],[130.8819,-12.46453],[130.88534,-12.45887],[130.87831,-12.45052],[130.886,-12.44305],[130.88475,-12.45255],[130.89259,-12.46575],[130.90926,-12.46402],[130.91613,-12.4508],[130.9236,-12.45383],[130.92344,-12.44655],[130.88644,-12.43234]]]}},{"type":"Feature","properties":{"SA2 Code":"701021016","SA2 Name":"Coconut Grove","SA3 Name":"Darwin Suburbs","Area sq km":1.42,"State":"Northern Territory","Map Location":"Coconut Grove, Northern Territory, Australia"},"geometry":{"type":"Polygon","coordinates":[[[130.84856,-12.39157],[130.84584,-12.4026],[130.8561,-12.40264],[130.85602,-12.38792],[130.84856,-12.39157]]]}},{"type":"Feature","properties":{"SA2 Code":"701021017","SA2 Name":"East Arm","SA3 Name":"Darwin Suburbs","Area sq km":27.96,"State":"Northern Territory","Map Location":"East Arm, Northern Territory, Australia"},"geometry":{"type":"Polygon","coordinates":[[[130.89186,-12.47521],[130.87032,-12.48316],[130.88389,-12.49321],[130.89609,-12.49545],[130.90535,-12.4807],[130.92586,-12.48297],[130.93642,-12.47143],[130.94673,-12.47105],[130.93058,-12.48556],[130.94258,-12.50429],[130.94675,-12.49406],[130.95628,-12.49402],[130.96368,-12.47475],[130.96143,-12.46664],[130.94642,-12.45371],[130.91613,-12.4508],[130.91698,-12.45923],[130.89651,-12.46834],[130.89186,-12.47521]]]}},{"type":"Feature","properties":{"SA2 Code":"701021018","SA2 Name":"Jingili","SA3 Name":"Darwin Suburbs","Area sq km":1.32,"State":"Northern Territory","Map Location":"Jingili, Northern Territory, Australia"},"geometry":{"type":"Polygon","coordinates":[[[130.8666,-12.38487],[130.87211,-12.39531],[130.87829,-12.39529],[130.8767,-12.38261],[130.8666,-12.38487]]]}},{"type":"Feature","properties":{"SA2 Code":"701011001","SA2 Name":"Darwin Airport","SA3 Name":"Darwin City","Area sq km":14.32,"State":"Northern Territory","Map Location":"Darwin Airport, Northern Territory, Australia"},"geometry":{"type":"Polygon","coordinates":[[[130.86969,-12.42502],[130.90848,-12.42436],[130.9084,-12.40252],[130.87735,-12.40262],[130.87154,-12.39532],[130.85606,-12.39824],[130.85617,-12.41607],[130.86377,-12.41727],[130.86969,-12.42502]]]}},{"type":"Feature","properties":{"SA2 Code":"701011002","SA2 Name":"Darwin City","SA3 Name":"Darwin City","Area sq km":3.17,"State":"Northern Territory","Map Location":"Darwin City, Northern Territory, Australia"},"geometry":{"type":"Polygon","coordinates":[[[130.83694,-12.45262],[130.84117,-12.4731],[130.85192,-12.47053],[130.85017,-12.45301],[130.83694,-12.45262]]]}},{"type":"Feature","properties":{"SA2 Code":"701011003","SA2 Name":"East Point","SA3 Name":"Darwin City","Area sq km":2.38,"State":"Northern Territory","Map Location":"East Point, Northern Territory, Australia"},"geometry":{"type":"Polygon","coordinates":[[[130.82822,-12.41163],[130.84082,-12.42043],[130.84564,-12.41371],[130.82315,-12.40463],[130.81638,-12.40713],[130.81961,-12.41458],[130.82822,-12.41163]]]}},{"type":"Feature","properties":{"SA2 Code":"701021019","SA2 Name":"Karama","SA3 Name":"Darwin Suburbs","Area sq km":2.07,"State":"Northern Territory","Map Location":"Karama, Northern Territory, Australia"},"geometry":{"type":"Polygon","coordinates":[[[130.91143,-12.39074],[130.90774,-12.40127],[130.92309,-12.40961],[130.91832,-12.39366],[130.91143,-12.39074]]]}},{"type":"Feature","properties":{"SA2 Code":"701031035","SA2 Name":"Weddell","SA3 Name":"Litchfield","Area sq km":1408.69,"State":"Northern Territory","Map Location":"Weddell, Northern Territory, Australia"},"geometry":{"type":"MultiPolygon","coordinates":[[[[130.99001,-12.54919],[130.96695,-12.53465],[130.95587,-12.53405],[130.95648,-12.55289],[130.95385,-12.55513],[130.95567,-12.54584],[130.94945,-12.53964],[130.94728,-12.54902],[130.93897,-12.55408],[130.94703,-12.54168],[130.93425,-12.53221],[130.93484,-12.54063],[130.93149,-12.53527],[130.92736,-12.53663],[130.93054,-12.52024],[130.92262,-12.50925],[130.91041,-12.51746],[130.91136,-12.53056],[130.91665,-12.53089],[130.90804,-12.54074],[130.90707,-12.51645],[130.8956,-12.5298],[130.90361,-12.51329],[130.87959,-12.52113],[130.87153,-12.51516],[130.86979,-12.50578],[130.86288,-12.50286],[130.85921,-12.50659],[130.86212,-12.52625],[130.87386,-12.52803],[130.87953,-12.54791],[130.8889,-12.55074],[130.89428,-12.5585],[130.90142,-12.55626],[130.89336,-12.56053],[130.87782,-12.55243],[130.88465,-12.57479],[130.9026,-12.57893],[130.90293,-12.57272],[130.90746,-12.57284],[130.92308,-12.57991],[130.94545,-12.60652],[130.95332,-12.59686],[130.9481,-12.60844],[130.95617,-12.61954],[130.95725,-12.6309],[130.96685,-12.62978],[130.95552,-12.63215],[130.9547,-12.63698],[130.94529,-12.63786],[130.93293,-12.6111],[130.91658,-12.60624],[130.88229,-12.6062],[130.88279,-12.62461],[130.89363,-12.63431],[130.89006,-12.63409],[130.89042,-12.64177],[130.90818,-12.65643],[130.89829,-12.66277],[130.89878,-12.67587],[130.89522,-12.68247],[130.89622,-12.66503],[130.9,-12.65531],[130.88926,-12.64824],[130.88921,-12.85956],[131.03874,-12.86039],[131.03875,-12.81583],[131.06868,-12.81588],[131.06866,-12.82318],[131.13436,-12.82475],[131.13496,-12.83929],[131.14215,-12.83912],[131.14229,-12.84599],[131.15827,-12.84599],[131.15825,-12.86189],[131.20302,-12.86136],[131.20844,-12.84937],[131.20834,-12.82223],[131.21914,-12.81974],[131.21333,-12.8031],[131.22098,-12.80298],[131.24158,-12.77909],[131.25924,-12.78002],[131.26036,-12.77367],[131.25474,-12.76775],[131.27162,-12.76899],[131.27504,-12.75812],[131.28249,-12.75354],[131.28336,-12.73509],[131.26956,-12.72515],[131.27518,-12.71377],[131.27263,-12.70634],[131.28246,-12.69632],[131.29314,-12.69675],[131.29742,-12.69002],[131.33226,-12.67538],[131.33901,-12.65346],[131.34807,-12.64403],[131.36797,-12.64785],[131.36849,-12.64358],[131.35779,-12.64027],[131.35597,-12.63467],[131.37762,-12.61243],[131.37625,-12.59734],[131.38688,-12.59275],[131.37997,-12.58683],[131.38818,-12.57466],[131.3801,-12.57154],[131.38564,-12.56052],[131.37507,-12.55345],[131.3792,-12.54759],[131.35006,-12.54527],[131.32275,-12.55012],[131.30429,-12.53792],[131.29167,-12.55635],[131.28139,-12.54959],[131.2775,-12.53221],[131.28576,-12.52753],[131.2756,-12.5125],[131.26071,-12.50732],[131.2529,-12.51598],[131.2503,-12.54192],[131.24284,-12.55279],[131.2168,-12.52544],[131.21495,-12.51614],[131.22254,-12.51273],[131.21858,-12.51409],[131.22042,-12.51093],[131.21358,-12.50585],[131.21353,-12.47306],[131.20163,-12.4741],[131.17817,-12.48984],[131.17825,-12.52557],[131.20059,-12.52546],[131.20055,-12.55486],[131.20804,-12.55486],[131.20805,-12.56948],[131.19314,-12.5695],[131.19312,-12.61336],[131.05897,-12.61342],[131.05889,-12.59834],[131.03505,-12.58656],[131.02719,-12.57737],[131.02172,-12.57793],[131.01237,-12.56621],[130.99758,-12.56152],[130.99001,-12.54919]]],[[[130.8649,-12.54557],[130.86128,-12.55708],[130.86186,-12.56224],[130.87252,-12.55266],[130.87171,-12.54736],[130.8649,-12.54557]]],[[[130.95151,-12.53647],[130.95324,-12.53793],[130.95427,-12.53658],[130.95151,-12.53647]]],[[[130.87725,-12.55706],[130.87782,-12.55672],[130.87748,-12.55627],[130.87725,-12.55706]]],[[[130.95242,-12.63566],[130.95367,-12.62763],[130.94801,-12.61736],[130.94503,-12.622],[130.95242,-12.63566]]],[[[130.94375,-12.61545],[130.9464,-12.61567],[130.94421,-12.61376],[130.94375,-12.61545]]]]}},{"type":"Feature","properties":{"SA2 Code":"701041036","SA2 Name":"Bakewell","SA3 Name":"Palmerston","Area sq km":1.32,"State":"Northern Territory","Map Location":"Bakewell, Northern Territory, Australia"},"geometry":{"type":"Polygon","coordinates":[[[130.99993,-12.49148],[130.98712,-12.49407],[130.98567,-12.50019],[130.99885,-12.50216],[130.99993,-12.49148]]]}},{"type":"Feature","properties":{"SA2 Code":"701041037","SA2 Name":"Driver","SA3 Name":"Palmerston","Area sq km":1.72,"State":"Northern Territory","Map Location":"Driver, Northern Territory, Australia"},"geometry":{"type":"Polygon","coordinates":[[[130.97021,-12.48259],[130.96866,-12.49436],[130.97507,-12.49608],[130.97587,-12.4885],[130.98521,-12.48235],[130.9816,-12.478],[130.97021,-12.48259]]]}},{"type":"Feature","properties":{"SA2 Code":"701041038","SA2 Name":"Durack - Marlow Lagoon","SA3 Name":"Palmerston","Area sq km":11.72,"State":"Northern Territory","Map Location":"Durack - Marlow Lagoon, Northern Territory, Australia"},"geometry":{"type":"Polygon","coordinates":[[[130.96233,-12.4681],[130.96218,-12.48285],[130.95628,-12.49402],[130.94675,-12.49406],[130.94426,-12.51267],[130.949,-12.51338],[130.95174,-12.50481],[130.96837,-12.50257],[130.96998,-12.48081],[130.98525,-12.47606],[130.95317,-12.44522],[130.94594,-12.45691],[130.96233,-12.4681]]]}},{"type":"Feature","properties":{"SA2 Code":"701041039","SA2 Name":"Gray","SA3 Name":"Palmerston","Area sq km":1.5,"State":"Northern Territory","Map Location":"Gray, Northern Territory, Australia"},"geometry":{"type":"Polygon","coordinates":[[[130.98168,-12.48522],[130.97502,-12.49403],[130.98638,-12.49713],[130.9883,-12.48639],[130.98168,-12.48522]]]}},{"type":"Feature","properties":{"SA2 Code":"701041040","SA2 Name":"Moulden","SA3 Name":"Palmerston","Area sq km":1.75,"State":"Northern Territory","Map Location":"Moulden, Northern Territory, Australia"},"geometry":{"type":"Polygon","coordinates":[[[130.96866,-12.49436],[130.97003,-12.50996],[130.97523,-12.51662],[130.98069,-12.51111],[130.97507,-12.49608],[130.96866,-12.49436]]]}},{"type":"Feature","properties":{"SA2 Code":"701041041","SA2 Name":"Palmerston - North","SA3 Name":"Palmerston","Area sq km":4.77,"State":"Northern Territory","Map Location":"Palmerston - North, Northern Territory, Australia"},"geometry":{"type":"Polygon","coordinates":[[[130.99031,-12.46805],[130.97734,-12.46802],[130.98525,-12.47606],[130.9816,-12.478],[130.9883,-12.48639],[130.98712,-12.49407],[131.00018,-12.49147],[131.00676,-12.4819],[130.99031,-12.46805]]]}},{"type":"Feature","properties":{"SA2 Code":"701041042","SA2 Name":"Palmerston - South","SA3 Name":"Palmerston","Area sq km":24.98,"State":"Northern Territory","Map Location":"Palmerston - South, Northern Territory, Australia"},"geometry":{"type":"MultiPolygon","coordinates":[[[[131.00676,-12.4819],[130.9963,-12.51022],[130.98669,-12.51891],[130.98079,-12.52169],[130.96837,-12.50257],[130.96198,-12.50263],[130.95174,-12.50481],[130.949,-12.51338],[130.9434,-12.51066],[130.94274,-12.52451],[130.98721,-12.54719],[130.99156,-12.53868],[131.01433,-12.52723],[131.01324,-12.48974],[131.00676,-12.4819]]],[[[130.94344,-12.5279],[130.9416,-12.52858],[130.94241,-12.52926],[130.94344,-12.5279]]],[[[130.94435,-12.52632],[130.94527,-12.52609],[130.94516,-12.52575],[130.94435,-12.52632]]]]}},{"type":"Feature","properties":{"SA2 Code":"701041043","SA2 Name":"Rosebery - Bellamack","SA3 Name":"Palmerston","Area sq km":3.18,"State":"Northern Territory","Map Location":"Rosebery - Bellamack, Northern Territory, Australia"},"geometry":{"type":"Polygon","coordinates":[[[130.98567,-12.50019],[130.97523,-12.51662],[130.98079,-12.52169],[130.99381,-12.51378],[130.9992,-12.50225],[130.98567,-12.50019]]]}},{"type":"Feature","properties":{"SA2 Code":"701041044","SA2 Name":"Woodroffe","SA3 Name":"Palmerston","Area sq km":1.6,"State":"Northern Territory","Map Location":"Woodroffe, Northern Territory, Australia"},"geometry":{"type":"Polygon","coordinates":[[[130.97502,-12.49403],[130.97595,-12.50586],[130.98069,-12.51111],[130.98638,-12.49713],[130.97502,-12.49403]]]}},{"type":"Feature","properties":{"SA2 Code":"702011045","SA2 Name":"Charles","SA3 Name":"Alice Springs","Area sq km":16.69,"State":"Northern Territory","Map Location":"Charles, Northern Territory, Australia"},"geometry":{"type":"Polygon","coordinates":[[[133.85519,-23.68488],[133.86275,-23.69738],[133.87629,-23.70109],[133.88175,-23.70775],[133.88713,-23.68441],[133.89701,-23.6844],[133.89702,-23.66479],[133.89436,-23.66025],[133.85531,-23.6603],[133.85519,-23.68488]]]}},{"type":"Feature","properties":{"SA2 Code":"702011046","SA2 Name":"East Side","SA3 Name":"Alice Springs","Area sq km":25.77,"State":"Northern Territory","Map Location":"East Side, Northern Territory, Australia"},"geometry":{"type":"Polygon","coordinates":[[[133.88713,-23.68441],[133.88564,-23.70873],[133.88967,-23.7131],[133.89735,-23.71527],[133.90196,-23.71041],[133.92616,-23.70824],[133.94042,-23.71073],[133.94041,-23.66482],[133.89702,-23.66479],[133.89701,-23.6844],[133.88713,-23.68441]]]}},{"type":"Feature","properties":{"SA2 Code":"702011047","SA2 Name":"Flynn (NT)","SA3 Name":"Alice Springs","Area sq km":17.06,"State":"Northern Territory","Map Location":"Flynn (NT), Northern Territory, Australia"},"geometry":{"type":"Polygon","coordinates":[[[133.85588,-23.70889],[133.84281,-23.69783],[133.81153,-23.69565],[133.81167,-23.7249],[133.86438,-23.7281],[133.87629,-23.70109],[133.86498,-23.70031],[133.86482,-23.70525],[133.85712,-23.7039],[133.85588,-23.70889]]]}},{"type":"Feature","properties":{"SA2 Code":"702011048","SA2 Name":"Larapinta","SA3 Name":"Alice Springs","Area sq km":58.56,"State":"Northern Territory","Map Location":"Larapinta, Northern Territory, Australia"},"geometry":{"type":"Polygon","coordinates":[[[133.84119,-23.69752],[133.85404,-23.71005],[133.85555,-23.70474],[133.86482,-23.70525],[133.86498,-23.70031],[133.86889,-23.70028],[133.86275,-23.69738],[133.85253,-23.67875],[133.85531,-23.6603],[133.91951,-23.66481],[133.9195,-23.63051],[133.81079,-23.63051],[133.81153,-23.69565],[133.84119,-23.69752]]]}},{"type":"Feature","properties":{"SA2 Code":"702011049","SA2 Name":"Mount Johns","SA3 Name":"Alice Springs","Area sq km":18.95,"State":"Northern Territory","Map Location":"Mount Johns, Northern Territory, Australia"},"geometry":{"type":"Polygon","coordinates":[[[133.87604,-23.70283],[133.86571,-23.72521],[133.88027,-23.73012],[133.94045,-23.73788],[133.94042,-23.71073],[133.90196,-23.71041],[133.89735,-23.71527],[133.88967,-23.7131],[133.88688,-23.70448],[133.88175,-23.70775],[133.87604,-23.70283]]]}},{"type":"Feature","properties":{"SA2 Code":"702011050","SA2 Name":"Petermann - Simpson","SA3 Name":"Alice Springs","Area sq km":175248.11,"State":"Northern Territory","Map Location":"Petermann - Simpson, Northern Territory, Australia"},"geometry":{"type":"Polygon","coordinates":[[[129.00054,-24.13745],[129.00057,-25.99861],[137.99905,-25.99686],[137.99876,-23.87196],[137.68204,-23.87024],[136.84423,-23.88694],[136.61086,-23.88695],[135.99756,-24.19882],[136.00125,-24.78605],[135.62392,-24.78602],[135.62393,-24.49989],[134.81287,-24.49992],[134.81287,-24.65968],[134.7693,-24.65968],[134.73958,-24.6703],[134.52221,-24.7088],[134.28548,-24.65969],[134.28541,-25.01867],[133.81491,-25.01867],[133.81452,-24.80278],[133.81912,-24.79495],[133.81494,-24.79185],[133.8151,-24.76396],[133.75045,-24.76387],[133.75044,-24.50063],[133.3712,-24.49932],[133.37152,-24.35377],[133.17844,-24.35377],[133.17846,-24.13517],[132.89876,-24.13517],[132.89877,-24.27545],[132.74038,-24.27545],[132.74036,-24.13518],[129.00054,-24.13745]]]}},{"type":"Feature","properties":{"SA2 Code":"702011051","SA2 Name":"Ross","SA3 Name":"Alice Springs","Area sq km":190.68,"State":"Northern Territory","Map Location":"Ross, Northern Territory, Australia"},"geometry":{"type":"Polygon","coordinates":[[[133.86571,-23.72521],[133.78189,-23.72459],[133.72598,-23.74756],[133.72598,-23.7761],[133.74124,-23.77378],[133.74138,-23.78712],[133.75721,-23.78294],[133.7563,-23.81342],[133.84549,-23.81347],[133.87191,-23.79204],[133.88328,-23.83153],[133.94043,-23.83149],[133.94043,-23.78101],[133.92069,-23.78103],[133.92016,-23.76418],[133.92161,-23.75569],[133.94042,-23.7557],[133.94045,-23.73788],[133.86571,-23.72521]]]}},{"type":"Feature","properties":{"SA2 Code":"702011052","SA2 Name":"Sandover - Plenty","SA3 Name":"Alice Springs","Area sq km":129517.18,"State":"Northern Territory","Map Location":"Sandover - Plenty, Northern Territory, Australia"},"geometry":{"type":"Polygon","coordinates":[[[134.12553,-23.09903],[133.88165,-23.09948],[133.83529,-23.04719],[133.83534,-23.01868],[132.82136,-23.01865],[132.82141,-23.60013],[132.82987,-23.60064],[132.83418,-23.6153],[132.82146,-23.64565],[132.8214,-23.75981],[133.17842,-23.75982],[133.17844,-24.35377],[133.37152,-24.35377],[133.3712,-24.49932],[133.75044,-24.50063],[133.75045,-24.76387],[133.8151,-24.76396],[133.81494,-24.79185],[133.81912,-24.79495],[133.81452,-24.80278],[133.81491,-25.01867],[134.28541,-25.01867],[134.28548,-24.65969],[134.52221,-24.7088],[134.73958,-24.6703],[134.7693,-24.65968],[134.81287,-24.65968],[134.81287,-24.49992],[135.62393,-24.49989],[135.62392,-24.78602],[136.00125,-24.78605],[135.99756,-24.19882],[136.61086,-23.88695],[136.84423,-23.88694],[137.68204,-23.87024],[137.99876,-23.87196],[137.9976,-21.92924],[137.68145,-21.92925],[137.68144,-21.99842],[136.49013,-21.99813],[136.48993,-21.54463],[135.82187,-21.54465],[135.82304,-21.41399],[135.72991,-21.414],[135.66783,-21.47215],[135.33497,-21.47216],[135.33495,-21.38404],[134.94492,-21.38405],[134.94583,-21.59587],[134.28929,-21.59453],[134.28891,-21.69879],[134.37201,-21.69974],[134.37071,-21.8462],[134.42568,-21.84594],[134.52512,-21.94505],[134.54042,-21.94803],[134.60914,-22.0449],[134.6004,-22.12054],[134.57904,-22.12562],[134.54409,-22.15208],[134.54843,-22.18706],[134.53979,-22.22248],[134.56028,-22.22913],[134.54082,-22.28932],[134.53104,-22.29719],[134.46835,-22.29718],[134.46584,-22.57021],[134.12228,-22.5705],[134.12553,-23.09903]],[[133.94043,-23.78101],[133.94043,-23.83149],[133.88328,-23.83153],[133.87191,-23.79204],[133.84549,-23.81347],[133.7563,-23.81342],[133.75721,-23.78294],[133.74138,-23.78712],[133.74124,-23.77378],[133.72598,-23.7761],[133.72598,-23.74756],[133.78189,-23.72459],[133.81171,-23.72457],[133.81079,-23.63051],[133.9195,-23.63051],[133.91951,-23.66481],[133.94041,-23.66482],[133.94042,-23.7557],[133.92161,-23.75569],[133.92069,-23.78103],[133.94043,-23.78101]]]}},{"type":"Feature","properties":{"SA2 Code":"702011053","SA2 Name":"Tanami","SA3 Name":"Alice Springs","Area sq km":192662.32,"State":"Northern Territory","Map Location":"Tanami, Northern Territory, Australia"},"geometry":{"type":"Polygon","coordinates":[[[129.00048,-18.68259],[129.00054,-24.13745],[132.74036,-24.13518],[132.74038,-24.27545],[132.89877,-24.27545],[132.89876,-24.13517],[133.17846,-24.13517],[133.17842,-23.75982],[132.8214,-23.75981],[132.82146,-23.64565],[132.83418,-23.6153],[132.82987,-23.60064],[132.82141,-23.60013],[132.82136,-23.01865],[132.30512,-23.01826],[132.30512,-22.85395],[132.34386,-22.85431],[132.34387,-22.61646],[131.47438,-22.61618],[131.47438,-22.67578],[131.00788,-22.67587],[131.00787,-22.63227],[130.63793,-22.63227],[130.63946,-22.61265],[130.72428,-22.40816],[131.61521,-22.40814],[131.61517,-21.91806],[131.20427,-21.91806],[131.20428,-21.77463],[131.04858,-21.77464],[131.0486,-21.86184],[130.48287,-21.86184],[130.4829,-20.99857],[132.37161,-20.99861],[132.3716,-20.86024],[132.02312,-20.57003],[132.18392,-20.39298],[132.02518,-20.25744],[132.02187,-18.32409],[130.65542,-18.32333],[130.65567,-18.34217],[130.63035,-18.34222],[130.62029,-18.32701],[130.63543,-18.32331],[130.63543,-17.94525],[130.12345,-17.94525],[130.12345,-18.68268],[129.00048,-18.68259]]]}},{"type":"Feature","properties":{"SA2 Code":"702011054","SA2 Name":"Yuendumu - Anmatjere","SA3 Name":"Alice Springs","Area sq km":71845.08,"State":"Northern Territory","Map Location":"Yuendumu - Anmatjere, Northern Territory, Australia"},"geometry":{"type":"Polygon","coordinates":[[[134.12228,-22.5705],[134.46584,-22.57021],[134.46835,-22.29718],[134.53104,-22.29719],[134.54082,-22.28932],[134.56028,-22.22913],[134.53979,-22.22248],[134.54843,-22.18706],[134.54409,-22.15208],[134.57904,-22.12562],[134.6004,-22.12054],[134.60914,-22.0449],[134.54042,-21.94803],[134.52512,-21.94505],[134.42568,-21.84594],[134.37071,-21.8462],[134.37201,-21.69974],[133.79129,-21.6972],[133.80825,-21.68761],[133.83185,-21.66116],[133.84415,-21.65719],[133.85239,-21.63588],[133.88464,-21.59777],[133.89076,-21.56833],[133.77154,-21.56832],[133.77152,-21.40844],[133.66041,-21.40766],[133.6572,-20.72292],[133.32643,-20.72288],[133.32642,-21.19475],[133.16105,-21.19474],[133.16106,-21.07721],[132.75562,-21.07722],[132.75624,-20.85287],[132.18392,-20.39298],[132.02312,-20.57003],[132.3716,-20.86024],[132.37161,-20.99861],[130.4829,-20.99857],[130.48287,-21.86184],[131.0486,-21.86184],[131.04858,-21.77464],[131.20428,-21.77463],[131.20427,-21.91806],[131.61517,-21.91806],[131.61521,-22.40814],[130.72428,-22.40816],[130.63946,-22.61265],[130.63793,-22.63227],[131.00787,-22.63227],[131.00788,-22.67587],[131.47438,-22.67578],[131.47438,-22.61618],[132.34387,-22.61646],[132.34386,-22.85431],[132.30512,-22.85395],[132.30512,-23.01826],[133.83534,-23.01868],[133.83529,-23.04719],[133.88165,-23.09948],[134.12553,-23.09903],[134.12228,-22.5705]]]}},{"type":"Feature","properties":{"SA2 Code":"702021055","SA2 Name":"Barkly","SA3 Name":"Barkly","Area sq km":303169.12,"State":"Northern Territory","Map Location":"Barkly, Northern Territory, Australia"},"geometry":{"type":"Polygon","coordinates":[[[132.40204,-17.30633],[132.09228,-17.30624],[132.09281,-17.59636],[132.12232,-17.59636],[132.12232,-17.81803],[131.64656,-17.81806],[131.64607,-18.32439],[132.02187,-18.32409],[132.02518,-20.25744],[132.18392,-20.39298],[132.75624,-20.85287],[132.75562,-21.07722],[133.16106,-21.07721],[133.16105,-21.19474],[133.32642,-21.19475],[133.32643,-20.72288],[133.6572,-20.72292],[133.66041,-21.40766],[133.77152,-21.40844],[133.77154,-21.56832],[133.89076,-21.56833],[133.88464,-21.59777],[133.85239,-21.63588],[133.84415,-21.65719],[133.83185,-21.66116],[133.80825,-21.68761],[133.79129,-21.6972],[134.28891,-21.69879],[134.28929,-21.59453],[134.94583,-21.59587],[134.94492,-21.38405],[135.33495,-21.38404],[135.33497,-21.47216],[135.66783,-21.47215],[135.72991,-21.414],[135.82304,-21.41399],[135.82187,-21.54465],[136.48993,-21.54463],[136.49013,-21.99813],[137.68144,-21.99842],[137.68145,-21.92925],[137.9976,-21.92924],[137.99525,-17.61137],[137.59205,-17.61138],[137.59204,-17.49983],[136.82632,-17.49985],[136.82631,-17.45471],[136.06164,-17.45472],[136.06076,-17.26568],[135.88099,-17.26568],[135.88097,-16.9537],[135.94022,-16.91899],[135.77639,-16.79304],[135.77639,-16.95374],[135.58461,-16.95369],[135.58463,-17.12073],[135.07538,-17.12151],[135.07553,-16.50222],[134.84788,-16.50223],[134.84788,-16.64765],[134.44261,-16.64778],[134.4426,-16.86647],[133.58829,-16.86634],[133.58829,-17.12243],[133.28928,-17.1227],[133.28175,-17.09359],[133.25937,-17.09018],[133.25938,-17.07565],[133.21156,-17.07565],[133.21156,-16.86555],[132.96289,-16.86561],[132.96376,-16.79272],[132.73735,-16.79272],[132.73737,-16.58321],[132.40202,-16.58324],[132.40204,-17.30633]],[[134.17757,-19.6954],[134.15395,-19.65928],[134.15261,-19.62328],[134.19149,-19.62673],[134.19149,-19.6229],[134.19875,-19.62288],[134.21375,-19.64753],[134.22847,-19.65627],[134.22837,-19.6758],[134.18016,-19.68774],[134.17757,-19.6954]]]}},{"type":"Feature","properties":{"SA2 Code":"702021056","SA2 Name":"Tennant Creek","SA3 Name":"Barkly","Area sq km":42.06,"State":"Northern Territory","Map Location":"Tennant Creek, Northern Territory, Australia"},"geometry":{"type":"Polygon","coordinates":[[[134.19149,-19.62673],[134.15261,-19.62328],[134.15262,-19.65261],[134.15678,-19.66533],[134.17402,-19.68529],[134.17594,-19.6954],[134.18007,-19.69542],[134.18016,-19.68774],[134.22837,-19.6758],[134.22847,-19.65627],[134.21375,-19.64753],[134.20532,-19.62798],[134.19717,-19.62271],[134.19149,-19.6229],[134.19149,-19.62673]]]}},{"type":"Feature","properties":{"SA2 Code":"702031057","SA2 Name":"Alligator","SA3 Name":"Daly - Tiwi - West Arnhem","Area sq km":33100.67,"State":"Northern Territory","Map Location":"Alligator, Northern Territory, Australia"},"geometry":{"type":"MultiPolygon","coordinates":[[[[130.7376,-12.71083],[130.70733,-12.71651],[130.70818,-12.72267],[130.69849,-12.72737],[130.68458,-12.74445],[130.69393,-12.74667],[130.68914,-12.75149],[130.67975,-12.74525],[130.69066,-12.73269],[130.68714,-12.72795],[130.66913,-12.72402],[130.6606,-12.71465],[130.63009,-12.71524],[130.62145,-12.7052],[130.61629,-12.71089],[130.63632,-12.7271],[130.63772,-12.74078],[130.64355,-12.7437],[130.63934,-12.74372],[130.63463,-12.75943],[130.62474,-12.76972],[130.6267,-12.7739],[130.63519,-12.7742],[130.62435,-12.7751],[130.6237,-12.7678],[130.62853,-12.75921],[130.62519,-12.75355],[130.63093,-12.74531],[130.62953,-12.7278],[130.6103,-12.72228],[130.60248,-12.72782],[130.60502,-12.73272],[130.59983,-12.72907],[130.60765,-12.71991],[130.59602,-12.718],[130.59453,-12.72546],[130.5851,-12.7319],[130.59114,-12.7392],[130.58464,-12.73529],[130.57948,-12.74242],[130.56992,-12.74378],[130.56949,-12.73988],[130.58073,-12.73394],[130.58325,-12.71925],[130.56723,-12.70638],[130.56033,-12.70966],[130.56103,-12.71723],[130.55861,-12.71859],[130.55727,-12.702],[130.53577,-12.71903],[130.53589,-12.71341],[130.52063,-12.7035],[130.51142,-12.71026],[130.51545,-12.72269],[130.52685,-12.72211],[130.53111,-12.72494],[130.53008,-12.73014],[130.52525,-12.73432],[130.52951,-12.74087],[130.5338,-12.73968],[130.53101,-12.74217],[130.52767,-12.74019],[130.52433,-12.73409],[130.52939,-12.72505],[130.51753,-12.72562],[130.52064,-12.73319],[130.51916,-12.75014],[130.51538,-12.74051],[130.51822,-12.7315],[130.50613,-12.71501],[130.50119,-12.71797],[130.5183,-12.69138],[130.51357,-12.66777],[130.50885,-12.66438],[130.4921,-12.66729],[130.49094,-12.66198],[130.46089,-12.63918],[130.44467,-12.64552],[130.43856,-12.63366],[130.42027,-12.64543],[130.42454,-12.65696],[130.41415,-12.66452],[130.40958,-12.66352],[130.4128,-12.65561],[130.39358,-12.66229],[130.39831,-12.67145],[130.39647,-12.68015],[130.40554,-12.68534],[130.40411,-12.70148],[130.37886,-12.67768],[130.37248,-12.68204],[130.37379,-12.67858],[130.35272,-12.66955],[130.34631,-12.71523],[130.35622,-12.73478],[130.3528,-12.79538],[130.35834,-12.80724],[130.33316,-12.88108],[130.3387,-12.88933],[130.31451,-12.90246],[130.30288,-12.91659],[130.2795,-12.93254],[130.24712,-12.94838],[130.22141,-12.94935],[130.20529,-12.94239],[130.19168,-12.92538],[130.19376,-12.91051],[130.18605,-12.91435],[130.17579,-12.91028],[130.15909,-12.92923],[130.14111,-12.93346],[130.13926,-12.95041],[130.12819,-12.9737],[130.13026,-12.98218],[130.13799,-12.98535],[130.14119,-13.00067],[130.13019,-13.02872],[130.12015,-13.07938],[130.12029,-13.08977],[130.13405,-13.10748],[130.11889,-13.1334],[130.11711,-13.16617],[130.13052,-13.17654],[130.15381,-13.17366],[130.16305,-13.17692],[130.2252,-13.2492],[130.23056,-13.26975],[130.23929,-13.28196],[130.70506,-13.28056],[130.70917,-13.29495],[130.71865,-13.29834],[130.72546,-13.29484],[130.73012,-13.30043],[130.73527,-13.32412],[130.74643,-13.33489],[130.74616,-13.34604],[130.75235,-13.34953],[130.75289,-13.38807],[130.76193,-13.3941],[130.75449,-13.40532],[130.7938,-13.45192],[130.80357,-13.48469],[130.81304,-13.49269],[130.81304,-13.5198],[130.80784,-13.52576],[130.83208,-13.52682],[130.84531,-13.54212],[130.87038,-13.53812],[130.8728,-13.52984],[130.88678,-13.52157],[130.90344,-13.50207],[130.91529,-13.50343],[130.90792,-13.47229],[130.92093,-13.4249],[130.93295,-13.41129],[130.94992,-13.41195],[130.95388,-13.41928],[130.98039,-13.43632],[130.98954,-13.43461],[130.9937,-13.44293],[131.01346,-13.44234],[131.01347,-13.48886],[131.244,-13.48886],[131.2432,-13.34852],[131.26824,-13.37297],[131.32348,-13.41095],[131.34158,-13.43636],[131.35235,-13.43937],[131.35235,-13.24795],[131.85454,-13.24795],[131.85454,-13.17573],[131.87892,-13.17574],[131.88714,-13.20146],[131.89926,-13.21326],[131.9076,-13.23084],[131.90937,-13.27429],[131.92487,-13.27946],[131.92721,-13.28614],[131.9362,-13.29011],[131.93815,-13.32419],[131.9572,-13.34832],[131.95542,-13.36214],[131.96838,-13.39665],[131.96408,-13.4109],[131.98168,-13.42869],[131.9947,-13.43194],[132.01854,-13.46291],[132.02402,-13.47681],[132.02576,-13.50612],[132.04082,-13.51246],[132.04973,-13.52817],[132.06843,-13.53623],[132.11361,-13.57702],[132.12363,-13.579],[132.12811,-13.5936],[132.13656,-13.60237],[132.15977,-13.59459],[132.17624,-13.60339],[132.18953,-13.59358],[132.20809,-13.59709],[132.22517,-13.60359],[132.2297,-13.61361],[132.24639,-13.61744],[132.28204,-13.64214],[132.28992,-13.63601],[132.30661,-13.64074],[132.30925,-13.6643],[132.32682,-13.67468],[132.32663,-13.72065],[132.34901,-13.72881],[132.35703,-13.74373],[132.35656,-13.75259],[132.36853,-13.76205],[132.36524,-13.80849],[132.48105,-13.80854],[132.48116,-13.53112],[132.42101,-13.53108],[132.42112,-13.44454],[132.40765,-13.43968],[132.40765,-13.4306],[132.42112,-13.42759],[132.42113,-13.40213],[132.99881,-13.40411],[132.99924,-12.48346],[132.9727,-12.45124],[132.97296,-12.43123],[132.96579,-12.42542],[132.96765,-12.41082],[132.97545,-12.40402],[132.97148,-12.38895],[132.97579,-12.38674],[132.97488,-12.36913],[132.98047,-12.35542],[132.97102,-12.34366],[132.97139,-12.33559],[132.95465,-12.32155],[132.95928,-12.30681],[132.95388,-12.30385],[132.95145,-12.29411],[132.95066,-12.3036],[132.94446,-12.30405],[132.93986,-12.2794],[132.92826,-12.27747],[132.92091,-12.26799],[132.91045,-12.28787],[132.90241,-12.2872],[132.89632,-12.26765],[132.88825,-12.26649],[132.88931,-12.26268],[132.8746,-12.27691],[132.87196,-12.26798],[132.87576,-12.25702],[132.8606,-12.25216],[132.85658,-12.23421],[132.83591,-12.22854],[132.83362,-12.21532],[132.82845,-12.21114],[132.80088,-12.21634],[132.80043,-12.20074],[132.79446,-12.1952],[132.78621,-12.19654],[132.78296,-12.21486],[132.77975,-12.21451],[132.77012,-12.18864],[132.78586,-12.1812],[132.78727,-12.17116],[132.75967,-12.14144],[132.71035,-12.14917],[132.69202,-12.14703],[132.65972,-12.12934],[132.59853,-12.11934],[132.56705,-12.09769],[132.56291,-12.08719],[132.55697,-12.08546],[132.55481,-12.0983],[132.51303,-12.12414],[132.48278,-12.1375],[132.44201,-12.14647],[132.41758,-12.19533],[132.41711,-12.22241],[132.38939,-12.23641],[132.35316,-12.19882],[132.33398,-12.2016],[132.29192,-12.21777],[132.28663,-12.22414],[132.27846,-12.22421],[132.26428,-12.20302],[132.26172,-12.17343],[132.2538,-12.17104],[132.24495,-12.17542],[132.23819,-12.16976],[132.22435,-12.19457],[132.19665,-12.20884],[132.1708,-12.21328],[132.14763,-12.24585],[132.11138,-12.27081],[132.07389,-12.28898],[132.06971,-12.30354],[132.02117,-12.29672],[131.93941,-12.27293],[131.91749,-12.25589],[131.91582,-12.2445],[131.90359,-12.23283],[131.90423,-12.22435],[131.89178,-12.21528],[131.87926,-12.21455],[131.8301,-12.24526],[131.75454,-12.2739],[131.66066,-12.28552],[131.54807,-12.27821],[131.4723,-12.28371],[131.42678,-12.27541],[131.38087,-12.25649],[131.33431,-12.21147],[131.31407,-12.16748],[131.32284,-12.14724],[131.31291,-12.13245],[131.32184,-12.12262],[131.31389,-12.1127],[131.32093,-12.08987],[131.29951,-12.07017],[131.29844,-12.05887],[131.30336,-12.05299],[131.30183,-12.04305],[131.29713,-12.04261],[131.28899,-12.04637],[131.26636,-12.07693],[131.27356,-12.10013],[131.25082,-12.13594],[131.25389,-12.16281],[131.23274,-12.19507],[131.22888,-12.20875],[131.23108,-12.21439],[131.24759,-12.2155],[131.2566,-12.23135],[131.27538,-12.24313],[131.28078,-12.28091],[131.29445,-12.29798],[131.27144,-12.33187],[131.28137,-12.34122],[131.282,-12.35422],[131.29425,-12.37217],[131.30946,-12.38313],[131.32055,-12.37865],[131.3276,-12.38502],[131.32414,-12.39355],[131.30789,-12.39541],[131.30803,-12.40215],[131.31638,-12.41107],[131.30249,-12.41553],[131.30131,-12.42426],[131.3167,-12.42566],[131.32075,-12.44006],[131.33203,-12.43248],[131.3407,-12.43738],[131.33986,-12.44566],[131.32734,-12.44433],[131.32329,-12.45343],[131.33079,-12.45643],[131.34155,-12.4491],[131.33849,-12.46369],[131.35368,-12.46312],[131.35407,-12.4679],[131.3437,-12.47579],[131.34723,-12.48255],[131.35818,-12.47471],[131.36881,-12.4763],[131.36268,-12.49057],[131.37997,-12.49299],[131.37605,-12.50459],[131.3801,-12.51217],[131.3949,-12.50777],[131.38916,-12.52096],[131.3964,-12.53574],[131.39268,-12.54459],[131.37468,-12.55077],[131.38564,-12.56052],[131.3801,-12.57154],[131.38818,-12.57466],[131.37964,-12.58453],[131.38688,-12.59275],[131.37494,-12.59931],[131.37762,-12.61243],[131.35597,-12.63467],[131.35779,-12.64027],[131.36849,-12.64358],[131.36797,-12.64785],[131.34807,-12.64403],[131.33901,-12.65346],[131.33226,-12.67538],[131.29742,-12.69002],[131.29314,-12.69675],[131.28246,-12.69632],[131.27312,-12.70568],[131.27518,-12.71377],[131.26956,-12.72515],[131.28336,-12.73509],[131.28249,-12.75354],[131.27504,-12.75812],[131.27162,-12.76899],[131.25474,-12.76775],[131.26036,-12.77367],[131.25924,-12.78002],[131.24158,-12.77909],[131.22098,-12.80298],[131.21333,-12.8031],[131.21914,-12.81974],[131.20834,-12.82223],[131.20844,-12.84937],[131.20302,-12.86136],[131.15825,-12.86189],[131.15827,-12.84599],[131.14229,-12.84599],[131.14215,-12.83912],[131.13496,-12.83929],[131.13436,-12.82475],[131.06866,-12.82318],[131.06868,-12.81588],[131.03875,-12.81583],[131.03874,-12.86039],[130.88921,-12.85956],[130.88926,-12.64824],[130.87981,-12.63128],[130.87143,-12.63966],[130.87162,-12.65511],[130.87089,-12.65819],[130.86976,-12.65873],[130.86877,-12.64113],[130.87659,-12.6288],[130.8693,-12.61164],[130.85897,-12.62058],[130.84872,-12.61564],[130.84616,-12.61047],[130.85735,-12.61517],[130.86802,-12.60148],[130.8672,-12.59662],[130.8498,-12.57892],[130.83882,-12.55408],[130.81606,-12.55818],[130.81954,-12.57546],[130.8284,-12.58031],[130.83094,-12.58358],[130.83095,-12.58753],[130.82403,-12.5793],[130.8142,-12.58202],[130.81181,-12.56666],[130.80511,-12.56351],[130.81166,-12.54396],[130.80498,-12.53866],[130.78706,-12.55088],[130.79446,-12.57844],[130.78367,-12.58942],[130.79013,-12.60263],[130.7853,-12.60421],[130.78038,-12.61688],[130.79217,-12.61946],[130.79185,-12.6219],[130.77992,-12.61947],[130.78127,-12.60343],[130.77713,-12.59959],[130.77471,-12.616],[130.77241,-12.60163],[130.76736,-12.60169],[130.77425,-12.59723],[130.78169,-12.57371],[130.77856,-12.55914],[130.76143,-12.56945],[130.74903,-12.58404],[130.73005,-12.58305],[130.73075,-12.59152],[130.73479,-12.59818],[130.73442,-12.60068],[130.72937,-12.59073],[130.72929,-12.58159],[130.74891,-12.57997],[130.7744,-12.54559],[130.76942,-12.52707],[130.77723,-12.52039],[130.77848,-12.50955],[130.77144,-12.49385],[130.77889,-12.47475],[130.76165,-12.48245],[130.73675,-12.52463],[130.72707,-12.52623],[130.75739,-12.48223],[130.7663,-12.43951],[130.74984,-12.42711],[130.73696,-12.42904],[130.71166,-12.42342],[130.70567,-12.41405],[130.68383,-12.41611],[130.65426,-12.39399],[130.62413,-12.38893],[130.61769,-12.38137],[130.6116,-12.39312],[130.57816,-12.40659],[130.58725,-12.42523],[130.61221,-12.43177],[130.62324,-12.44776],[130.59291,-12.45528],[130.58843,-12.4528],[130.58096,-12.46264],[130.59109,-12.47992],[130.6041,-12.48793],[130.60576,-12.50145],[130.5887,-12.50127],[130.58284,-12.5128],[130.56586,-12.56671],[130.56931,-12.57202],[130.56679,-12.58152],[130.57359,-12.59676],[130.58198,-12.59292],[130.57899,-12.58953],[130.58451,-12.59065],[130.58899,-12.58048],[130.59141,-12.58353],[130.60394,-12.57839],[130.58957,-12.5867],[130.58923,-12.59212],[130.59752,-12.59923],[130.61202,-12.60148],[130.61848,-12.61289],[130.63148,-12.60903],[130.63575,-12.6201],[130.64412,-12.6238],[130.64358,-12.62755],[130.6391,-12.63264],[130.64228,-12.63732],[130.64118,-12.64416],[130.63818,-12.63287],[130.64289,-12.62518],[130.6339,-12.61943],[130.63033,-12.61062],[130.61886,-12.61564],[130.60903,-12.60442],[130.60467,-12.61448],[130.58823,-12.62941],[130.58883,-12.65438],[130.59435,-12.65268],[130.59624,-12.65399],[130.5865,-12.66045],[130.58282,-12.62297],[130.55957,-12.62649],[130.5499,-12.6161],[130.54566,-12.6343],[130.5734,-12.65224],[130.5733,-12.66354],[130.58586,-12.68444],[130.59724,-12.67076],[130.61739,-12.67639],[130.61646,-12.66871],[130.63772,-12.68367],[130.6334,-12.68632],[130.64825,-12.68551],[130.65539,-12.69228],[130.65803,-12.68708],[130.6669,-12.69419],[130.67392,-12.69147],[130.66472,-12.70052],[130.67406,-12.70785],[130.68441,-12.70683],[130.70195,-12.69048],[130.7027,-12.69562],[130.67913,-12.7135],[130.69019,-12.71981],[130.70606,-12.71098],[130.7376,-12.71083]]],[[[130.01848,-13.11122],[130.02171,-13.18027],[130.0411,-13.18317],[130.04352,-13.17752],[130.04719,-13.17593],[130.04484,-13.17826],[130.06811,-13.18244],[130.07501,-13.17124],[130.05766,-13.15206],[130.03459,-13.15482],[130.02766,-13.15087],[130.02084,-13.14072],[130.02472,-13.1198],[130.01848,-13.11122]]],[[[130.09097,-13.19279],[130.08501,-13.20987],[130.09761,-13.22125],[130.10835,-13.2236],[130.10194,-13.19401],[130.09097,-13.19279]]],[[[132.3364,-12.09353],[132.36676,-12.11833],[132.36641,-12.12397],[132.3899,-12.13972],[132.41126,-12.13829],[132.42197,-12.12058],[132.41308,-12.08815],[132.40139,-12.07616],[132.37753,-12.07295],[132.36087,-12.08308],[132.34904,-12.0852],[132.33975,-12.08146],[132.3364,-12.09353]]],[[[131.3524,-12.09722],[131.34427,-12.1047],[131.34797,-12.11248],[131.35726,-12.10906],[131.3524,-12.09722]]],[[[132.35623,-12.15659],[132.35038,-12.15771],[132.34449,-12.17215],[132.34584,-12.18424],[132.35203,-12.18899],[132.3587,-12.18449],[132.36021,-12.17388],[132.35623,-12.15659]]],[[[130.35778,-12.66152],[130.36757,-12.67248],[130.37045,-12.66977],[130.35778,-12.66152]]],[[[130.52283,-12.57578],[130.5173,-12.55759],[130.50811,-12.5742],[130.48475,-12.58036],[130.4949,-12.5964],[130.48664,-12.62366],[130.49921,-12.64547],[130.52404,-12.66178],[130.52429,-12.70008],[130.53973,-12.7099],[130.54421,-12.70674],[130.53902,-12.69239],[130.54224,-12.6812],[130.53014,-12.66776],[130.52979,-12.65905],[130.51782,-12.65058],[130.51101,-12.61703],[130.50295,-12.61025],[130.51007,-12.5907],[130.52112,-12.59002],[130.51628,-12.58285],[130.52283,-12.57578]]],[[[130.36892,-12.64273],[130.38885,-12.64149],[130.39643,-12.62657],[130.38561,-12.61742],[130.37778,-12.61674],[130.3649,-12.62579],[130.36892,-12.64273]]],[[[130.40594,-12.57218],[130.41677,-12.59207],[130.43436,-12.57985],[130.4294,-12.56843],[130.42066,-12.56358],[130.40594,-12.57218]]],[[[130.39411,-12.59763],[130.40194,-12.60203],[130.4162,-12.59501],[130.40952,-12.58405],[130.40077,-12.58089],[130.3918,-12.58711],[130.39411,-12.59763]]],[[[130.40839,-12.60949],[130.39169,-12.60079],[130.38502,-12.60249],[130.38572,-12.60837],[130.3932,-12.613],[130.40402,-12.61458],[130.40839,-12.60949]]],[[[130.45692,-12.62239],[130.45755,-12.63775],[130.46302,-12.63651],[130.45692,-12.62239]]],[[[130.4327,-12.52412],[130.44029,-12.51822],[130.4381,-12.51337],[130.42982,-12.52186],[130.4327,-12.52412]]],[[[130.62523,-12.68847],[130.62891,-12.68519],[130.6258,-12.67977],[130.62235,-12.68486],[130.62523,-12.68847]]],[[[130.41833,-12.53746],[130.4219,-12.53735],[130.42123,-12.53285],[130.41833,-12.53746]]],[[[130.59969,-12.70092],[130.60441,-12.70114],[130.59992,-12.69934],[130.59969,-12.70092]]],[[[130.86903,-12.59165],[130.87087,-12.59131],[130.87099,-12.59006],[130.86903,-12.59165]]]]}},{"type":"Feature","properties":{"SA2 Code":"702031058","SA2 Name":"Daly","SA3 Name":"Daly - Tiwi - West Arnhem","Area sq km":34828.07,"State":"Northern Territory","Map Location":"Daly, Northern Territory, Australia"},"geometry":{"type":"MultiPolygon","coordinates":[[[[130.23929,-13.28196],[130.19082,-13.39421],[130.15751,-13.44272],[130.12523,-13.4662],[130.11726,-13.46588],[130.10637,-13.45631],[130.07196,-13.49038],[130.06415,-13.5037],[130.05869,-13.49945],[130.04243,-13.51553],[130.01927,-13.52883],[130.00837,-13.53334],[130.00046,-13.53061],[129.99497,-13.53556],[129.96169,-13.53603],[129.92863,-13.52828],[129.90989,-13.51434],[129.90109,-13.50086],[129.89743,-13.44041],[129.87839,-13.46021],[129.8694,-13.47977],[129.86895,-13.48915],[129.87925,-13.49942],[129.8767,-13.50243],[129.87324,-13.49909],[129.83119,-13.51147],[129.81732,-13.50176],[129.81663,-13.50685],[129.82773,-13.51814],[129.83483,-13.56119],[129.81473,-13.61504],[129.88378,-13.61481],[129.90245,-13.66447],[129.88416,-13.71878],[129.83248,-13.74789],[129.94795,-13.94186],[129.85768,-14.06153],[130.05128,-14.27141],[130.04647,-14.28513],[130.02423,-14.30724],[129.99035,-14.32632],[129.97042,-14.33089],[129.94039,-14.35324],[129.86503,-14.29024],[129.83431,-14.3415],[129.80791,-14.33187],[129.78371,-14.36647],[129.78428,-14.53554],[129.77623,-14.53684],[129.77961,-14.53993],[129.75631,-14.5648],[129.7563,-14.56972],[129.7412,-14.57913],[129.73029,-14.57787],[129.71891,-14.58283],[129.69238,-14.61279],[129.63678,-14.61061],[129.58363,-14.61624],[129.58067,-14.63793],[129.58919,-14.66126],[129.59776,-14.67439],[129.61928,-14.67965],[129.64495,-14.71528],[129.66466,-14.72606],[129.66731,-14.73268],[129.66281,-14.73464],[129.66221,-14.74616],[129.6724,-14.76347],[129.7344,-14.79397],[129.75847,-14.78202],[129.77473,-14.78306],[129.77603,-14.7713],[129.79405,-14.75641],[129.79823,-14.75732],[129.80066,-14.76681],[129.81005,-14.76032],[129.80403,-14.76942],[129.7938,-14.76906],[129.79147,-14.77449],[129.79555,-14.77527],[129.78624,-14.78002],[129.77681,-14.79538],[129.75414,-14.80304],[129.74948,-14.8097],[129.75654,-14.8236],[129.76898,-14.82803],[129.78456,-14.82711],[129.80084,-14.81891],[129.81269,-14.82288],[129.81164,-14.81926],[129.83594,-14.8133],[129.83734,-14.80426],[129.85618,-14.78585],[129.87257,-14.774],[129.88989,-14.77028],[129.92191,-14.78225],[129.94531,-14.77724],[129.95121,-14.78132],[129.95678,-14.79854],[129.96778,-14.8046],[130.00934,-14.80467],[130.05064,-14.79642],[130.06757,-14.80022],[130.09188,-14.78301],[130.10393,-14.7948],[130.12507,-14.79697],[130.13657,-14.78818],[130.15594,-14.78832],[130.16253,-14.7934],[130.1523,-14.79978],[130.15663,-14.81363],[130.16532,-14.81339],[130.17631,-14.80082],[130.17249,-14.79178],[130.18617,-14.80188],[130.18676,-14.81639],[130.17268,-14.81985],[130.17923,-14.82769],[130.18881,-14.8281],[130.19203,-14.83896],[130.20343,-14.84779],[130.21569,-14.8674],[130.23086,-14.86645],[130.24475,-14.88534],[130.26935,-14.88669],[130.27819,-14.8921],[130.28919,-14.8846],[130.31152,-14.88516],[130.32396,-14.87773],[130.35179,-14.87923],[130.35867,-14.86729],[130.37313,-14.8596],[130.38837,-14.87275],[130.40135,-14.87165],[130.40467,-14.85607],[130.41659,-14.84568],[130.42923,-14.85016],[130.44065,-14.87074],[130.45156,-14.87714],[130.46525,-14.86103],[130.47928,-14.85759],[130.48223,-14.84754],[130.47633,-14.83966],[130.48157,-14.83309],[130.49056,-14.83618],[130.50146,-14.85313],[130.52422,-14.84811],[130.53092,-14.82818],[130.55006,-14.84059],[130.57212,-14.82935],[130.5748,-14.82299],[130.59124,-14.83107],[130.6203,-14.82438],[130.62368,-14.83216],[130.63457,-14.81935],[130.64298,-14.8218],[130.64363,-14.66423],[131.72836,-14.66397],[131.70475,-14.65683],[131.70635,-14.63298],[131.70124,-14.61966],[131.71385,-14.59402],[131.69492,-14.56943],[131.70738,-14.56101],[131.70766,-14.5544],[131.69906,-14.53883],[131.68932,-14.53252],[131.67398,-14.50419],[131.6705,-14.48495],[131.67698,-14.4516],[131.65978,-14.4127],[131.6599,-14.40324],[131.67441,-14.39963],[131.67967,-14.3888],[131.68907,-14.39015],[131.6958,-14.37957],[131.71308,-14.37061],[131.72112,-14.36054],[131.75182,-14.36164],[131.77451,-14.34976],[131.78911,-14.35505],[131.79991,-14.3442],[131.81035,-14.32244],[131.84752,-14.31174],[131.86939,-14.29455],[131.8762,-14.28664],[131.87791,-14.26462],[131.88888,-14.26063],[131.9029,-14.24262],[131.91898,-14.23934],[131.9321,-14.21643],[131.95757,-14.20145],[131.96422,-14.19248],[131.97735,-14.19034],[131.99507,-14.19741],[132.01369,-14.19657],[132.02635,-14.18577],[132.03817,-14.1986],[132.03453,-14.18426],[132.01933,-14.17156],[131.99788,-14.13688],[131.98821,-14.1104],[131.98804,-14.08221],[131.94591,-14.0339],[132.0214,-14.03391],[132.0214,-13.80847],[132.36524,-13.80849],[132.36877,-13.79676],[132.36853,-13.76205],[132.35656,-13.75259],[132.35703,-13.74373],[132.34901,-13.72881],[132.32663,-13.72065],[132.32682,-13.67468],[132.30925,-13.6643],[132.30661,-13.64074],[132.28992,-13.63601],[132.28204,-13.64214],[132.24639,-13.61744],[132.2297,-13.61361],[132.22517,-13.60359],[132.20809,-13.59709],[132.18953,-13.59358],[132.17624,-13.60339],[132.15977,-13.59459],[132.13656,-13.60237],[132.12811,-13.5936],[132.12363,-13.579],[132.11361,-13.57702],[132.06843,-13.53623],[132.04973,-13.52817],[132.04082,-13.51246],[132.02576,-13.50612],[132.02402,-13.47681],[132.01854,-13.46291],[131.9947,-13.43194],[131.98168,-13.42869],[131.96408,-13.4109],[131.96838,-13.39665],[131.95542,-13.36214],[131.9572,-13.34832],[131.93815,-13.32419],[131.9362,-13.29011],[131.92721,-13.28614],[131.92487,-13.27946],[131.90937,-13.27429],[131.9076,-13.23084],[131.89926,-13.21326],[131.88714,-13.20146],[131.87892,-13.17574],[131.85454,-13.17573],[131.85454,-13.24795],[131.35235,-13.24795],[131.35235,-13.43937],[131.34158,-13.43636],[131.32348,-13.41095],[131.26824,-13.37297],[131.2432,-13.34852],[131.244,-13.48886],[131.01347,-13.48886],[131.01346,-13.44234],[130.9937,-13.44293],[130.98954,-13.43461],[130.98039,-13.43632],[130.95388,-13.41928],[130.94992,-13.41195],[130.93295,-13.41129],[130.92093,-13.4249],[130.90792,-13.47229],[130.91529,-13.50343],[130.90344,-13.50207],[130.88678,-13.52157],[130.8728,-13.52984],[130.87038,-13.53812],[130.84598,-13.54212],[130.83208,-13.52682],[130.80784,-13.52576],[130.81304,-13.5198],[130.81304,-13.49269],[130.80357,-13.48469],[130.7938,-13.45192],[130.75449,-13.40532],[130.76193,-13.3941],[130.75289,-13.38807],[130.75235,-13.34953],[130.74616,-13.34604],[130.74643,-13.33489],[130.73527,-13.32412],[130.73012,-13.30043],[130.72546,-13.29484],[130.71865,-13.29834],[130.70917,-13.29495],[130.70506,-13.28056],[130.23929,-13.28196]]],[[[129.69307,-14.80639],[129.71985,-14.81327],[129.73078,-14.80888],[129.73206,-14.80414],[129.70141,-14.78917],[129.67132,-14.78359],[129.67119,-14.78935],[129.69307,-14.80639]]]]}},{"type":"Feature","properties":{"SA2 Code":"702031059","SA2 Name":"Thamarrurr","SA3 Name":"Daly - Tiwi - West Arnhem","Area sq km":3373.71,"State":"Northern Territory","Map Location":"Thamarrurr, Northern Territory, Australia"},"geometry":{"type":"Polygon","coordinates":[[[129.79505,-13.77788],[129.79483,-13.78952],[129.78468,-13.78729],[129.77389,-13.7961],[129.76234,-13.81137],[129.74002,-13.82687],[129.72117,-13.85141],[129.71508,-13.89346],[129.73682,-13.89898],[129.74726,-13.9192],[129.74591,-13.947],[129.7524,-13.9522],[129.74605,-13.97514],[129.72131,-14.01343],[129.70729,-14.01454],[129.64088,-14.0472],[129.60928,-14.03561],[129.60051,-14.02383],[129.5988,-14.01049],[129.59064,-14.03286],[129.61168,-14.05358],[129.60929,-14.06959],[129.59617,-14.0834],[129.59487,-14.09123],[129.58881,-14.08719],[129.5822,-14.09278],[129.57249,-14.0815],[129.56715,-14.08386],[129.55481,-14.11187],[129.55671,-14.14216],[129.54199,-14.14453],[129.52766,-14.13],[129.53223,-14.10639],[129.54223,-14.09115],[129.53507,-14.08142],[129.53698,-14.06028],[129.52507,-14.05234],[129.52807,-14.058],[129.51583,-14.07537],[129.51715,-14.06951],[129.50603,-14.06835],[129.49138,-14.0474],[129.47898,-14.04793],[129.48648,-14.05835],[129.48632,-14.07847],[129.49952,-14.07896],[129.50247,-14.10202],[129.50791,-14.10362],[129.50492,-14.10843],[129.50154,-14.1053],[129.49826,-14.11648],[129.51203,-14.12705],[129.50714,-14.13323],[129.49638,-14.12789],[129.46385,-14.19368],[129.4568,-14.19572],[129.45322,-14.19119],[129.4311,-14.22639],[129.40929,-14.23594],[129.41159,-14.27946],[129.4184,-14.27713],[129.41448,-14.28252],[129.41944,-14.29112],[129.41052,-14.28827],[129.39351,-14.31682],[129.3819,-14.32176],[129.36701,-14.3381],[129.37389,-14.35473],[129.36073,-14.3825],[129.35677,-14.42363],[129.37929,-14.41941],[129.39795,-14.42647],[129.40179,-14.42189],[129.39797,-14.41822],[129.39785,-14.41613],[129.40237,-14.42151],[129.40061,-14.42828],[129.42073,-14.44993],[129.41816,-14.45874],[129.42266,-14.46734],[129.43446,-14.47879],[129.44456,-14.47599],[129.45116,-14.48358],[129.4474,-14.49962],[129.45319,-14.50506],[129.47446,-14.49099],[129.46861,-14.46057],[129.45399,-14.44639],[129.46261,-14.45106],[129.46474,-14.44181],[129.464,-14.45151],[129.47001,-14.4582],[129.48166,-14.44965],[129.47187,-14.45945],[129.47747,-14.4954],[129.48268,-14.50095],[129.49662,-14.4907],[129.50688,-14.47174],[129.49043,-14.46017],[129.50226,-14.46223],[129.50885,-14.47197],[129.52306,-14.46556],[129.51372,-14.47187],[129.51683,-14.47445],[129.50814,-14.47479],[129.5012,-14.49081],[129.48824,-14.50334],[129.51429,-14.53008],[129.52627,-14.55229],[129.53183,-14.54777],[129.55692,-14.55081],[129.56676,-14.56255],[129.66934,-14.58049],[129.70106,-14.56359],[129.78428,-14.53554],[129.78371,-14.36647],[129.80791,-14.33187],[129.83431,-14.3415],[129.86503,-14.29024],[129.94039,-14.35324],[129.97042,-14.33089],[129.99035,-14.32632],[130.02423,-14.30724],[130.04797,-14.28288],[130.05128,-14.27141],[129.85768,-14.06153],[129.94795,-13.94186],[129.83248,-13.74789],[129.88416,-13.71878],[129.90245,-13.66447],[129.88378,-13.61481],[129.81473,-13.61504],[129.79016,-13.66691],[129.78583,-13.69291],[129.784,-13.72015],[129.79142,-13.73178],[129.78509,-13.76818],[129.78926,-13.77676],[129.79505,-13.77788]]]}},{"type":"Feature","properties":{"SA2 Code":"702031060","SA2 Name":"Tiwi Islands","SA3 Name":"Daly - Tiwi - West Arnhem","Area sq km":7483.17,"State":"Northern Territory","Map Location":"Tiwi Islands, Northern Territory, Australia"},"geometry":{"type":"MultiPolygon","coordinates":[[[[130.6808,-11.42712],[130.65723,-11.40005],[130.66253,-11.39211],[130.65561,-11.37669],[130.66213,-11.37204],[130.65789,-11.36154],[130.66344,-11.34128],[130.65693,-11.33562],[130.64164,-11.35551],[130.64205,-11.36933],[130.63769,-11.37494],[130.61951,-11.38736],[130.60091,-11.38636],[130.59809,-11.39279],[130.58166,-11.40221],[130.56927,-11.39804],[130.55753,-11.38509],[130.55483,-11.36183],[130.55984,-11.35204],[130.56599,-11.35049],[130.56696,-11.34034],[130.58715,-11.34239],[130.58619,-11.33628],[130.6039,-11.32111],[130.60009,-11.30631],[130.60346,-11.30011],[130.59592,-11.28947],[130.57622,-11.2822],[130.55436,-11.26615],[130.54308,-11.28307],[130.51614,-11.28006],[130.48795,-11.26028],[130.44477,-11.20527],[130.40177,-11.16566],[130.37305,-11.16954],[130.36378,-11.25404],[130.37043,-11.26486],[130.38959,-11.27459],[130.40998,-11.3052],[130.40659,-11.31048],[130.411,-11.31415],[130.3987,-11.31751],[130.39352,-11.32432],[130.39468,-11.33544],[130.38406,-11.34601],[130.38892,-11.35049],[130.39031,-11.36589],[130.41025,-11.36456],[130.40794,-11.38206],[130.41494,-11.39702],[130.41137,-11.40829],[130.41856,-11.41145],[130.41733,-11.4167],[130.42669,-11.42734],[130.41868,-11.4559],[130.42989,-11.4634],[130.4343,-11.47569],[130.43241,-11.50347],[130.45232,-11.51689],[130.46255,-11.53723],[130.47572,-11.54036],[130.48089,-11.55015],[130.48765,-11.54894],[130.49105,-11.55732],[130.49351,-11.56649],[130.48567,-11.58132],[130.48821,-11.58739],[130.47852,-11.59416],[130.47674,-11.62064],[130.49263,-11.65493],[130.53208,-11.68058],[130.54195,-11.67244],[130.55726,-11.67429],[130.56818,-11.6855],[130.57183,-11.70135],[130.58665,-11.68983],[130.58437,-11.69861],[130.59332,-11.70525],[130.59754,-11.71723],[130.62318,-11.72452],[130.64491,-11.74974],[130.672,-11.76279],[130.68276,-11.76115],[130.67498,-11.77605],[130.68716,-11.79655],[130.72524,-11.80277],[130.75819,-11.82447],[130.80189,-11.84506],[130.86245,-11.85489],[130.92158,-11.90075],[130.93631,-11.92072],[130.93837,-11.93144],[130.95281,-11.94034],[130.97606,-11.93411],[131.01853,-11.88649],[131.04914,-11.88169],[131.08233,-11.83576],[131.107,-11.83018],[131.14655,-11.80543],[131.16068,-11.80338],[131.18248,-11.79176],[131.20011,-11.7719],[131.25643,-11.7337],[131.26549,-11.7326],[131.2813,-11.74007],[131.28942,-11.72374],[131.33258,-11.68256],[131.34198,-11.65906],[131.35877,-11.63675],[131.3717,-11.60021],[131.38028,-11.59201],[131.38027,-11.58371],[131.38707,-11.58924],[131.40489,-11.58996],[131.42661,-11.61434],[131.43214,-11.60556],[131.44815,-11.612],[131.46864,-11.60942],[131.47299,-11.60435],[131.47096,-11.58691],[131.46013,-11.58658],[131.45607,-11.58063],[131.46565,-11.56993],[131.45666,-11.56057],[131.45537,-11.55072],[131.46144,-11.51404],[131.47182,-11.4956],[131.48363,-11.48883],[131.49841,-11.46881],[131.51178,-11.46495],[131.51506,-11.47382],[131.52745,-11.47664],[131.54368,-11.45292],[131.5373,-11.44732],[131.53313,-11.42645],[131.53813,-11.4156],[131.52296,-11.39426],[131.51738,-11.39178],[131.50958,-11.39555],[131.50377,-11.38536],[131.49589,-11.38274],[131.48355,-11.39853],[131.46559,-11.38603],[131.46419,-11.3765],[131.47151,-11.37058],[131.45636,-11.35304],[131.45435,-11.34297],[131.46334,-11.33434],[131.46268,-11.32801],[131.44481,-11.3129],[131.43413,-11.31154],[131.42984,-11.3037],[131.42955,-11.29546],[131.44288,-11.28771],[131.4371,-11.26693],[131.41038,-11.2562],[131.40091,-11.25915],[131.39597,-11.26678],[131.4034,-11.28142],[131.40068,-11.29114],[131.38248,-11.29903],[131.37091,-11.28412],[131.37508,-11.26435],[131.36307,-11.26087],[131.35271,-11.25],[131.34326,-11.2491],[131.32864,-11.25631],[131.32347,-11.27479],[131.3033,-11.27375],[131.29594,-11.26736],[131.30009,-11.2509],[131.31563,-11.23592],[131.31603,-11.22892],[131.29764,-11.21155],[131.29939,-11.20389],[131.2901,-11.20125],[131.28845,-11.19411],[131.2813,-11.19952],[131.27628,-11.18975],[131.27127,-11.19815],[131.25996,-11.19031],[131.25176,-11.1927],[131.24707,-11.21888],[131.23602,-11.22547],[131.21893,-11.225],[131.20602,-11.23258],[131.20764,-11.24222],[131.19899,-11.25367],[131.19778,-11.26955],[131.20319,-11.28455],[131.19124,-11.29651],[131.19084,-11.30264],[131.19415,-11.30604],[131.2069,-11.3023],[131.21924,-11.3085],[131.22133,-11.31483],[131.20943,-11.34384],[131.20812,-11.31113],[131.19977,-11.31277],[131.1876,-11.3349],[131.17849,-11.32559],[131.17898,-11.31915],[131.16837,-11.31345],[131.17217,-11.28636],[131.16374,-11.27808],[131.16591,-11.26611],[131.14833,-11.24988],[131.13991,-11.25627],[131.12555,-11.25415],[131.11295,-11.2589],[131.11251,-11.27904],[131.08852,-11.29904],[131.09191,-11.30406],[131.07294,-11.30349],[131.06377,-11.31207],[131.04047,-11.31863],[131.04074,-11.32692],[131.05196,-11.34198],[131.0473,-11.35345],[131.03254,-11.36725],[130.99083,-11.35503],[130.98531,-11.34346],[130.98874,-11.34002],[130.92644,-11.31819],[130.92234,-11.3128],[130.89934,-11.30932],[130.84908,-11.35476],[130.80793,-11.36456],[130.77227,-11.3644],[130.76361,-11.37503],[130.70481,-11.38497],[130.69565,-11.4083],[130.69665,-11.42662],[130.6986,-11.42184],[130.70115,-11.4247],[130.72118,-11.41981],[130.73333,-11.4269],[130.74014,-11.44249],[130.75495,-11.44722],[130.75779,-11.46157],[130.77228,-11.46719],[130.76697,-11.4723],[130.76761,-11.48608],[130.79297,-11.49435],[130.80718,-11.50867],[130.81368,-11.52052],[130.81035,-11.52738],[130.7955,-11.51108],[130.76151,-11.49794],[130.7519,-11.47793],[130.73737,-11.47704],[130.72231,-11.46976],[130.71749,-11.47229],[130.71576,-11.48951],[130.71093,-11.4887],[130.69451,-11.46385],[130.70163,-11.44112],[130.69275,-11.44703],[130.68499,-11.44323],[130.6808,-11.42712]]],[[[130.16898,-11.55481],[130.16806,-11.5547],[130.16829,-11.55537],[130.16898,-11.55481]]],[[[130.65127,-11.81449],[130.64617,-11.80909],[130.6468,-11.82146],[130.65795,-11.81906],[130.66112,-11.81562],[130.6585,-11.81758],[130.65229,-11.8103],[130.65127,-11.81449]]],[[[130.6113,-11.73524],[130.61359,-11.73639],[130.61405,-11.73537],[130.6113,-11.73524]]],[[[130.6395,-11.75287],[130.61392,-11.73688],[130.61071,-11.73709],[130.60407,-11.73569],[130.59229,-11.73052],[130.58487,-11.70889],[130.5764,-11.71106],[130.56377,-11.70617],[130.55344,-11.69115],[130.53413,-11.69473],[130.51856,-11.69182],[130.49204,-11.67318],[130.46896,-11.66673],[130.46389,-11.64728],[130.46523,-11.62904],[130.46056,-11.6205],[130.46462,-11.57611],[130.4533,-11.567],[130.44976,-11.56989],[130.42906,-11.54862],[130.41221,-11.54888],[130.41122,-11.54394],[130.40046,-11.54015],[130.37621,-11.5076],[130.38137,-11.49428],[130.37795,-11.48334],[130.38902,-11.47086],[130.3926,-11.47295],[130.39794,-11.45259],[130.40375,-11.44817],[130.40061,-11.42409],[130.39408,-11.41529],[130.38694,-11.41669],[130.38357,-11.40368],[130.37182,-11.39608],[130.36102,-11.37905],[130.35391,-11.33904],[130.33863,-11.31801],[130.30296,-11.34101],[130.25218,-11.34561],[130.24777,-11.35382],[130.25321,-11.37632],[130.2465,-11.39169],[130.24905,-11.39755],[130.25669,-11.3984],[130.24935,-11.40109],[130.24148,-11.39375],[130.24452,-11.36649],[130.22634,-11.4117],[130.19583,-11.42501],[130.18571,-11.42369],[130.17989,-11.42936],[130.16998,-11.46233],[130.15028,-11.47456],[130.14826,-11.48168],[130.15127,-11.49002],[130.15672,-11.49097],[130.17307,-11.48326],[130.18602,-11.48462],[130.20378,-11.51106],[130.21435,-11.50989],[130.22412,-11.4977],[130.2312,-11.49687],[130.238,-11.50438],[130.23566,-11.52015],[130.24967,-11.52707],[130.26132,-11.52659],[130.25813,-11.53108],[130.26105,-11.53849],[130.27199,-11.54412],[130.26675,-11.54767],[130.26394,-11.56202],[130.25451,-11.53306],[130.23107,-11.52568],[130.2253,-11.50352],[130.21803,-11.51203],[130.19528,-11.51724],[130.19223,-11.53738],[130.18481,-11.53969],[130.17498,-11.55843],[130.18672,-11.57272],[130.19496,-11.57144],[130.20114,-11.58627],[130.19091,-11.64035],[130.19285,-11.64392],[130.21002,-11.64298],[130.21435,-11.63868],[130.22982,-11.64247],[130.23697,-11.66179],[130.2503,-11.66684],[130.25546,-11.67431],[130.26415,-11.66175],[130.25867,-11.67579],[130.24725,-11.67402],[130.2463,-11.67861],[130.26072,-11.69772],[130.27633,-11.6913],[130.29389,-11.69517],[130.30323,-11.72758],[130.29524,-11.72261],[130.28503,-11.69912],[130.27566,-11.6995],[130.26826,-11.70854],[130.26182,-11.70743],[130.22047,-11.67007],[130.20759,-11.69274],[130.2261,-11.69995],[130.2259,-11.70857],[130.21864,-11.71782],[130.23444,-11.72561],[130.23417,-11.74052],[130.22576,-11.72664],[130.21043,-11.71862],[130.22271,-11.7027],[130.20425,-11.69547],[130.21456,-11.66423],[130.20231,-11.64943],[130.15805,-11.70586],[130.1259,-11.70344],[130.09059,-11.67102],[130.07632,-11.6689],[130.06901,-11.68651],[130.07196,-11.72296],[130.06205,-11.75066],[130.07354,-11.76486],[130.05688,-11.76625],[130.0439,-11.75539],[130.03345,-11.75576],[130.02052,-11.77637],[130.02394,-11.79811],[130.0495,-11.824],[130.0655,-11.81836],[130.08459,-11.82506],[130.09906,-11.82044],[130.11868,-11.82721],[130.13128,-11.82505],[130.31347,-11.77072],[130.35778,-11.78086],[130.3923,-11.80105],[130.42382,-11.8055],[130.44415,-11.81695],[130.45642,-11.81402],[130.49949,-11.82963],[130.51116,-11.83039],[130.54607,-11.81942],[130.56826,-11.8208],[130.56367,-11.81656],[130.56832,-11.81121],[130.56985,-11.81755],[130.58257,-11.82703],[130.60575,-11.82701],[130.6188,-11.80963],[130.64077,-11.76036],[130.6395,-11.75287]]],[[[130.65656,-11.3213],[130.66121,-11.32767],[130.66506,-11.32668],[130.66086,-11.3146],[130.65656,-11.3213]]],[[[130.40661,-11.42641],[130.40981,-11.42748],[130.40845,-11.42206],[130.40661,-11.42641]]],[[[130.57027,-11.36121],[130.56824,-11.36366],[130.57031,-11.3643],[130.57027,-11.36121]]]]}},{"type":"Feature","properties":{"SA2 Code":"702031061","SA2 Name":"West Arnhem","SA3 Name":"Daly - Tiwi - West Arnhem","Area sq km":33509.24,"State":"Northern Territory","Map Location":"West Arnhem, Northern Territory, Australia"},"geometry":{"type":"MultiPolygon","coordinates":[[[[132.5356,-11.58156],[132.55009,-11.61135],[132.59789,-11.6413],[132.59717,-11.65419],[132.58553,-11.65806],[132.57471,-11.65557],[132.5564,-11.63656],[132.50574,-11.63672],[132.50104,-11.64688],[132.50051,-11.68178],[132.51905,-11.68764],[132.5411,-11.719],[132.59283,-11.73],[132.62534,-11.72404],[132.63425,-11.71831],[132.64484,-11.72801],[132.62343,-11.74697],[132.61976,-11.7588],[132.59656,-11.76821],[132.58045,-11.78754],[132.59646,-11.80599],[132.61886,-11.80834],[132.63618,-11.82114],[132.64922,-11.85893],[132.64557,-11.87386],[132.65532,-11.88982],[132.64155,-11.90067],[132.63825,-11.9452],[132.61875,-12.01509],[132.62566,-12.05444],[132.62258,-12.07285],[132.62896,-12.08691],[132.57717,-12.10587],[132.60508,-12.122],[132.65972,-12.12934],[132.69939,-12.14903],[132.75967,-12.14144],[132.78727,-12.17116],[132.78586,-12.1812],[132.77012,-12.18864],[132.77975,-12.21451],[132.78296,-12.21486],[132.78621,-12.19654],[132.79446,-12.1952],[132.80043,-12.20074],[132.80088,-12.21634],[132.82845,-12.21114],[132.83362,-12.21532],[132.83591,-12.22854],[132.85658,-12.23421],[132.8606,-12.25216],[132.87576,-12.25702],[132.87196,-12.26798],[132.8746,-12.27691],[132.88931,-12.26268],[132.88825,-12.26649],[132.89632,-12.26765],[132.90241,-12.2872],[132.91045,-12.28787],[132.92091,-12.26799],[132.92826,-12.27747],[132.93986,-12.2794],[132.94446,-12.30405],[132.95066,-12.3036],[132.95145,-12.29411],[132.95388,-12.30385],[132.95928,-12.30681],[132.95465,-12.32155],[132.97139,-12.33559],[132.97102,-12.34366],[132.98047,-12.35542],[132.97488,-12.36913],[132.97579,-12.38674],[132.97148,-12.38895],[132.97545,-12.40402],[132.96765,-12.41082],[132.96579,-12.42542],[132.97296,-12.43123],[132.9727,-12.45124],[132.99924,-12.48346],[132.99899,-13.12778],[134.84168,-13.13556],[134.85682,-13.09897],[134.88727,-13.0799],[134.90971,-13.04625],[134.91271,-13.02517],[134.93296,-13.00084],[134.94333,-13.00566],[134.97133,-12.99031],[135.0,-13.00162],[135.0,-12.88334],[134.79129,-12.88329],[134.64838,-12.87664],[134.65507,-12.86459],[134.6518,-12.8601],[134.65569,-12.85611],[134.65092,-12.85143],[134.65539,-12.83531],[134.66919,-12.81903],[134.66479,-12.78967],[134.66843,-12.77076],[134.69623,-12.72993],[134.693,-12.72085],[134.69727,-12.70117],[134.70894,-12.68992],[134.72027,-12.65535],[134.74682,-12.63952],[134.7539,-12.62001],[134.76239,-12.61688],[134.77136,-12.60324],[134.76831,-12.59682],[134.77272,-12.58898],[134.76638,-12.5838],[134.77019,-12.57589],[134.76739,-12.57162],[134.77364,-12.56568],[134.76667,-12.53515],[134.76667,-12.23333],[134.80583,-12.17],[134.80639,-12.10889],[134.76488,-12.08792],[134.76427,-11.99551],[134.77057,-11.97982],[134.76639,-11.97037],[134.77312,-11.96294],[134.75958,-11.95137],[134.74619,-11.94918],[134.74332,-11.95868],[134.72028,-11.9598],[134.70876,-11.9664],[134.68937,-11.96203],[134.65717,-12.01568],[134.60453,-12.05049],[134.49557,-12.07267],[134.47098,-12.07231],[134.46657,-12.06524],[134.4195,-12.06596],[134.40038,-12.05994],[134.39567,-12.05262],[134.37163,-12.04866],[134.3652,-12.04349],[134.36223,-12.0468],[134.30779,-12.0102],[134.28626,-11.98334],[134.26023,-11.98886],[134.24596,-11.98458],[134.25393,-12.01543],[134.25382,-12.03458],[134.24256,-12.03933],[134.2284,-12.03707],[134.19363,-12.07516],[134.18906,-12.10439],[134.17982,-12.11684],[134.17909,-12.12465],[134.18571,-12.13485],[134.18238,-12.13552],[134.17225,-12.1242],[134.16233,-12.10106],[134.19425,-12.02959],[134.1809,-12.0155],[134.1825,-11.99429],[134.17327,-12.00267],[134.15623,-11.99351],[134.15113,-11.98459],[134.15318,-11.96827],[134.17007,-11.97201],[134.17579,-11.95618],[134.16792,-11.95535],[134.13549,-11.9203],[134.13155,-11.90006],[134.12083,-11.89671],[134.12228,-11.90643],[134.10987,-11.90818],[134.10217,-11.92438],[134.09588,-11.92843],[134.08563,-11.92677],[134.07581,-11.93652],[134.06886,-11.91749],[134.0808,-11.90462],[134.07563,-11.90048],[134.07873,-11.89788],[134.06355,-11.8917],[134.06428,-11.86995],[134.03889,-11.85532],[134.00543,-11.86394],[133.99244,-11.88749],[133.98007,-11.89787],[133.93221,-11.91884],[133.92275,-11.91648],[133.91592,-11.92094],[133.9131,-11.90711],[133.90417,-11.90713],[133.89445,-11.91431],[133.88862,-11.91282],[133.89529,-11.91225],[133.89161,-11.90811],[133.88073,-11.91254],[133.87613,-11.90843],[133.87732,-11.90122],[133.85913,-11.87825],[133.84303,-11.88036],[133.83914,-11.87698],[133.82322,-11.84131],[133.83447,-11.83346],[133.84727,-11.81359],[133.86758,-11.80559],[133.89068,-11.81307],[133.90237,-11.80643],[133.90582,-11.78572],[133.91532,-11.77458],[133.92455,-11.7687],[133.93324,-11.77107],[133.93432,-11.77655],[133.94117,-11.7711],[133.92852,-11.7653],[133.91848,-11.74443],[133.899,-11.75526],[133.8679,-11.75509],[133.84965,-11.7466],[133.8372,-11.72344],[133.81459,-11.73094],[133.79446,-11.7256],[133.778,-11.74077],[133.77948,-11.75522],[133.77349,-11.76273],[133.73954,-11.78314],[133.69136,-11.78368],[133.66855,-11.77603],[133.66478,-11.7803],[133.67711,-11.7834],[133.67915,-11.78918],[133.65666,-11.80939],[133.66394,-11.81935],[133.65002,-11.82623],[133.63868,-11.82612],[133.63069,-11.83715],[133.62349,-11.83512],[133.61117,-11.84335],[133.60419,-11.83946],[133.59858,-11.83292],[133.60722,-11.8174],[133.60495,-11.8111],[133.56338,-11.80845],[133.5552,-11.82583],[133.54275,-11.82478],[133.53139,-11.86166],[133.51768,-11.87705],[133.51309,-11.86323],[133.51893,-11.86067],[133.52936,-11.84241],[133.52438,-11.82224],[133.53265,-11.81107],[133.53464,-11.80028],[133.52901,-11.79178],[133.53969,-11.77047],[133.53434,-11.761],[133.50152,-11.78206],[133.47961,-11.782],[133.47731,-11.7905],[133.45621,-11.80248],[133.44691,-11.79055],[133.44758,-11.77916],[133.43693,-11.77471],[133.40854,-11.7803],[133.39815,-11.76859],[133.39793,-11.75769],[133.41423,-11.75805],[133.40945,-11.74744],[133.41527,-11.74063],[133.40188,-11.73275],[133.38293,-11.75456],[133.36859,-11.75834],[133.37596,-11.76851],[133.36958,-11.77711],[133.35725,-11.77735],[133.35243,-11.76528],[133.32288,-11.77114],[133.31651,-11.76784],[133.30737,-11.74225],[133.31647,-11.72523],[133.33994,-11.72801],[133.34471,-11.71941],[133.35358,-11.71947],[133.34994,-11.7017],[133.33986,-11.694],[133.29506,-11.70306],[133.28358,-11.71807],[133.24925,-11.73288],[133.19119,-11.72557],[133.15283,-11.70696],[133.13164,-11.6745],[133.13045,-11.66374],[133.10561,-11.63457],[133.09384,-11.59257],[133.07089,-11.55554],[133.06899,-11.54463],[133.07564,-11.52032],[133.04605,-11.5045],[133.00723,-11.43325],[132.99718,-11.42531],[132.96887,-11.41769],[132.94948,-11.38545],[132.94563,-11.36884],[132.93401,-11.36458],[132.92525,-11.33843],[132.91826,-11.33226],[132.89803,-11.34063],[132.89044,-11.33336],[132.87239,-11.33014],[132.86505,-11.34017],[132.88045,-11.34793],[132.89026,-11.35857],[132.89313,-11.3715],[132.90233,-11.37497],[132.9092,-11.38468],[132.89987,-11.40311],[132.90306,-11.41934],[132.89574,-11.42705],[132.88292,-11.42972],[132.87361,-11.41762],[132.85846,-11.41413],[132.84896,-11.3926],[132.82358,-11.40418],[132.82572,-11.42029],[132.80791,-11.44181],[132.78456,-11.44618],[132.77845,-11.47],[132.76621,-11.47971],[132.76433,-11.48773],[132.74761,-11.49573],[132.73414,-11.51813],[132.71814,-11.52402],[132.6937,-11.51423],[132.68415,-11.51871],[132.66839,-11.51624],[132.65567,-11.50564],[132.63959,-11.48158],[132.63404,-11.46235],[132.63598,-11.44058],[132.62243,-11.41151],[132.60033,-11.40591],[132.58574,-11.39538],[132.57093,-11.37352],[132.55719,-11.36576],[132.54767,-11.34269],[132.53281,-11.33975],[132.52034,-11.3455],[132.51256,-11.33074],[132.50185,-11.33022],[132.50458,-11.31868],[132.51801,-11.3175],[132.50591,-11.31165],[132.51285,-11.30396],[132.50789,-11.29806],[132.5102,-11.2925],[132.49662,-11.30062],[132.48707,-11.30006],[132.49787,-11.28237],[132.50565,-11.28498],[132.50692,-11.2723],[132.4777,-11.25943],[132.45098,-11.21789],[132.43352,-11.21172],[132.41988,-11.22716],[132.41439,-11.23904],[132.42209,-11.24968],[132.42319,-11.26183],[132.41466,-11.2707],[132.4089,-11.2643],[132.40357,-11.26925],[132.40388,-11.28996],[132.39797,-11.30016],[132.38586,-11.29718],[132.3855,-11.28758],[132.37719,-11.29672],[132.37347,-11.29506],[132.37516,-11.28146],[132.38022,-11.2769],[132.37824,-11.26512],[132.37407,-11.26427],[132.38042,-11.24817],[132.38303,-11.20825],[132.36548,-11.19405],[132.3577,-11.15018],[132.34197,-11.13492],[132.3442,-11.12014],[132.33391,-11.11647],[132.33271,-11.12161],[132.3391,-11.12546],[132.33901,-11.14141],[132.33089,-11.1526],[132.32004,-11.15613],[132.32026,-11.1679],[132.30851,-11.1743],[132.28834,-11.1655],[132.26572,-11.17619],[132.26812,-11.19101],[132.27496,-11.19936],[132.26552,-11.21467],[132.28228,-11.23255],[132.28358,-11.24075],[132.27836,-11.2459],[132.28831,-11.26339],[132.28255,-11.2673],[132.28226,-11.27489],[132.2623,-11.25963],[132.25573,-11.2406],[132.25767,-11.23417],[132.25251,-11.23406],[132.25059,-11.22207],[132.24111,-11.22008],[132.24429,-11.19778],[132.22817,-11.1947],[132.22689,-11.17968],[132.21848,-11.18529],[132.21125,-11.18365],[132.19514,-11.16383],[132.19102,-11.14769],[132.19413,-11.14344],[132.18761,-11.13112],[132.16264,-11.1304],[132.13562,-11.12238],[132.1446,-11.13435],[132.14182,-11.15492],[132.16267,-11.16135],[132.16178,-11.18497],[132.171,-11.18636],[132.18613,-11.20455],[132.19494,-11.20762],[132.20028,-11.22448],[132.19056,-11.24113],[132.18084,-11.24142],[132.19027,-11.24725],[132.19852,-11.26798],[132.1917,-11.28125],[132.19595,-11.2859],[132.19402,-11.29661],[132.17612,-11.31378],[132.17327,-11.32351],[132.18891,-11.30485],[132.19814,-11.30164],[132.22784,-11.32186],[132.22788,-11.32842],[132.23737,-11.34011],[132.23184,-11.35106],[132.23258,-11.36381],[132.22302,-11.37044],[132.19471,-11.35071],[132.1847,-11.36232],[132.18891,-11.38052],[132.20152,-11.38416],[132.1988,-11.39807],[132.20899,-11.4005],[132.2093,-11.414],[132.20449,-11.41693],[132.19845,-11.41709],[132.19555,-11.40969],[132.17744,-11.39711],[132.18186,-11.41623],[132.17582,-11.4218],[132.17045,-11.42067],[132.16718,-11.41401],[132.17063,-11.40821],[132.15304,-11.39242],[132.15768,-11.38998],[132.15815,-11.38196],[132.14533,-11.38276],[132.14687,-11.37768],[132.15519,-11.3757],[132.15484,-11.36133],[132.14857,-11.36122],[132.14614,-11.35637],[132.14989,-11.33357],[132.15691,-11.32298],[132.14123,-11.3154],[132.13763,-11.29694],[132.12588,-11.31308],[132.12357,-11.35078],[132.10957,-11.32864],[132.10066,-11.32996],[132.10822,-11.31595],[132.09905,-11.30399],[132.10613,-11.29009],[132.11443,-11.28815],[132.11742,-11.27409],[132.11462,-11.2688],[132.10029,-11.27441],[132.09661,-11.26272],[132.10623,-11.2568],[132.11491,-11.2345],[132.11163,-11.22682],[132.11448,-11.21184],[132.11044,-11.20925],[132.1092,-11.21813],[132.0984,-11.22751],[132.09966,-11.23229],[132.08643,-11.2327],[132.07926,-11.22483],[132.08317,-11.21917],[132.07606,-11.2107],[132.08352,-11.19511],[132.07288,-11.19794],[132.06713,-11.19186],[132.07598,-11.17981],[132.06861,-11.17524],[132.06969,-11.18316],[132.05528,-11.19186],[132.05992,-11.19965],[132.0572,-11.2025],[132.05286,-11.19639],[132.05123,-11.20065],[132.04658,-11.19968],[132.04868,-11.19239],[132.03819,-11.19348],[132.02988,-11.17914],[132.01188,-11.1304],[131.99424,-11.12511],[131.98164,-11.13114],[131.97353,-11.129],[131.97099,-11.13618],[131.97109,-11.14182],[131.97752,-11.14224],[131.98718,-11.15244],[131.98846,-11.17665],[131.99557,-11.17387],[131.98297,-11.1811],[131.97051,-11.17147],[131.96192,-11.1793],[131.97176,-11.19112],[131.97103,-11.20051],[131.98069,-11.20605],[131.98748,-11.21958],[131.97311,-11.23653],[131.96156,-11.23025],[131.96523,-11.24582],[131.9617,-11.25322],[131.94596,-11.24509],[131.94576,-11.25268],[131.92892,-11.25919],[131.92658,-11.25151],[131.93206,-11.24409],[131.92825,-11.23572],[131.92082,-11.23439],[131.91612,-11.2196],[131.90701,-11.22108],[131.90455,-11.21623],[131.91264,-11.20759],[131.90396,-11.20642],[131.9027,-11.19603],[131.88146,-11.18572],[131.88324,-11.18213],[131.87617,-11.19407],[131.87762,-11.20186],[131.8869,-11.20838],[131.87997,-11.2181],[131.88085,-11.23521],[131.87602,-11.23493],[131.86868,-11.21983],[131.85867,-11.22274],[131.86056,-11.20955],[131.83961,-11.22742],[131.83193,-11.22441],[131.83187,-11.21688],[131.82255,-11.20699],[131.81529,-11.21293],[131.8166,-11.22184],[131.82945,-11.23327],[131.83728,-11.2481],[131.84886,-11.25352],[131.8473,-11.26247],[131.85708,-11.2736],[131.85205,-11.28145],[131.84405,-11.28529],[131.82551,-11.27959],[131.8106,-11.26608],[131.7998,-11.26764],[131.79286,-11.27096],[131.80557,-11.27902],[131.8049,-11.29491],[131.79911,-11.29872],[131.78048,-11.29189],[131.77723,-11.3014],[131.78199,-11.30559],[131.77755,-11.31176],[131.77032,-11.30906],[131.77339,-11.30241],[131.75943,-11.3007],[131.76522,-11.30911],[131.76387,-11.31681],[131.77685,-11.32564],[131.83969,-11.31447],[131.86007,-11.29373],[131.885,-11.30373],[131.89163,-11.31256],[131.90096,-11.31317],[131.91509,-11.32534],[131.93107,-11.3249],[131.9334,-11.31693],[131.9436,-11.32028],[131.94645,-11.3254],[131.92686,-11.33703],[131.92114,-11.35324],[131.91687,-11.35437],[131.91851,-11.35901],[131.93099,-11.36599],[131.92894,-11.35837],[131.93765,-11.35145],[131.95057,-11.35279],[131.95638,-11.34312],[131.96607,-11.34293],[131.97395,-11.3455],[131.97621,-11.35188],[131.97474,-11.35858],[131.96543,-11.36136],[131.9681,-11.3693],[131.98493,-11.37756],[131.97935,-11.38463],[131.95993,-11.38141],[131.94082,-11.39228],[131.94026,-11.39695],[131.96238,-11.4113],[131.98608,-11.40223],[131.9947,-11.40454],[131.98634,-11.42255],[131.99333,-11.42931],[132.01174,-11.43123],[132.04281,-11.42129],[132.06007,-11.43221],[132.05465,-11.44066],[132.05926,-11.44716],[132.04907,-11.45974],[132.03597,-11.45662],[132.03121,-11.45994],[132.03481,-11.48301],[132.04188,-11.49142],[132.05665,-11.49754],[132.0661,-11.52386],[132.08344,-11.53146],[132.10626,-11.53136],[132.11588,-11.54046],[132.12367,-11.52682],[132.11569,-11.5172],[132.12911,-11.51566],[132.13245,-11.52219],[132.13905,-11.52183],[132.15025,-11.51186],[132.14973,-11.50345],[132.16241,-11.50032],[132.17262,-11.49007],[132.19493,-11.49083],[132.21107,-11.46979],[132.23788,-11.45598],[132.30392,-11.46567],[132.35503,-11.44137],[132.40172,-11.45496],[132.42901,-11.45195],[132.45699,-11.45729],[132.48423,-11.4856],[132.51113,-11.47027],[132.52697,-11.46873],[132.52907,-11.472],[132.49859,-11.48941],[132.4957,-11.49845],[132.49903,-11.50845],[132.51301,-11.5199],[132.53057,-11.52156],[132.52389,-11.53794],[132.52617,-11.54707],[132.53837,-11.5547],[132.55469,-11.55544],[132.54691,-11.57094],[132.54912,-11.57423],[132.5356,-11.58156]]],[[[132.99043,-11.06696],[132.99396,-11.0883],[133.00484,-11.08804],[133.017,-11.06796],[132.97801,-11.04416],[132.97887,-11.05474],[132.99043,-11.06696]]],[[[132.85437,-11.0605],[132.86328,-11.05796],[132.86935,-11.0612],[132.87206,-11.05992],[132.87752,-11.04797],[132.8591,-11.04518],[132.85437,-11.0605]]],[[[132.82462,-10.97772],[132.82556,-10.99912],[132.83272,-10.97401],[132.83101,-10.96733],[132.82752,-10.97278],[132.82179,-10.96683],[132.81845,-10.97315],[132.8215,-10.97675],[132.8205,-10.97186],[132.82166,-10.97099],[132.82462,-10.97772]]],[[[133.02817,-10.90841],[133.0267,-10.91279],[133.03754,-10.91036],[133.04365,-10.90675],[133.02817,-10.90841]]],[[[134.21168,-11.89188],[134.2129,-11.88988],[134.21136,-11.88939],[134.21168,-11.89188]]],[[[132.90369,-11.14344],[132.89597,-11.14033],[132.8784,-11.14721],[132.86357,-11.14],[132.85703,-11.14804],[132.87148,-11.15536],[132.8763,-11.17079],[132.90147,-11.16012],[132.92041,-11.16969],[132.9144,-11.1588],[132.91782,-11.1405],[132.90369,-11.14344]]],[[[132.28828,-11.10198],[132.28873,-11.1048],[132.29023,-11.10108],[132.28828,-11.10198]]],[[[132.45708,-11.02385],[132.45866,-11.02826],[132.45914,-11.0225],[132.45708,-11.02385]]],[[[132.82465,-11.02015],[132.82687,-11.00059],[132.8181,-11.01478],[132.81688,-11.02406],[132.82465,-11.02015]]],[[[132.4484,-11.6231],[132.45946,-11.62873],[132.46383,-11.62102],[132.45115,-11.61722],[132.4484,-11.6231]]],[[[132.7305,-11.29633],[132.73274,-11.2849],[132.71956,-11.28459],[132.71979,-11.28973],[132.7305,-11.29633]]],[[[132.78228,-11.31614],[132.78502,-11.31665],[132.78574,-11.31611],[132.78228,-11.31614]]],[[[131.94876,-11.47393],[131.95939,-11.48873],[131.96496,-11.48444],[131.95517,-11.47305],[131.94876,-11.47393]]],[[[134.17178,-12.11308],[134.18501,-12.09722],[134.1824,-12.08712],[134.17257,-12.09013],[134.16482,-12.10127],[134.17178,-12.11308]]],[[[134.21398,-11.95347],[134.20812,-11.96235],[134.21748,-11.96401],[134.22257,-11.95414],[134.21398,-11.95347]]],[[[134.6667,-11.91757],[134.66832,-11.91791],[134.66693,-11.91724],[134.6667,-11.91757]]],[[[132.11114,-11.61163],[132.11404,-11.62434],[132.13264,-11.6281],[132.14976,-11.60903],[132.13058,-11.56521],[132.12278,-11.56491],[132.11408,-11.57621],[132.12052,-11.58202],[132.1215,-11.59292],[132.11114,-11.61163]]],[[[132.29984,-11.59335],[132.31881,-11.59873],[132.3171,-11.59345],[132.32491,-11.58176],[132.30441,-11.56368],[132.29633,-11.58567],[132.29984,-11.59335]]],[[[132.3316,-11.5377],[132.33817,-11.54058],[132.34014,-11.52379],[132.33611,-11.51482],[132.3316,-11.5377]]],[[[132.16906,-11.58727],[132.17533,-11.58581],[132.17202,-11.57722],[132.16825,-11.57951],[132.16906,-11.58727]]],[[[132.15376,-11.57216],[132.15498,-11.56139],[132.15261,-11.56575],[132.15376,-11.57216]]],[[[132.15539,-11.54144],[132.15661,-11.54129],[132.15551,-11.54052],[132.15539,-11.54144]]],[[[133.35951,-11.63694],[133.36468,-11.64716],[133.35808,-11.66596],[133.36909,-11.68212],[133.3893,-11.67166],[133.39462,-11.67467],[133.40169,-11.66159],[133.38616,-11.64164],[133.38759,-11.63434],[133.39808,-11.63542],[133.4136,-11.6257],[133.42053,-11.64628],[133.42634,-11.62967],[133.4393,-11.6273],[133.44633,-11.61801],[133.47882,-11.62399],[133.48143,-11.619],[133.4727,-11.59585],[133.46562,-11.59223],[133.44696,-11.59485],[133.43368,-11.58746],[133.40806,-11.58525],[133.39217,-11.60436],[133.34836,-11.62418],[133.35194,-11.63381],[133.35951,-11.63694]]],[[[133.39108,-11.49544],[133.40124,-11.50759],[133.39841,-11.52292],[133.38238,-11.54415],[133.38484,-11.54774],[133.40254,-11.52983],[133.41647,-11.52741],[133.42425,-11.51239],[133.43596,-11.50632],[133.45283,-11.51649],[133.49083,-11.52023],[133.49251,-11.51503],[133.49128,-11.5046],[133.48121,-11.49738],[133.47436,-11.4718],[133.46675,-11.46473],[133.42476,-11.49047],[133.39096,-11.48871],[133.39108,-11.49544]]],[[[132.77907,-11.3885],[132.79808,-11.39559],[132.80298,-11.38879],[132.7787,-11.37315],[132.77497,-11.37882],[132.77907,-11.3885]]],[[[133.31554,-11.66744],[133.32065,-11.66715],[133.32234,-11.66075],[133.31579,-11.65926],[133.31554,-11.66744]]],[[[132.72489,-11.47772],[132.7268,-11.47377],[132.72333,-11.47331],[132.72304,-11.47482],[132.72489,-11.47772]]],[[[132.58024,-11.16223],[132.59049,-11.13943],[132.59684,-11.14525],[132.60306,-11.1434],[132.61388,-11.12885],[132.60314,-11.1202],[132.5981,-11.07684],[132.58728,-11.05783],[132.58588,-11.02919],[132.57959,-11.01206],[132.58316,-10.99089],[132.58733,-10.98716],[132.59047,-10.9897],[132.59291,-10.97909],[132.5976,-10.97751],[132.59487,-10.97017],[132.58681,-10.9746],[132.56954,-10.97392],[132.56461,-10.97941],[132.55683,-10.99692],[132.56197,-11.00672],[132.56191,-11.0271],[132.54824,-11.04174],[132.52759,-11.04287],[132.52129,-11.0541],[132.50281,-11.05877],[132.48407,-11.04875],[132.46785,-11.03278],[132.46247,-11.0335],[132.46209,-11.0387],[132.46891,-11.04352],[132.47075,-11.0591],[132.4784,-11.06356],[132.4854,-11.07869],[132.49399,-11.07648],[132.50264,-11.08544],[132.50864,-11.08229],[132.51346,-11.0909],[132.50449,-11.12547],[132.51159,-11.13062],[132.50814,-11.14193],[132.49398,-11.15542],[132.48517,-11.15654],[132.47722,-11.14926],[132.46961,-11.15397],[132.47017,-11.15809],[132.47768,-11.15962],[132.49029,-11.17512],[132.50068,-11.20497],[132.51139,-11.21189],[132.53077,-11.24437],[132.54285,-11.25108],[132.54842,-11.29293],[132.55643,-11.3136],[132.56569,-11.3289],[132.58541,-11.33757],[132.58832,-11.35658],[132.60012,-11.30035],[132.60849,-11.2957],[132.61022,-11.28747],[132.61962,-11.28684],[132.6158,-11.24191],[132.61974,-11.23181],[132.60479,-11.21981],[132.60329,-11.20228],[132.6156,-11.18645],[132.63154,-11.18685],[132.62522,-11.17335],[132.62023,-11.17212],[132.61669,-11.17561],[132.60015,-11.17055],[132.60147,-11.17598],[132.59534,-11.17967],[132.58658,-11.17635],[132.58024,-11.16223]]],[[[132.65077,-11.20462],[132.6427,-11.2103],[132.64801,-11.21333],[132.65624,-11.20781],[132.66115,-11.21175],[132.68242,-11.18855],[132.6717,-11.18406],[132.6619,-11.18671],[132.65305,-11.19379],[132.65077,-11.20462]]],[[[132.18859,-11.11733],[132.191,-11.11678],[132.19026,-11.11531],[132.18859,-11.11733]]]]}},{"type":"Feature","properties":{"SA2 Code":"702041062","SA2 Name":"Anindilyakwa","SA3 Name":"East Arnhem","Area sq km":2609.04,"State":"Northern Territory","Map Location":"Anindilyakwa, Northern Territory, Australia"},"geometry":{"type":"MultiPolygon","coordinates":[[[[136.4227,-13.86113],[136.43339,-13.87768],[136.43613,-13.8935],[136.42083,-13.95027],[136.40815,-13.97633],[136.41817,-13.99601],[136.41565,-14.01527],[136.42191,-14.04657],[136.41752,-14.04749],[136.41802,-14.058],[136.43316,-14.07976],[136.42963,-14.09424],[136.44222,-14.11364],[136.44261,-14.12347],[136.42103,-14.14232],[136.42212,-14.15498],[136.41141,-14.16949],[136.32446,-14.21332],[136.3247,-14.24611],[136.35658,-14.22011],[136.39555,-14.20233],[136.43735,-14.1963],[136.45079,-14.20394],[136.45551,-14.21805],[136.49159,-14.23784],[136.52299,-14.23439],[136.53947,-14.25478],[136.54969,-14.25342],[136.56631,-14.26134],[136.5831,-14.2596],[136.58996,-14.26433],[136.6289,-14.26645],[136.63371,-14.28464],[136.64508,-14.28667],[136.64881,-14.29679],[136.66425,-14.28789],[136.68113,-14.29846],[136.67907,-14.29034],[136.69303,-14.27668],[136.70506,-14.27665],[136.73644,-14.25972],[136.75384,-14.25906],[136.76057,-14.26492],[136.78233,-14.26085],[136.80564,-14.26973],[136.81228,-14.27895],[136.80795,-14.2882],[136.80235,-14.28928],[136.81373,-14.29482],[136.82374,-14.29367],[136.81173,-14.28834],[136.81661,-14.2787],[136.82522,-14.28406],[136.82389,-14.27934],[136.82884,-14.27817],[136.82945,-14.28467],[136.84127,-14.29554],[136.84423,-14.28397],[136.85741,-14.27861],[136.8695,-14.28724],[136.87486,-14.2955],[136.87284,-14.30099],[136.88273,-14.29988],[136.88941,-14.30845],[136.89465,-14.30232],[136.90406,-14.31083],[136.89788,-14.29693],[136.9127,-14.28526],[136.91802,-14.29125],[136.93223,-14.29421],[136.93527,-14.29939],[136.94221,-14.29729],[136.95072,-14.3041],[136.95086,-14.29521],[136.93868,-14.29444],[136.93392,-14.28466],[136.94572,-14.27844],[136.96311,-14.28459],[136.94732,-14.27718],[136.94538,-14.26619],[136.93967,-14.26125],[136.94659,-14.25023],[136.95937,-14.24509],[136.95214,-14.24331],[136.95191,-14.22975],[136.94511,-14.22671],[136.951,-14.22048],[136.93615,-14.21372],[136.93336,-14.20485],[136.94106,-14.18918],[136.95228,-14.19504],[136.96319,-14.16552],[136.94396,-14.15765],[136.9273,-14.1651],[136.9197,-14.15383],[136.92983,-14.1441],[136.91384,-14.13739],[136.91018,-14.13926],[136.91415,-14.1472],[136.90841,-14.15278],[136.91713,-14.16602],[136.89576,-14.20158],[136.88049,-14.20978],[136.86382,-14.21175],[136.85401,-14.20852],[136.84241,-14.18361],[136.80639,-14.16131],[136.79972,-14.14776],[136.7877,-14.15263],[136.7763,-14.14485],[136.78152,-14.16503],[136.76966,-14.17033],[136.78793,-14.18896],[136.78414,-14.1943],[136.76298,-14.19673],[136.75163,-14.18689],[136.7292,-14.19112],[136.71073,-14.17575],[136.7042,-14.16353],[136.71649,-14.14203],[136.70475,-14.14119],[136.69879,-14.12271],[136.7017,-14.10748],[136.71063,-14.1078],[136.70837,-14.10353],[136.71279,-14.10008],[136.71955,-14.10557],[136.71253,-14.09499],[136.72369,-14.07864],[136.72045,-14.07025],[136.73687,-14.06726],[136.74081,-14.07357],[136.73719,-14.0799],[136.7517,-14.08771],[136.74711,-14.06909],[136.75048,-14.05974],[136.75831,-14.05865],[136.75901,-14.04807],[136.76603,-14.04417],[136.77393,-14.04643],[136.77665,-14.05938],[136.78643,-14.03919],[136.79635,-14.04243],[136.80636,-14.03769],[136.80683,-14.01907],[136.78967,-14.01975],[136.781,-14.02589],[136.76432,-14.00926],[136.76226,-13.98574],[136.77089,-13.95113],[136.79098,-13.91639],[136.81259,-13.90414],[136.85781,-13.91284],[136.85849,-13.89322],[136.884,-13.84281],[136.91203,-13.80756],[136.92441,-13.80653],[136.90522,-13.76413],[136.88866,-13.75394],[136.87095,-13.75662],[136.83938,-13.74541],[136.83931,-13.78031],[136.81474,-13.80192],[136.797,-13.83419],[136.79778,-13.83793],[136.81372,-13.81207],[136.83728,-13.80244],[136.84528,-13.81358],[136.84473,-13.82397],[136.83732,-13.84291],[136.82813,-13.84987],[136.8007,-13.85561],[136.79353,-13.84795],[136.77816,-13.8468],[136.75446,-13.83236],[136.72685,-13.8432],[136.7183,-13.8358],[136.72628,-13.82941],[136.72914,-13.81972],[136.71684,-13.8108],[136.71249,-13.79381],[136.7213,-13.77841],[136.73263,-13.77828],[136.73535,-13.77096],[136.72475,-13.76755],[136.71797,-13.77578],[136.69705,-13.77492],[136.68952,-13.7639],[136.69062,-13.74459],[136.6851,-13.74832],[136.68113,-13.73707],[136.68555,-13.72744],[136.69439,-13.72863],[136.70733,-13.71525],[136.72031,-13.7169],[136.7196,-13.70909],[136.73119,-13.68645],[136.72912,-13.67578],[136.73276,-13.67321],[136.72706,-13.66772],[136.73124,-13.66275],[136.72611,-13.65081],[136.71856,-13.66572],[136.71206,-13.66397],[136.71046,-13.65742],[136.6963,-13.66305],[136.69205,-13.65852],[136.69669,-13.6548],[136.69462,-13.65145],[136.68847,-13.66006],[136.68711,-13.67326],[136.67852,-13.68058],[136.67545,-13.70273],[136.66436,-13.69429],[136.66149,-13.70385],[136.64709,-13.70004],[136.64017,-13.70345],[136.63148,-13.7201],[136.62475,-13.71776],[136.61777,-13.70506],[136.63625,-13.68836],[136.61866,-13.68841],[136.61761,-13.67919],[136.61304,-13.67798],[136.60899,-13.68397],[136.59614,-13.68725],[136.59525,-13.67891],[136.57504,-13.69145],[136.57478,-13.6946],[136.58558,-13.69236],[136.59237,-13.69628],[136.59087,-13.71142],[136.58447,-13.71726],[136.58941,-13.72493],[136.61126,-13.73238],[136.618,-13.74863],[136.60769,-13.76343],[136.61506,-13.76056],[136.63108,-13.76615],[136.62933,-13.77744],[136.63834,-13.78194],[136.63146,-13.78925],[136.5941,-13.78703],[136.60095,-13.80594],[136.58264,-13.8079],[136.5807,-13.79907],[136.57502,-13.7977],[136.5716,-13.80098],[136.57404,-13.8091],[136.55223,-13.81982],[136.53922,-13.81404],[136.54258,-13.7891],[136.53083,-13.78504],[136.52382,-13.79153],[136.52457,-13.82148],[136.49505,-13.84023],[136.48196,-13.83288],[136.46287,-13.83419],[136.45713,-13.81923],[136.44775,-13.82452],[136.44901,-13.82904],[136.44045,-13.83139],[136.44035,-13.82416],[136.44626,-13.82124],[136.43471,-13.81511],[136.42257,-13.81564],[136.40923,-13.83097],[136.40781,-13.84249],[136.41819,-13.85528],[136.4149,-13.8593],[136.41651,-13.86221],[136.4227,-13.86113]]],[[[136.94773,-14.35125],[136.9528,-14.35272],[136.95288,-14.34865],[136.94773,-14.35125]]],[[[136.93005,-14.35242],[136.93553,-14.34895],[136.94039,-14.35098],[136.94233,-14.35026],[136.93304,-14.34459],[136.93005,-14.35242]]],[[[136.26866,-13.5965],[136.27243,-13.59714],[136.27557,-13.59213],[136.27063,-13.59042],[136.26866,-13.5965]]],[[[136.31759,-13.59109],[136.32359,-13.59106],[136.31918,-13.58751],[136.31759,-13.59109]]],[[[136.23446,-13.57726],[136.23454,-13.59266],[136.21982,-13.58725],[136.22564,-13.60051],[136.24771,-13.59959],[136.24563,-13.58419],[136.23446,-13.57726]]],[[[136.8204,-14.33415],[136.82302,-14.3358],[136.81752,-14.32879],[136.8204,-14.33415]]],[[[136.97257,-14.26065],[136.98377,-14.26246],[136.98498,-14.26033],[136.97585,-14.25428],[136.97257,-14.26065]]],[[[136.08566,-13.81125],[136.08832,-13.81013],[136.08902,-13.80889],[136.08566,-13.81125]]],[[[136.93369,-13.63409],[136.9277,-13.64715],[136.94164,-13.64314],[136.94572,-13.64707],[136.94958,-13.64319],[136.9515,-13.64908],[136.95829,-13.63146],[136.96365,-13.62833],[136.96073,-13.62461],[136.94916,-13.63403],[136.93369,-13.63409]]],[[[136.39914,-13.63011],[136.416,-13.63366],[136.42005,-13.63243],[136.41707,-13.6218],[136.40077,-13.6208],[136.39914,-13.63011]]],[[[136.79028,-14.09746],[136.79452,-14.10003],[136.7936,-14.09028],[136.79028,-14.09746]]],[[[136.28886,-13.78255],[136.29071,-13.78607],[136.29263,-13.78194],[136.28886,-13.78255]]],[[[136.96459,-14.22434],[136.95541,-14.22333],[136.95947,-14.22861],[136.96459,-14.22434]]],[[[136.95829,-14.29206],[136.95951,-14.29953],[136.96359,-14.30037],[136.95829,-14.29206]]],[[[136.96243,-14.24388],[136.97149,-14.24461],[136.96797,-14.24068],[136.96243,-14.24388]]],[[[136.66021,-14.31156],[136.66,-14.30647],[136.65748,-14.3041],[136.65762,-14.30719],[136.66021,-14.31156]]],[[[136.29376,-13.70431],[136.2978,-13.70441],[136.29797,-13.70239],[136.29376,-13.70431]]],[[[136.29936,-13.7039],[136.30191,-13.70378],[136.30024,-13.70216],[136.29936,-13.7039]]],[[[136.19218,-13.7734],[136.18915,-13.79537],[136.20482,-13.8099],[136.21106,-13.82424],[136.19797,-13.84886],[136.20506,-13.85707],[136.23825,-13.84698],[136.24826,-13.84986],[136.24475,-13.83735],[136.25463,-13.83209],[136.25969,-13.78503],[136.26472,-13.78377],[136.27377,-13.79332],[136.28406,-13.78768],[136.27482,-13.77422],[136.27635,-13.75674],[136.25749,-13.76037],[136.25218,-13.75302],[136.2662,-13.73749],[136.28392,-13.74081],[136.30165,-13.73628],[136.29391,-13.72362],[136.293,-13.708],[136.27389,-13.70496],[136.26912,-13.69279],[136.25282,-13.69367],[136.25494,-13.67489],[136.24428,-13.67327],[136.24225,-13.66677],[136.2361,-13.66929],[136.21293,-13.66236],[136.18133,-13.67726],[136.19261,-13.6803],[136.1875,-13.69991],[136.17376,-13.70708],[136.18092,-13.71817],[136.17348,-13.7271],[136.18175,-13.73682],[136.17181,-13.74907],[136.14429,-13.7466],[136.13933,-13.74288],[136.1393,-13.73546],[136.12848,-13.73636],[136.12255,-13.72227],[136.11292,-13.73127],[136.10995,-13.76363],[136.12056,-13.78733],[136.10554,-13.81523],[136.11838,-13.83003],[136.1354,-13.83709],[136.16847,-13.83419],[136.16923,-13.82061],[136.15596,-13.81809],[136.15742,-13.79991],[136.14491,-13.78532],[136.14998,-13.77695],[136.15477,-13.77953],[136.16843,-13.76943],[136.18457,-13.76794],[136.19218,-13.7734]]],[[[136.50544,-13.72096],[136.49529,-13.71343],[136.47136,-13.72072],[136.46679,-13.74142],[136.47184,-13.75001],[136.48977,-13.75934],[136.49862,-13.7825],[136.5191,-13.79192],[136.54139,-13.7715],[136.53121,-13.75166],[136.53863,-13.73892],[136.53417,-13.71932],[136.52851,-13.71428],[136.53093,-13.70346],[136.50983,-13.69851],[136.51814,-13.7102],[136.51551,-13.71732],[136.50544,-13.72096]]],[[[136.36688,-13.84237],[136.37305,-13.82556],[136.368,-13.81233],[136.35703,-13.80936],[136.33393,-13.83922],[136.336,-13.84431],[136.34929,-13.84594],[136.35358,-13.84177],[136.36688,-13.84237]]],[[[136.66416,-13.66544],[136.6688,-13.66361],[136.6596,-13.67979],[136.66546,-13.68473],[136.67706,-13.67739],[136.68231,-13.65859],[136.66563,-13.65393],[136.66149,-13.65661],[136.66416,-13.66544]]],[[[136.5863,-13.65381],[136.576,-13.66761],[136.59126,-13.66753],[136.60256,-13.657],[136.5863,-13.65381]]],[[[136.40045,-13.71561],[136.38618,-13.69519],[136.38024,-13.69456],[136.38427,-13.71141],[136.40045,-13.71561]]],[[[136.90473,-13.66588],[136.91392,-13.6632],[136.90861,-13.65798],[136.88695,-13.67583],[136.89779,-13.67894],[136.90473,-13.66588]]],[[[136.6321,-13.67373],[136.64266,-13.66851],[136.6403,-13.65638],[136.63178,-13.6599],[136.6321,-13.67373]]],[[[136.75432,-13.69068],[136.73818,-13.68636],[136.73348,-13.6957],[136.75047,-13.69585],[136.75432,-13.69068]]],[[[136.65449,-13.65498],[136.64352,-13.65679],[136.64707,-13.6649],[136.65377,-13.66317],[136.65449,-13.65498]]],[[[136.57209,-13.77376],[136.57429,-13.78718],[136.57853,-13.77517],[136.57209,-13.77376]]],[[[136.58213,-13.72297],[136.57047,-13.72316],[136.56971,-13.72566],[136.57879,-13.72939],[136.58213,-13.72297]]],[[[136.5316,-13.69921],[136.53797,-13.69912],[136.53373,-13.6954],[136.53979,-13.6869],[136.52954,-13.68816],[136.5316,-13.69921]]],[[[136.92654,-13.66674],[136.93661,-13.66454],[136.93725,-13.66252],[136.92934,-13.65874],[136.92654,-13.66674]]],[[[136.62298,-13.67081],[136.62895,-13.66578],[136.62896,-13.66057],[136.62124,-13.66599],[136.62298,-13.67081]]],[[[136.37957,-13.72348],[136.38089,-13.71783],[136.37905,-13.71063],[136.37732,-13.71482],[136.37957,-13.72348]]],[[[136.60749,-13.66087],[136.6007,-13.67166],[136.61001,-13.66411],[136.60749,-13.66087]]],[[[136.26504,-13.83182],[136.2662,-13.84049],[136.26715,-13.84103],[136.26504,-13.83182]]],[[[136.18287,-13.6631],[136.18278,-13.66744],[136.18472,-13.6651],[136.18287,-13.6631]]],[[[136.59154,-13.67454],[136.59207,-13.67963],[136.59442,-13.6749],[136.59154,-13.67454]]],[[[136.16821,-13.83826],[136.17065,-13.83939],[136.17099,-13.83809],[136.16821,-13.83826]]],[[[136.54504,-13.72749],[136.54672,-13.72868],[136.54748,-13.72677],[136.54504,-13.72749]]],[[[136.62756,-13.65809],[136.6291,-13.65667],[136.62676,-13.65603],[136.62756,-13.65809]]],[[[136.62438,-13.67139],[136.62571,-13.67198],[136.62626,-13.67079],[136.62438,-13.67139]]],[[[136.60761,-13.66874],[136.60909,-13.66781],[136.60909,-13.6671],[136.60761,-13.66874]]],[[[136.61032,-13.66763],[136.61116,-13.66839],[136.61076,-13.66731],[136.61032,-13.66763]]],[[[136.68725,-13.63214],[136.70179,-13.63498],[136.69538,-13.62803],[136.70226,-13.62108],[136.70033,-13.61734],[136.68614,-13.62772],[136.68725,-13.63214]]],[[[136.68902,-13.63674],[136.68024,-13.63588],[136.68349,-13.63879],[136.68027,-13.64732],[136.68783,-13.64125],[136.6844,-13.64106],[136.68902,-13.63674]]]]}},{"type":"Feature","properties":{"SA2 Code":"702041063","SA2 Name":"East Arnhem","SA3 Name":"East Arnhem","Area sq km":30989.9,"State":"Northern Territory","Map Location":"East Arnhem, Northern Territory, Australia"},"geometry":{"type":"MultiPolygon","coordinates":[[[[135.35291,-12.23102],[135.34273,-12.24666],[135.30505,-12.25853],[135.2836,-12.25409],[135.2663,-12.22493],[135.20666,-12.23486],[135.19679,-12.2329],[135.19298,-12.22596],[135.18278,-12.22994],[135.1622,-12.22473],[135.1595,-12.23276],[135.17043,-12.23113],[135.18002,-12.23829],[135.18666,-12.24636],[135.18269,-12.25445],[135.20068,-12.26301],[135.21013,-12.27494],[135.21846,-12.28888],[135.21884,-12.29456],[135.21279,-12.296],[135.19865,-12.29026],[135.19705,-12.28446],[135.17476,-12.26754],[135.16408,-12.26509],[135.15952,-12.24953],[135.15173,-12.2471],[135.1445,-12.23706],[135.13844,-12.24309],[135.12431,-12.23766],[135.11687,-12.24495],[135.09442,-12.24766],[135.08377,-12.25694],[135.05583,-12.26231],[135.03836,-12.24074],[135.00554,-12.21491],[134.98496,-12.17279],[134.97057,-12.15858],[134.93572,-12.14381],[134.90555,-12.15211],[134.88448,-12.13544],[134.85575,-12.13219],[134.84203,-12.11384],[134.84345,-12.06126],[134.83777,-12.05652],[134.79851,-12.04944],[134.77965,-12.00418],[134.76918,-12.00521],[134.76427,-11.99551],[134.76488,-12.08792],[134.80639,-12.10889],[134.80583,-12.17],[134.76667,-12.23333],[134.76667,-12.53515],[134.77364,-12.56568],[134.76739,-12.57162],[134.77019,-12.57589],[134.76638,-12.5838],[134.77272,-12.58898],[134.76831,-12.59682],[134.77136,-12.60324],[134.76239,-12.61688],[134.7539,-12.62001],[134.74682,-12.63952],[134.72027,-12.65535],[134.70894,-12.68992],[134.69727,-12.70117],[134.693,-12.72085],[134.69623,-12.72993],[134.66843,-12.77076],[134.66479,-12.78967],[134.66919,-12.81903],[134.65539,-12.83531],[134.65092,-12.85143],[134.65569,-12.85611],[134.6518,-12.8601],[134.65507,-12.86459],[134.64838,-12.87664],[134.79129,-12.88329],[135.0,-12.88334],[135.0,-14.0],[135.50215,-14.32258],[135.50114,-13.56525],[135.92096,-13.38245],[135.9209,-13.37811],[135.90588,-13.37915],[135.90109,-13.37179],[135.89168,-13.37193],[135.8799,-13.36214],[135.88788,-13.32099],[135.91316,-13.29459],[135.90913,-13.28691],[135.91872,-13.2699],[135.94699,-13.25252],[135.9644,-13.29527],[135.96374,-13.27288],[135.96994,-13.26743],[135.97578,-13.24853],[135.9761,-13.23246],[135.99823,-13.21242],[136.01669,-13.21767],[136.02347,-13.23733],[136.03036,-13.24381],[136.04158,-13.28998],[136.03615,-13.29972],[136.04637,-13.31025],[136.05343,-13.30137],[136.05441,-13.27306],[136.06207,-13.26288],[136.05015,-13.24927],[136.05006,-13.23922],[136.06158,-13.22633],[136.08078,-13.2352],[136.08441,-13.23252],[136.07811,-13.20809],[136.10774,-13.17237],[136.09819,-13.16677],[136.09744,-13.16119],[136.14524,-13.12057],[136.15255,-13.14342],[136.15036,-13.18331],[136.137,-13.19454],[136.13986,-13.20152],[136.13414,-13.20719],[136.14793,-13.22004],[136.14561,-13.23529],[136.15226,-13.24671],[136.15506,-13.26628],[136.17016,-13.27299],[136.17468,-13.2817],[136.18116,-13.28167],[136.18368,-13.27455],[136.16702,-13.26448],[136.15948,-13.25225],[136.1622,-13.24199],[136.1755,-13.23303],[136.18547,-13.24477],[136.20088,-13.24718],[136.2136,-13.23319],[136.21086,-13.22631],[136.21464,-13.20883],[136.22158,-13.2025],[136.23788,-13.20454],[136.24467,-13.21445],[136.23545,-13.18671],[136.23983,-13.17627],[136.24746,-13.17303],[136.23587,-13.16929],[136.23132,-13.15547],[136.21399,-13.15481],[136.22348,-13.14727],[136.2178,-13.14188],[136.21905,-13.13725],[136.22512,-13.13532],[136.23603,-13.14537],[136.24328,-13.14603],[136.2434,-13.13742],[136.25019,-13.13299],[136.25395,-13.12115],[136.25938,-13.13256],[136.25427,-13.14067],[136.2566,-13.1547],[136.27561,-13.15819],[136.28076,-13.15621],[136.28242,-13.14763],[136.28855,-13.14521],[136.29188,-13.14709],[136.29221,-13.14835],[136.28248,-13.14844],[136.28286,-13.16825],[136.30859,-13.1667],[136.31619,-13.15939],[136.30703,-13.14415],[136.31985,-13.1289],[136.32141,-13.11988],[136.31138,-13.10855],[136.29145,-13.10728],[136.29694,-13.09793],[136.30688,-13.09359],[136.30854,-13.07248],[136.33202,-13.04725],[136.33283,-13.03232],[136.33508,-13.04469],[136.36472,-13.05646],[136.37228,-13.07291],[136.36373,-13.09282],[136.37038,-13.1067],[136.35476,-13.11657],[136.36237,-13.12183],[136.3608,-13.12927],[136.36807,-13.13055],[136.37136,-13.13977],[136.35626,-13.1479],[136.36976,-13.16737],[136.36637,-13.19662],[136.38087,-13.20338],[136.38145,-13.21806],[136.38825,-13.22638],[136.38015,-13.24313],[136.36808,-13.25253],[136.35795,-13.25442],[136.3507,-13.246],[136.32809,-13.25019],[136.32778,-13.2568],[136.33753,-13.26696],[136.33804,-13.27743],[136.3319,-13.29025],[136.31887,-13.29873],[136.32298,-13.30907],[136.33169,-13.31189],[136.33081,-13.32417],[136.3439,-13.32573],[136.37367,-13.29139],[136.3986,-13.2445],[136.41648,-13.23436],[136.43694,-13.23088],[136.43959,-13.21791],[136.44505,-13.21706],[136.45423,-13.22449],[136.44679,-13.24846],[136.45568,-13.25502],[136.4642,-13.25113],[136.47595,-13.23441],[136.47328,-13.20639],[136.47795,-13.19008],[136.48406,-13.1855],[136.47982,-13.18156],[136.47964,-13.1692],[136.48385,-13.16086],[136.50164,-13.14169],[136.51107,-13.13944],[136.51827,-13.14191],[136.52149,-13.15186],[136.53169,-13.15424],[136.52915,-13.14666],[136.53993,-13.10918],[136.56705,-13.05917],[136.54894,-13.05484],[136.54194,-13.05781],[136.53378,-13.05258],[136.5305,-13.03367],[136.53539,-13.01884],[136.52955,-13.02261],[136.51855,-13.01514],[136.51043,-13.01578],[136.50776,-12.99634],[136.49641,-12.99384],[136.49131,-13.00087],[136.4847,-12.99745],[136.48067,-13.00717],[136.47822,-12.99557],[136.4537,-12.99176],[136.45396,-12.97922],[136.46333,-12.97326],[136.46917,-12.97897],[136.47507,-12.97704],[136.49236,-12.99225],[136.50132,-12.98244],[136.51948,-12.9763],[136.53185,-12.9919],[136.53168,-12.98226],[136.54266,-12.97845],[136.53901,-12.96989],[136.54345,-12.97215],[136.55628,-12.96404],[136.56496,-12.98042],[136.55146,-12.98707],[136.56504,-12.99171],[136.56474,-12.9979],[136.56922,-12.99868],[136.56335,-13.00561],[136.56238,-13.01868],[136.57004,-13.01359],[136.58401,-13.01856],[136.58634,-13.01115],[136.57867,-13.00535],[136.58184,-12.99861],[136.59804,-12.98971],[136.59676,-12.9797],[136.60076,-12.97451],[136.62079,-12.96778],[136.62792,-12.97452],[136.62711,-12.99425],[136.63518,-13.00244],[136.62936,-13.01702],[136.65513,-13.01577],[136.6682,-13.00429],[136.65535,-12.99283],[136.6455,-12.99094],[136.63592,-12.95516],[136.6381,-12.95014],[136.62534,-12.95289],[136.61164,-12.9368],[136.60435,-12.9381],[136.59788,-12.92968],[136.57473,-12.92434],[136.55901,-12.91364],[136.55685,-12.91936],[136.5468,-12.91615],[136.54297,-12.89552],[136.55466,-12.87998],[136.55286,-12.87386],[136.53896,-12.88122],[136.5256,-12.87359],[136.51864,-12.87536],[136.5097,-12.86751],[136.5055,-12.85082],[136.48252,-12.84308],[136.47785,-12.82804],[136.48159,-12.81629],[136.49041,-12.81327],[136.48847,-12.80134],[136.46876,-12.79461],[136.46552,-12.78062],[136.48412,-12.76849],[136.49515,-12.78363],[136.50767,-12.78985],[136.51662,-12.80617],[136.54261,-12.80656],[136.53118,-12.8006],[136.53539,-12.79207],[136.52616,-12.77439],[136.52898,-12.76509],[136.52512,-12.75818],[136.5335,-12.74429],[136.5506,-12.74008],[136.55277,-12.75064],[136.56328,-12.75437],[136.56676,-12.76292],[136.58549,-12.77052],[136.58074,-12.79864],[136.58512,-12.81808],[136.62168,-12.83949],[136.60886,-12.81485],[136.62501,-12.77239],[136.61977,-12.76575],[136.62072,-12.75674],[136.60258,-12.74666],[136.6063,-12.72254],[136.63291,-12.6991],[136.64866,-12.70254],[136.65236,-12.71164],[136.66274,-12.71185],[136.67695,-12.70404],[136.6859,-12.71262],[136.69445,-12.71062],[136.69948,-12.70341],[136.68126,-12.68758],[136.68215,-12.67196],[136.67843,-12.66809],[136.69291,-12.62785],[136.70383,-12.60967],[136.7289,-12.58434],[136.74755,-12.57403],[136.7622,-12.57735],[136.76238,-12.57197],[136.75405,-12.56509],[136.75455,-12.55625],[136.74727,-12.55103],[136.74129,-12.55473],[136.74397,-12.55965],[136.73486,-12.57092],[136.72372,-12.56277],[136.71577,-12.5719],[136.69714,-12.56916],[136.69607,-12.58666],[136.68295,-12.59081],[136.68167,-12.5986],[136.67685,-12.59363],[136.68039,-12.60357],[136.66926,-12.59057],[136.66951,-12.58436],[136.67584,-12.58121],[136.68652,-12.58811],[136.69308,-12.5862],[136.69646,-12.56464],[136.71429,-12.56626],[136.71948,-12.55667],[136.71534,-12.55722],[136.72547,-12.55318],[136.73097,-12.5629],[136.73851,-12.5538],[136.7486,-12.53378],[136.74709,-12.53058],[136.73288,-12.5355],[136.72698,-12.52853],[136.72914,-12.5229],[136.73827,-12.52517],[136.74271,-12.51907],[136.73934,-12.5104],[136.72637,-12.50323],[136.72213,-12.492],[136.72951,-12.48187],[136.72571,-12.48184],[136.75801,-12.46757],[136.7815,-12.44872],[136.79376,-12.45188],[136.79543,-12.49272],[136.79027,-12.4967],[136.77564,-12.49621],[136.77455,-12.5105],[136.76085,-12.52583],[136.77265,-12.55558],[136.77274,-12.53611],[136.78202,-12.52152],[136.80516,-12.50662],[136.84964,-12.44624],[136.87039,-12.42511],[136.89023,-12.41343],[136.90248,-12.39003],[136.94568,-12.36916],[136.96376,-12.37407],[136.96191,-12.36411],[136.97937,-12.34523],[136.965,-12.34006],[136.96573,-12.34928],[136.95442,-12.35729],[136.94345,-12.35801],[136.92155,-12.34282],[136.91026,-12.3678],[136.88185,-12.36772],[136.87905,-12.36903],[136.87387,-12.37943],[136.8707,-12.38178],[136.87776,-12.36714],[136.89765,-12.36256],[136.90834,-12.35521],[136.91512,-12.34094],[136.92653,-12.34194],[136.93048,-12.33312],[136.93381,-12.33468],[136.93778,-12.322],[136.92844,-12.30409],[136.9268,-12.28069],[136.91568,-12.27608],[136.91215,-12.28266],[136.90119,-12.2795],[136.90256,-12.24756],[136.88545,-12.24665],[136.8723,-12.21859],[136.8492,-12.21018],[136.84166,-12.21392],[136.82874,-12.20939],[136.82131,-12.21254],[136.81284,-12.20733],[136.79633,-12.1859],[136.79064,-12.18556],[136.78671,-12.16418],[136.78207,-12.15861],[136.72759,-12.17181],[136.726,-12.18137],[136.71135,-12.18677],[136.68381,-12.1825],[136.68073,-12.18632],[136.678,-12.20171],[136.68328,-12.1946],[136.6917,-12.19548],[136.69889,-12.1897],[136.71632,-12.20042],[136.72265,-12.21161],[136.72983,-12.21331],[136.73126,-12.21962],[136.72259,-12.22934],[136.72817,-12.22991],[136.73443,-12.21843],[136.74812,-12.21418],[136.75064,-12.23284],[136.76201,-12.2332],[136.76473,-12.24263],[136.75511,-12.24864],[136.74176,-12.27228],[136.72644,-12.27568],[136.72104,-12.26682],[136.71529,-12.28145],[136.70734,-12.28817],[136.6986,-12.2854],[136.69191,-12.27536],[136.68285,-12.28055],[136.66988,-12.27777],[136.66483,-12.28344],[136.66086,-12.27522],[136.64881,-12.27014],[136.6464,-12.23528],[136.62482,-12.22461],[136.60259,-12.20598],[136.5969,-12.18529],[136.57929,-12.15377],[136.58075,-12.13141],[136.58669,-12.12606],[136.58161,-12.10688],[136.59052,-12.09464],[136.58683,-12.08408],[136.5714,-12.08683],[136.56243,-12.07874],[136.54121,-12.03091],[136.53101,-11.99137],[136.51656,-11.98743],[136.50344,-11.99689],[136.50557,-12.00339],[136.49513,-12.01053],[136.50063,-12.01706],[136.49524,-12.0197],[136.49886,-12.02575],[136.49339,-12.0241],[136.49858,-12.02733],[136.49817,-12.0308],[136.49498,-12.03386],[136.49214,-12.02785],[136.49346,-12.03587],[136.48993,-12.03757],[136.49062,-12.0316],[136.48592,-12.03007],[136.48957,-12.0249],[136.47565,-12.01579],[136.46956,-12.00009],[136.46408,-12.00597],[136.45587,-12.00618],[136.45711,-12.0001],[136.45035,-12.00279],[136.44536,-11.99831],[136.44602,-11.99511],[136.45056,-12.00143],[136.45253,-11.99882],[136.44927,-11.98538],[136.45684,-11.97846],[136.47264,-11.99779],[136.46858,-11.98252],[136.47156,-11.96139],[136.49524,-11.95905],[136.54732,-11.9423],[136.58077,-11.91575],[136.58235,-11.90408],[136.56947,-11.89537],[136.56824,-11.88355],[136.56232,-11.87675],[136.55757,-11.8867],[136.57385,-11.90201],[136.56162,-11.91776],[136.54826,-11.92342],[136.54459,-11.91747],[136.53342,-11.91889],[136.5314,-11.91483],[136.52497,-11.92392],[136.52744,-11.93243],[136.52377,-11.93928],[136.51657,-11.94198],[136.51424,-11.93597],[136.50785,-11.94701],[136.49074,-11.95295],[136.4693,-11.95187],[136.46012,-11.94275],[136.44319,-11.94142],[136.44029,-11.94469],[136.44774,-11.94683],[136.4457,-11.95579],[136.43134,-11.97099],[136.42581,-11.95849],[136.41545,-11.95778],[136.38112,-11.99837],[136.38605,-12.00241],[136.38126,-12.00536],[136.3843,-12.01004],[136.37914,-12.02035],[136.36774,-12.01151],[136.36969,-12.02831],[136.35715,-12.02192],[136.35472,-12.0317],[136.34377,-12.03354],[136.34917,-12.04387],[136.34114,-12.04847],[136.34146,-12.05764],[136.33194,-12.06061],[136.32625,-12.04556],[136.32247,-12.05138],[136.3091,-12.05594],[136.30223,-12.04903],[136.26462,-12.06695],[136.26696,-12.07296],[136.24735,-12.09995],[136.24505,-12.11298],[136.23221,-12.11684],[136.22841,-12.12841],[136.23169,-12.13322],[136.21212,-12.13233],[136.21634,-12.15342],[136.20652,-12.15194],[136.19466,-12.16376],[136.17628,-12.15858],[136.16715,-12.16355],[136.17589,-12.17035],[136.16843,-12.17782],[136.16997,-12.19213],[136.19045,-12.19633],[136.20855,-12.18508],[136.21627,-12.18564],[136.22692,-12.19986],[136.22892,-12.21439],[136.29279,-12.20531],[136.3156,-12.21138],[136.32572,-12.20305],[136.33916,-12.20465],[136.35108,-12.21338],[136.36367,-12.25042],[136.37821,-12.24716],[136.37912,-12.25041],[136.34359,-12.26202],[136.34412,-12.26825],[136.35395,-12.27443],[136.3521,-12.28683],[136.34279,-12.30135],[136.33033,-12.30196],[136.3249,-12.30681],[136.33382,-12.31577],[136.33387,-12.32321],[136.32575,-12.34423],[136.30434,-12.36571],[136.30378,-12.377],[136.31136,-12.38163],[136.30411,-12.40022],[136.26841,-12.43336],[136.23606,-12.45434],[136.22022,-12.47899],[136.2172,-12.47754],[136.22469,-12.46883],[136.22312,-12.46216],[136.19637,-12.46798],[136.16041,-12.4626],[136.16018,-12.44671],[136.15113,-12.43584],[136.12177,-12.44877],[136.10764,-12.43928],[136.10407,-12.45432],[136.08537,-12.4577],[136.07323,-12.44707],[136.07584,-12.43588],[136.06423,-12.43011],[136.04699,-12.45422],[136.04633,-12.47109],[136.03721,-12.48434],[136.03321,-12.4837],[136.03658,-12.47488],[136.03085,-12.47463],[136.01647,-12.49358],[136.01775,-12.46025],[136.00468,-12.45568],[135.99616,-12.43963],[136.00095,-12.42591],[136.00839,-12.41954],[136.01481,-12.39662],[135.99937,-12.40064],[135.97808,-12.39431],[135.97187,-12.41094],[135.96656,-12.41252],[135.97607,-12.36991],[135.98559,-12.36054],[135.9958,-12.3604],[136.00811,-12.33108],[136.01727,-12.32017],[136.02323,-12.31977],[136.0191,-12.30834],[136.00709,-12.2971],[136.00887,-12.29042],[136.01638,-12.28849],[136.02943,-12.2962],[136.0333,-12.27156],[136.04283,-12.26653],[136.04748,-12.2721],[136.05392,-12.26947],[136.05892,-12.25057],[136.06295,-12.24915],[136.06104,-12.24107],[136.04865,-12.23211],[136.02683,-12.2405],[136.01347,-12.2336],[136.00169,-12.2682],[135.9895,-12.27194],[135.98353,-12.26832],[135.96893,-12.27402],[135.9546,-12.26083],[135.95622,-12.24911],[135.93112,-12.23498],[135.92858,-12.22115],[135.94279,-12.19919],[135.95559,-12.19806],[135.95341,-12.189],[135.95724,-12.1834],[135.97352,-12.18611],[135.98321,-12.15239],[136.00182,-12.12953],[136.01162,-12.12435],[136.02807,-12.08745],[136.03644,-12.08633],[136.04412,-12.07611],[136.04052,-12.07293],[136.04491,-12.06634],[136.04507,-12.06308],[136.04046,-12.06999],[136.03417,-12.06703],[136.03112,-12.0768],[136.01101,-12.07992],[136.00861,-12.08784],[136.00337,-12.08445],[135.99717,-12.09299],[136.00347,-12.10002],[135.99671,-12.10596],[136.00185,-12.10849],[136.00117,-12.1182],[135.97147,-12.13843],[135.96011,-12.13728],[135.96368,-12.14692],[135.95939,-12.1522],[135.95078,-12.15185],[135.9493,-12.13862],[135.9477,-12.15192],[135.94319,-12.15285],[135.93533,-12.14409],[135.93514,-12.15825],[135.92899,-12.16256],[135.92408,-12.16225],[135.92227,-12.14957],[135.91207,-12.15057],[135.91001,-12.15893],[135.90099,-12.16574],[135.89288,-12.19042],[135.88819,-12.17978],[135.88189,-12.1785],[135.88474,-12.17171],[135.87949,-12.16912],[135.88587,-12.14973],[135.86672,-12.15788],[135.87032,-12.16335],[135.86567,-12.17378],[135.85528,-12.16947],[135.85385,-12.18271],[135.8468,-12.18681],[135.83944,-12.1821],[135.83682,-12.19058],[135.83192,-12.19151],[135.8256,-12.18442],[135.81823,-12.19068],[135.81689,-12.20116],[135.80392,-12.19914],[135.7962,-12.21478],[135.77896,-12.22471],[135.78045,-12.2457],[135.76995,-12.27067],[135.76608,-12.25486],[135.74607,-12.26327],[135.72874,-12.29532],[135.71092,-12.31123],[135.70767,-12.30982],[135.72215,-12.28753],[135.72164,-12.28183],[135.70939,-12.26184],[135.68045,-12.24515],[135.65763,-12.21341],[135.64964,-12.18956],[135.65419,-12.15667],[135.7006,-12.12661],[135.71438,-12.10433],[135.72799,-12.10223],[135.73104,-12.09126],[135.74412,-12.09134],[135.74646,-12.08141],[135.75858,-12.0798],[135.75871,-12.06829],[135.77293,-12.04454],[135.79467,-12.03473],[135.80076,-12.02472],[135.83299,-12.00125],[135.8269,-11.99464],[135.83149,-11.98464],[135.86036,-11.98152],[135.86982,-11.97601],[135.87435,-11.97936],[135.87183,-11.98544],[135.87719,-11.98651],[135.91259,-11.95943],[135.91047,-11.95255],[135.88572,-11.96619],[135.80883,-11.98151],[135.75132,-12.00946],[135.72708,-12.00967],[135.70919,-12.02214],[135.69338,-12.02485],[135.68608,-12.03414],[135.65434,-12.03931],[135.63581,-12.06143],[135.6112,-12.07245],[135.59712,-12.08633],[135.56953,-12.10065],[135.54496,-12.08816],[135.53869,-12.06506],[135.51956,-12.06054],[135.50743,-12.08666],[135.46937,-12.11023],[135.45273,-12.11486],[135.41566,-12.11535],[135.40649,-12.10123],[135.42241,-12.08344],[135.39726,-12.08256],[135.39544,-12.0895],[135.38421,-12.09364],[135.367,-12.08494],[135.35664,-12.09418],[135.35913,-12.09866],[135.35142,-12.10741],[135.32722,-12.11293],[135.30545,-12.12477],[135.30403,-12.1364],[135.31778,-12.14425],[135.30533,-12.16156],[135.29155,-12.16695],[135.28421,-12.16447],[135.26906,-12.18006],[135.23559,-12.18263],[135.22279,-12.19002],[135.22855,-12.19425],[135.24084,-12.19347],[135.25293,-12.20758],[135.27228,-12.20725],[135.28621,-12.22713],[135.31425,-12.2425],[135.35291,-12.23102]],[[136.7688,-12.20115],[136.76236,-12.18936],[136.7685,-12.18815],[136.7685,-12.16444],[136.77877,-12.16144],[136.78982,-12.18487],[136.79148,-12.1868],[136.79623,-12.18661],[136.79623,-12.18818],[136.77283,-12.19452],[136.7688,-12.20115]]],[[[136.0781,-11.60442],[136.08552,-11.6013],[136.08907,-11.58202],[136.07677,-11.58653],[136.0781,-11.60442]]],[[[136.11138,-11.54598],[136.10839,-11.56757],[136.11443,-11.56614],[136.12244,-11.54425],[136.11138,-11.54598]]],[[[136.22837,-13.47249],[136.22921,-13.47411],[136.22993,-13.47302],[136.22837,-13.47249]]],[[[136.24356,-13.44883],[136.24528,-13.46226],[136.24652,-13.45585],[136.25261,-13.4542],[136.26814,-13.46735],[136.27294,-13.46228],[136.27035,-13.4553],[136.25412,-13.44649],[136.24664,-13.43605],[136.23858,-13.44278],[136.24356,-13.44883]]],[[[136.66803,-12.87028],[136.67655,-12.87799],[136.67792,-12.87678],[136.67501,-12.87029],[136.66803,-12.87028]]],[[[136.78445,-12.0427],[136.78677,-12.04339],[136.78764,-12.0424],[136.78445,-12.0427]]],[[[136.67731,-11.82331],[136.64282,-11.83951],[136.66792,-11.8379],[136.68848,-11.82184],[136.67731,-11.82331]]],[[[136.04268,-11.80187],[136.05022,-11.78546],[136.04064,-11.78316],[136.02781,-11.81266],[136.04268,-11.80187]]],[[[135.30771,-11.7295],[135.30903,-11.7296],[135.30848,-11.72857],[135.30771,-11.7295]]],[[[136.15476,-11.69797],[136.14573,-11.68407],[136.13758,-11.6828],[136.14066,-11.69749],[136.12487,-11.71101],[136.13093,-11.72552],[136.14185,-11.71957],[136.15386,-11.70558],[136.15476,-11.69797]]],[[[135.15225,-11.69999],[135.16124,-11.70828],[135.16691,-11.70916],[135.16943,-11.70329],[135.16179,-11.69815],[135.15671,-11.68588],[135.14928,-11.68735],[135.15225,-11.69999]]],[[[136.8235,-11.65916],[136.8099,-11.67438],[136.82516,-11.67651],[136.83774,-11.66524],[136.83285,-11.6572],[136.8235,-11.65916]]],[[[136.22833,-13.44277],[136.22848,-13.43907],[136.22307,-13.44024],[136.2245,-13.44165],[136.22833,-13.44277]]],[[[136.62159,-12.86885],[136.63057,-12.86482],[136.62664,-12.85438],[136.61799,-12.85823],[136.62159,-12.86885]]],[[[136.57153,-11.87019],[136.57935,-11.86895],[136.57965,-11.86537],[136.56996,-11.8652],[136.57153,-11.87019]]],[[[136.21053,-11.63564],[136.20267,-11.61358],[136.19254,-11.61407],[136.19564,-11.63054],[136.20763,-11.64107],[136.21053,-11.63564]]],[[[136.07765,-13.46869],[136.07634,-13.48485],[136.08139,-13.47273],[136.10577,-13.47181],[136.1089,-13.46529],[136.10054,-13.45475],[136.08578,-13.45243],[136.0822,-13.44382],[136.07751,-13.45013],[136.08099,-13.45976],[136.07376,-13.46626],[136.07765,-13.46869]]],[[[136.10615,-13.44669],[136.11091,-13.4451],[136.10901,-13.44105],[136.1057,-13.44246],[136.10615,-13.44669]]],[[[136.07101,-13.44647],[136.07455,-13.4452],[136.07171,-13.4412],[136.07072,-13.44208],[136.07101,-13.44647]]],[[[134.83161,-12.04725],[134.81331,-12.02445],[134.81128,-12.01908],[134.80312,-12.01424],[134.79672,-12.0209],[134.79633,-12.03079],[134.80443,-12.03892],[134.83161,-12.04725]]],[[[136.51633,-11.78668],[136.51196,-11.80563],[136.54807,-11.79231],[136.56839,-11.79269],[136.58459,-11.78669],[136.58969,-11.78232],[136.58464,-11.77519],[136.59239,-11.76381],[136.6149,-11.75332],[136.62787,-11.74083],[136.6147,-11.73857],[136.60977,-11.75167],[136.60499,-11.74557],[136.58743,-11.74442],[136.58814,-11.75093],[136.57869,-11.75499],[136.58806,-11.75749],[136.58788,-11.76459],[136.57881,-11.76611],[136.56545,-11.76049],[136.57246,-11.76539],[136.57249,-11.77048],[136.56744,-11.77105],[136.57271,-11.77824],[136.56389,-11.77623],[136.558,-11.7678],[136.55902,-11.78157],[136.54427,-11.78056],[136.5473,-11.77257],[136.53847,-11.7698],[136.53418,-11.76087],[136.53444,-11.7772],[136.51633,-11.78668]]],[[[135.99129,-11.70477],[135.99311,-11.72034],[135.99943,-11.71717],[136.01586,-11.69297],[136.02926,-11.68619],[136.03295,-11.67332],[136.05501,-11.65344],[136.04931,-11.64473],[136.03396,-11.64684],[136.02457,-11.63857],[135.96172,-11.67042],[135.95306,-11.67946],[135.94947,-11.69243],[135.95313,-11.70068],[135.98247,-11.71582],[135.99129,-11.70477]]],[[[136.05518,-11.64205],[136.06275,-11.64728],[136.06781,-11.6363],[136.06202,-11.62748],[136.05518,-11.64205]]],[[[136.68187,-11.13584],[136.69677,-11.13799],[136.68597,-11.13256],[136.68187,-11.13584]]],[[[136.72308,-11.08213],[136.72862,-11.08037],[136.727,-11.0776],[136.71612,-11.07599],[136.72308,-11.08213]]],[[[136.68496,-11.22517],[136.68728,-11.22683],[136.68524,-11.22429],[136.68496,-11.22517]]],[[[136.68182,-11.23174],[136.68303,-11.23088],[136.6817,-11.23077],[136.68182,-11.23174]]],[[[136.49872,-11.40895],[136.50128,-11.42273],[136.49547,-11.42865],[136.49737,-11.4358],[136.47401,-11.44916],[136.49323,-11.46143],[136.50255,-11.45548],[136.49812,-11.45207],[136.49918,-11.44203],[136.51662,-11.43241],[136.52525,-11.43437],[136.5224,-11.44513],[136.53455,-11.44355],[136.54162,-11.43272],[136.53813,-11.42617],[136.55595,-11.41669],[136.56267,-11.40814],[136.56239,-11.39886],[136.58881,-11.38348],[136.59491,-11.36175],[136.60032,-11.35934],[136.5995,-11.34806],[136.61604,-11.32925],[136.62736,-11.32881],[136.62338,-11.3137],[136.62894,-11.31329],[136.62901,-11.30852],[136.62311,-11.30422],[136.63411,-11.29494],[136.62602,-11.28429],[136.6329,-11.27855],[136.63661,-11.28303],[136.64567,-11.28168],[136.64888,-11.26399],[136.65567,-11.26015],[136.66284,-11.2645],[136.66994,-11.24765],[136.67756,-11.24539],[136.6844,-11.24935],[136.67477,-11.23829],[136.67405,-11.22923],[136.66705,-11.2251],[136.68295,-11.21891],[136.68422,-11.21399],[136.69526,-11.2193],[136.70938,-11.20773],[136.71156,-11.19566],[136.71985,-11.19469],[136.71512,-11.17677],[136.72255,-11.14939],[136.736,-11.13071],[136.73503,-11.11505],[136.7402,-11.09955],[136.74481,-11.09773],[136.74987,-11.08035],[136.74757,-11.07331],[136.75795,-11.0445],[136.76727,-11.03273],[136.7602,-11.01845],[136.75155,-11.03011],[136.74697,-11.02683],[136.73713,-11.0341],[136.746,-11.04816],[136.7377,-11.04738],[136.73602,-11.05103],[136.72603,-11.04013],[136.71331,-11.05474],[136.73439,-11.06183],[136.73739,-11.07799],[136.72598,-11.09852],[136.71402,-11.09221],[136.70024,-11.09305],[136.70436,-11.10122],[136.71499,-11.09779],[136.71449,-11.10567],[136.72219,-11.1099],[136.71635,-11.12503],[136.70346,-11.11783],[136.70317,-11.12266],[136.69424,-11.11896],[136.70692,-11.12637],[136.70117,-11.13926],[136.70463,-11.14857],[136.69668,-11.15214],[136.70346,-11.15384],[136.70585,-11.17015],[136.69743,-11.17584],[136.68698,-11.19364],[136.6719,-11.19742],[136.66166,-11.1845],[136.65246,-11.18976],[136.64422,-11.20987],[136.62958,-11.21305],[136.62613,-11.20628],[136.62059,-11.23772],[136.61328,-11.24628],[136.6069,-11.24528],[136.59965,-11.2661],[136.5833,-11.28181],[136.58757,-11.287],[136.57684,-11.31661],[136.58122,-11.32397],[136.57747,-11.33143],[136.56622,-11.33533],[136.56853,-11.34312],[136.56222,-11.34831],[136.55643,-11.34342],[136.5498,-11.34735],[136.55392,-11.35731],[136.5448,-11.36728],[136.53384,-11.36545],[136.53203,-11.3751],[136.5179,-11.38419],[136.51575,-11.3931],[136.49825,-11.39154],[136.49487,-11.40766],[136.49982,-11.40823],[136.50314,-11.41138],[136.49872,-11.40895]]],[[[136.73834,-11.0074],[136.74716,-11.0207],[136.75422,-11.0185],[136.76271,-11.00574],[136.75703,-11.001],[136.75341,-11.01052],[136.73834,-11.0074]]],[[[136.72412,-11.071],[136.72917,-11.0707],[136.73097,-11.06875],[136.72546,-11.06666],[136.72412,-11.071]]],[[[136.14155,-13.52378],[136.14032,-13.53307],[136.13289,-13.53472],[136.12672,-13.54343],[136.13669,-13.54967],[136.13527,-13.55728],[136.14081,-13.56463],[136.14183,-13.55975],[136.14612,-13.56254],[136.15048,-13.55879],[136.14609,-13.54454],[136.14953,-13.52477],[136.15582,-13.51884],[136.16604,-13.52362],[136.16809,-13.51015],[136.15591,-13.4916],[136.1511,-13.49542],[136.14688,-13.49225],[136.14174,-13.4709],[136.14993,-13.46809],[136.15079,-13.47497],[136.16508,-13.48543],[136.16945,-13.48004],[136.16746,-13.47186],[136.17569,-13.46552],[136.18383,-13.46456],[136.19329,-13.47294],[136.19932,-13.47008],[136.2052,-13.45189],[136.19879,-13.45446],[136.17721,-13.43823],[136.17531,-13.43146],[136.18077,-13.42677],[136.16249,-13.41873],[136.15226,-13.4013],[136.15065,-13.3853],[136.14079,-13.38671],[136.13569,-13.37572],[136.11909,-13.36739],[136.11534,-13.35786],[136.10682,-13.3618],[136.09218,-13.35802],[136.08999,-13.36567],[136.11033,-13.36559],[136.1266,-13.37463],[136.12645,-13.38991],[136.13273,-13.3933],[136.13373,-13.4061],[136.14143,-13.41909],[136.12996,-13.42886],[136.12796,-13.43932],[136.13577,-13.45247],[136.12134,-13.48259],[136.1319,-13.48765],[136.12781,-13.50333],[136.14004,-13.49796],[136.14879,-13.50606],[136.15042,-13.51278],[136.14155,-13.52378]]],[[[136.09686,-13.3026],[136.09245,-13.29666],[136.07766,-13.2977],[136.08156,-13.31277],[136.09152,-13.32161],[136.09686,-13.3026]]],[[[135.97671,-13.34368],[135.96849,-13.32369],[135.9619,-13.32122],[135.96203,-13.32995],[135.97671,-13.34368]]],[[[136.37321,-13.31933],[136.38157,-13.31705],[136.38314,-13.3133],[136.36958,-13.31321],[136.37321,-13.31933]]],[[[136.05307,-13.33419],[136.05397,-13.33712],[136.05528,-13.33414],[136.05307,-13.33419]]],[[[136.9077,-12.2569],[136.91058,-12.25955],[136.91382,-12.25805],[136.9077,-12.2569]]],[[[135.94121,-11.74141],[135.94112,-11.76619],[135.95869,-11.76208],[135.96752,-11.7545],[135.96892,-11.74581],[135.97706,-11.74258],[135.97718,-11.73281],[135.95345,-11.733],[135.95261,-11.74283],[135.94121,-11.74141]]],[[[136.07363,-11.77099],[136.08079,-11.77237],[136.09189,-11.75362],[136.10328,-11.74901],[136.10099,-11.74181],[136.09315,-11.74883],[136.07647,-11.7527],[136.07992,-11.76028],[136.07363,-11.77099]]],[[[136.04456,-12.30244],[136.05094,-12.31071],[136.05595,-12.29209],[136.06548,-12.28939],[136.07057,-12.27657],[136.06326,-12.28343],[136.04758,-12.28561],[136.04456,-12.30244]]],[[[136.0196,-12.48118],[136.02455,-12.47471],[136.0243,-12.46841],[136.02111,-12.47141],[136.0196,-12.48118]]],[[[136.72419,-12.88484],[136.73078,-12.88647],[136.72931,-12.88192],[136.72419,-12.88484]]],[[[136.17358,-12.36853],[136.16785,-12.37273],[136.17469,-12.37135],[136.17358,-12.36853]]],[[[136.47031,-11.84137],[136.47481,-11.85892],[136.46627,-11.85896],[136.46021,-11.86697],[136.47095,-11.87765],[136.46445,-11.87779],[136.46003,-11.88644],[136.46329,-11.88935],[136.4594,-11.89111],[136.46884,-11.89697],[136.46382,-11.90448],[136.47823,-11.89942],[136.48586,-11.88624],[136.47882,-11.84723],[136.50008,-11.81794],[136.49138,-11.81679],[136.49762,-11.8103],[136.49764,-11.79425],[136.49065,-11.80313],[136.47736,-11.80108],[136.4807,-11.81712],[136.47606,-11.82566],[136.46858,-11.82841],[136.46436,-11.84194],[136.47031,-11.84137]]],[[[136.41832,-11.87396],[136.40875,-11.85464],[136.40398,-11.85814],[136.40958,-11.86364],[136.41025,-11.87872],[136.4045,-11.87446],[136.39609,-11.87814],[136.39826,-11.89012],[136.37899,-11.90329],[136.36687,-11.9041],[136.38352,-11.90733],[136.40212,-11.9035],[136.40563,-11.9006],[136.40105,-11.89775],[136.40882,-11.89361],[136.43122,-11.89424],[136.43285,-11.8804],[136.42644,-11.866],[136.4229,-11.87432],[136.41832,-11.87396]]],[[[135.94624,-11.90497],[135.95745,-11.8983],[135.96223,-11.87995],[135.97086,-11.87727],[135.98043,-11.85742],[135.99219,-11.85083],[135.98293,-11.84841],[135.96642,-11.86686],[135.94169,-11.88023],[135.94816,-11.89106],[135.94624,-11.90497]]],[[[136.45821,-11.89708],[136.43415,-11.91918],[136.43801,-11.92073],[136.45397,-11.91772],[136.45864,-11.91292],[136.45821,-11.89708]]],[[[135.56041,-12.03642],[135.55381,-12.04913],[135.56437,-12.05698],[135.5666,-12.07168],[135.58117,-12.05544],[135.59198,-12.05638],[135.59477,-12.04411],[135.60594,-12.03302],[135.62417,-12.02967],[135.63659,-12.0183],[135.70259,-12.00328],[135.73588,-12.002],[135.74264,-11.97523],[135.75872,-11.97101],[135.77642,-11.97628],[135.79781,-11.96424],[135.8282,-11.92926],[135.83956,-11.90308],[135.85816,-11.87866],[135.90083,-11.85248],[135.90822,-11.82397],[135.92101,-11.81037],[135.93839,-11.80445],[135.92834,-11.77557],[135.91024,-11.76879],[135.90719,-11.75785],[135.88992,-11.76289],[135.87574,-11.75664],[135.86503,-11.76785],[135.86613,-11.78379],[135.87397,-11.79147],[135.88593,-11.79236],[135.8893,-11.80384],[135.88322,-11.80468],[135.87086,-11.83424],[135.85163,-11.84894],[135.83518,-11.83836],[135.83195,-11.86079],[135.80389,-11.88945],[135.77651,-11.91286],[135.76071,-11.91226],[135.7577,-11.92083],[135.73361,-11.93939],[135.72231,-11.93846],[135.71519,-11.93245],[135.6995,-11.9391],[135.67733,-11.93302],[135.66551,-11.93643],[135.6701,-11.94568],[135.65615,-11.9659],[135.63099,-11.97491],[135.61467,-11.97012],[135.61904,-11.95996],[135.60621,-11.96156],[135.59401,-11.95063],[135.58087,-11.9613],[135.58821,-11.96519],[135.58827,-11.97115],[135.5829,-11.98403],[135.56437,-12.00413],[135.56041,-12.03642]]],[[[136.14026,-12.039],[136.14882,-12.05695],[136.14284,-12.06069],[136.1355,-12.06094],[136.13056,-12.05249],[136.12331,-12.05773],[136.11849,-12.05146],[136.1182,-12.06252],[136.122,-12.06115],[136.12821,-12.06802],[136.12818,-12.07447],[136.1606,-12.0661],[136.1773,-12.07726],[136.19367,-12.07713],[136.20048,-12.06962],[136.19697,-12.06139],[136.21033,-12.05579],[136.21927,-12.05782],[136.24131,-12.04383],[136.27665,-12.03537],[136.28749,-12.0216],[136.30863,-12.01269],[136.31728,-11.99276],[136.31195,-11.98573],[136.3039,-11.99391],[136.31356,-11.97423],[136.27831,-11.97705],[136.28005,-11.98261],[136.27323,-11.98743],[136.27569,-11.99236],[136.27056,-12.00334],[136.26424,-12.00934],[136.26085,-12.0049],[136.25585,-12.00682],[136.25571,-12.01263],[136.23659,-12.02519],[136.22393,-12.02682],[136.21796,-12.03628],[136.19877,-12.02085],[136.20765,-12.00812],[136.20286,-11.99621],[136.19931,-12.00599],[136.18937,-12.00126],[136.19405,-12.0117],[136.18685,-12.01819],[136.19268,-12.02809],[136.18482,-12.03024],[136.17097,-12.01381],[136.17182,-12.03165],[136.15621,-12.04138],[136.14638,-12.03838],[136.146,-12.02769],[136.13326,-12.02574],[136.13085,-12.04039],[136.14026,-12.039]]],[[[134.91753,-12.11463],[134.92916,-12.09146],[134.90993,-12.0684],[134.88071,-12.06322],[134.85426,-12.04238],[134.84709,-12.04536],[134.85546,-12.06273],[134.86588,-12.07076],[134.86377,-12.10985],[134.86949,-12.11824],[134.86895,-12.12697],[134.90152,-12.14023],[134.91277,-12.13183],[134.91641,-12.12347],[134.91152,-12.12151],[134.91989,-12.11707],[134.91753,-12.11463]]],[[[134.90944,-12.03345],[134.93353,-12.04631],[134.94092,-12.06281],[134.9585,-12.06613],[134.96301,-12.05229],[134.99065,-12.0366],[134.97031,-12.02961],[134.95482,-12.01555],[134.90956,-12.02341],[134.90944,-12.03345]]],[[[135.05568,-11.95396],[135.0802,-11.94891],[135.09045,-11.94017],[135.10908,-11.94055],[135.12213,-11.92703],[135.08235,-11.91521],[135.06648,-11.9219],[135.05568,-11.9188],[135.04614,-11.93931],[135.05568,-11.95396]]],[[[136.79605,-12.10575],[136.79944,-12.13229],[136.81444,-12.14143],[136.82783,-12.13505],[136.82173,-12.12066],[136.82371,-12.07254],[136.79698,-12.08844],[136.80118,-12.09666],[136.79605,-12.10575]]],[[[136.14944,-12.17464],[136.13883,-12.16958],[136.12878,-12.17814],[136.12075,-12.16836],[136.11709,-12.17754],[136.10535,-12.18117],[136.10441,-12.19072],[136.11205,-12.19986],[136.15058,-12.19547],[136.1558,-12.19013],[136.15038,-12.18619],[136.14944,-12.17464]]],[[[134.84998,-12.01274],[134.83542,-12.00877],[134.82721,-12.02115],[134.82907,-12.02907],[134.85062,-12.03896],[134.86298,-12.03137],[134.86479,-12.02214],[134.84844,-12.00961],[134.84998,-12.01274]]],[[[136.02593,-12.10384],[136.02933,-12.16003],[136.03266,-12.13561],[136.04079,-12.12874],[136.03675,-12.10684],[136.04693,-12.10295],[136.03521,-12.09328],[136.02593,-12.10384]]],[[[134.99152,-12.09569],[135.00217,-12.09337],[135.00061,-12.07834],[134.99422,-12.07101],[134.97795,-12.06628],[134.9762,-12.07068],[134.99152,-12.09569]]],[[[134.94289,-12.07144],[134.95055,-12.09346],[134.95717,-12.0958],[134.95949,-12.08495],[134.95453,-12.07382],[134.94289,-12.07144]]],[[[136.69628,-12.20962],[136.70469,-12.21456],[136.69572,-12.22431],[136.70141,-12.23113],[136.70991,-12.22481],[136.71146,-12.2107],[136.70917,-12.20314],[136.69628,-12.20962]]],[[[134.91885,-12.06004],[134.92525,-12.06515],[134.93077,-12.06715],[134.9267,-12.05417],[134.92002,-12.05271],[134.91885,-12.06004]]],[[[136.3227,-11.96176],[136.33553,-11.96083],[136.33271,-11.94539],[136.32776,-11.94872],[136.33275,-11.95548],[136.32328,-11.95764],[136.3227,-11.96176]]],[[[136.02427,-12.19146],[136.02605,-12.16661],[136.02076,-12.19636],[136.02427,-12.19146]]],[[[136.32319,-11.97125],[136.3167,-11.96233],[136.31478,-11.96326],[136.31867,-11.97182],[136.32319,-11.97125]]],[[[136.1589,-12.18095],[136.15751,-12.17721],[136.1531,-12.17826],[136.15465,-12.18048],[136.1589,-12.18095]]],[[[136.0991,-12.06748],[136.09679,-12.07069],[136.09682,-12.07558],[136.0991,-12.06748]]],[[[136.31662,-11.98295],[136.32126,-11.98244],[136.3203,-11.97913],[136.31662,-11.98295]]],[[[136.01772,-12.20928],[136.01429,-12.21825],[136.01467,-12.21933],[136.01772,-12.20928]]],[[[135.50632,-12.0182],[135.50678,-12.02386],[135.50746,-12.0234],[135.50632,-12.0182]]],[[[135.51536,-12.06055],[135.5168,-12.05751],[135.51823,-12.05626],[135.51547,-12.05654],[135.51536,-12.06055]]],[[[136.70007,-12.23809],[136.69432,-12.24159],[136.69443,-12.24193],[136.70007,-12.23809]]],[[[136.67247,-12.18239],[136.67458,-12.18346],[136.67279,-12.1818],[136.67247,-12.18239]]],[[[136.86777,-12.09058],[136.86925,-12.0891],[136.86858,-12.08879],[136.86777,-12.09058]]],[[[136.74936,-12.16213],[136.7514,-12.16206],[136.75211,-12.16069],[136.74936,-12.16213]]],[[[136.67364,-12.24312],[136.67502,-12.24324],[136.67376,-12.2429],[136.67364,-12.24312]]],[[[136.67549,-12.23759],[136.67549,-12.23669],[136.6748,-12.23714],[136.67549,-12.23759]]],[[[136.314,-11.59281],[136.32027,-11.60493],[136.30094,-11.60025],[136.29683,-11.60515],[136.29204,-11.6018],[136.28792,-11.60595],[136.28377,-11.6013],[136.28076,-11.60489],[136.28002,-11.58342],[136.27432,-11.58025],[136.26986,-11.58823],[136.26634,-11.58016],[136.26908,-11.57402],[136.26444,-11.57226],[136.25158,-11.58614],[136.25095,-11.59331],[136.2392,-11.60052],[136.24602,-11.61053],[136.24341,-11.6196],[136.23209,-11.62317],[136.2231,-11.61838],[136.22341,-11.6236],[136.23258,-11.62793],[136.23247,-11.63337],[136.22763,-11.63507],[136.23076,-11.6458],[136.22281,-11.64139],[136.21282,-11.64534],[136.20951,-11.64155],[136.20731,-11.65691],[136.19219,-11.64645],[136.17507,-11.64668],[136.17003,-11.64079],[136.1662,-11.6445],[136.16594,-11.64959],[136.1713,-11.65087],[136.16758,-11.65681],[136.18032,-11.67791],[136.16756,-11.68149],[136.1637,-11.67798],[136.15914,-11.69335],[136.17032,-11.69482],[136.1812,-11.68887],[136.19165,-11.67656],[136.20047,-11.67425],[136.20383,-11.66539],[136.21444,-11.67424],[136.21308,-11.66661],[136.21692,-11.66517],[136.21332,-11.65905],[136.22397,-11.65266],[136.23114,-11.6561],[136.23064,-11.66837],[136.24277,-11.66186],[136.26314,-11.66286],[136.27312,-11.62966],[136.26766,-11.62676],[136.26345,-11.6322],[136.25659,-11.63177],[136.27251,-11.61595],[136.27932,-11.62421],[136.28397,-11.62001],[136.29032,-11.62189],[136.29651,-11.64171],[136.31693,-11.61764],[136.32936,-11.61753],[136.33258,-11.62338],[136.33855,-11.6169],[136.33734,-11.60664],[136.35582,-11.59435],[136.36482,-11.59936],[136.37663,-11.58677],[136.377,-11.58232],[136.36946,-11.581],[136.37113,-11.57318],[136.36777,-11.57167],[136.37225,-11.56645],[136.36836,-11.55773],[136.36078,-11.55012],[136.35869,-11.56],[136.34506,-11.56451],[136.34838,-11.57752],[136.33815,-11.57996],[136.3421,-11.59024],[136.32749,-11.58234],[136.32266,-11.58714],[136.30911,-11.57075],[136.3037,-11.57844],[136.29546,-11.57987],[136.297,-11.59289],[136.314,-11.59281]]],[[[136.37273,-11.56417],[136.38905,-11.56116],[136.39223,-11.55599],[136.40521,-11.55609],[136.40555,-11.54839],[136.41411,-11.54342],[136.42981,-11.54734],[136.42563,-11.53756],[136.4503,-11.53216],[136.45151,-11.51973],[136.45801,-11.52133],[136.46674,-11.50761],[136.46124,-11.4994],[136.47261,-11.48442],[136.47357,-11.46711],[136.45589,-11.47432],[136.44676,-11.48591],[136.44994,-11.49312],[136.43918,-11.49625],[136.42996,-11.49087],[136.43127,-11.49862],[136.42221,-11.51272],[136.40292,-11.52768],[136.40152,-11.52199],[136.3857,-11.52542],[136.3871,-11.53155],[136.38086,-11.53798],[136.38283,-11.546],[136.37352,-11.54583],[136.36659,-11.53425],[136.36293,-11.54083],[136.36618,-11.54077],[136.37273,-11.56417]]]]}},{"type":"Feature","properties":{"SA2 Code":"702041064","SA2 Name":"Nhulunbuy","SA3 Name":"East Arnhem","Area sq km":7.65,"State":"Northern Territory","Map Location":"Nhulunbuy, Northern Territory, Australia"},"geometry":{"type":"Polygon","coordinates":[[[136.7685,-12.16444],[136.7685,-12.18815],[136.76236,-12.18936],[136.7688,-12.20115],[136.77283,-12.19452],[136.79623,-12.18818],[136.78982,-12.18487],[136.77877,-12.16144],[136.7685,-12.16444]]]}},{"type":"Feature","properties":{"SA2 Code":"702051065","SA2 Name":"Elsey","SA3 Name":"Katherine","Area sq km":92949.73,"State":"Northern Territory","Map Location":"Elsey, Northern Territory, Australia"},"geometry":{"type":"Polygon","coordinates":[[[132.48105,-13.80854],[132.0214,-13.80847],[132.0214,-14.03391],[131.94591,-14.0339],[131.98804,-14.08221],[131.98821,-14.1104],[131.99788,-14.13688],[132.01933,-14.17156],[132.03539,-14.18568],[132.04158,-14.23196],[132.06481,-14.2593],[132.07553,-14.28896],[132.09496,-14.30377],[132.13555,-14.34791],[132.16836,-14.35237],[132.18679,-14.37297],[132.21953,-14.39632],[132.2796,-14.37124],[132.33697,-14.38157],[132.38507,-14.36088],[132.38514,-14.37441],[132.40494,-14.37493],[132.41507,-14.36558],[132.41738,-14.35608],[132.41665,-14.3476],[132.4063,-14.34284],[132.40532,-14.3302],[132.44135,-14.35305],[132.44574,-14.36142],[132.43232,-14.4084],[132.45743,-14.43673],[132.46809,-14.44115],[132.46852,-14.43659],[132.4812,-14.43307],[132.49377,-14.44685],[132.49378,-14.41525],[132.5847,-14.41524],[132.58503,-14.503],[132.68847,-14.503],[132.6885,-14.68097],[132.67267,-14.67511],[132.66691,-14.65928],[132.63629,-14.64667],[132.60497,-14.69641],[132.60496,-15.11433],[132.0919,-15.11435],[132.08966,-16.06595],[132.52031,-16.07545],[132.52288,-16.58329],[132.73737,-16.58321],[132.73735,-16.79272],[132.96376,-16.79272],[132.96289,-16.86561],[133.21156,-16.86555],[133.21156,-17.07565],[133.25938,-17.07565],[133.25937,-17.09018],[133.28175,-17.09359],[133.28928,-17.1227],[133.58829,-17.12243],[133.58829,-16.86634],[134.4426,-16.86647],[134.44261,-16.64778],[134.32418,-16.64766],[134.3242,-15.41632],[133.85996,-15.4162],[133.86019,-14.89245],[133.89892,-14.90136],[133.91768,-14.89769],[133.93408,-14.90661],[133.95174,-14.90572],[133.98651,-14.89104],[134.00382,-14.87803],[133.99481,-14.87855],[133.99483,-14.85103],[134.01523,-14.84102],[134.01514,-14.86515],[134.00884,-14.87177],[134.0126,-14.88933],[134.00961,-14.92058],[134.01891,-14.92048],[134.01804,-14.93604],[134.01271,-14.93652],[134.01694,-14.96827],[134.01425,-14.97805],[134.5278,-14.97802],[134.52792,-14.81886],[134.40383,-14.81888],[134.40383,-14.69319],[134.37522,-14.68574],[134.36177,-14.65576],[134.37141,-14.64661],[134.36085,-14.6309],[134.3683,-14.61902],[134.36074,-14.61439],[134.35715,-14.59832],[134.34517,-14.58654],[134.32606,-14.58249],[134.30099,-14.59954],[134.28619,-14.6027],[134.28609,-14.28914],[134.66817,-14.28714],[134.67026,-14.00028],[135.0,-14.0],[135.0,-13.00162],[134.97133,-12.99031],[134.94333,-13.00566],[134.93296,-13.00084],[134.91271,-13.02517],[134.90971,-13.04625],[134.88727,-13.0799],[134.85682,-13.09897],[134.84168,-13.13556],[132.99899,-13.12778],[132.99881,-13.40411],[132.42113,-13.40213],[132.42112,-13.42759],[132.40765,-13.4306],[132.40765,-13.43968],[132.42112,-13.44454],[132.42101,-13.53108],[132.48116,-13.53112],[132.48105,-13.80854]]]}},{"type":"Feature","properties":{"SA2 Code":"702051066","SA2 Name":"Gulf","SA3 Name":"Katherine","Area sq km":92278.24,"State":"Northern Territory","Map Location":"Gulf, Northern Territory, Australia"},"geometry":{"type":"MultiPolygon","coordinates":[[[[134.3242,-15.41632],[134.32418,-16.64766],[134.84788,-16.64765],[134.84788,-16.50223],[135.07553,-16.50222],[135.07538,-17.12151],[135.58463,-17.12073],[135.58461,-16.95369],[135.77639,-16.95374],[135.77639,-16.79304],[135.94022,-16.91899],[135.88097,-16.9537],[135.88099,-17.26568],[136.06076,-17.26568],[136.06164,-17.45472],[136.82631,-17.45471],[136.82632,-17.49985],[137.59204,-17.49983],[137.59205,-17.61138],[137.99525,-17.61137],[137.99465,-16.53831],[137.95642,-16.50793],[137.94055,-16.48789],[137.93681,-16.49029],[137.94011,-16.48541],[137.93672,-16.48179],[137.86202,-16.42271],[137.8298,-16.37178],[137.78985,-16.326],[137.76885,-16.28572],[137.74941,-16.26497],[137.74089,-16.26177],[137.73955,-16.24754],[137.73072,-16.23304],[137.7194,-16.22972],[137.72638,-16.23585],[137.71589,-16.22903],[137.68062,-16.22232],[137.62113,-16.19426],[137.62928,-16.20028],[137.62379,-16.20048],[137.60492,-16.18639],[137.57377,-16.17482],[137.53431,-16.16423],[137.55694,-16.17429],[137.53799,-16.17487],[137.50731,-16.16476],[137.49849,-16.16802],[137.45408,-16.14654],[137.42572,-16.13926],[137.40919,-16.14432],[137.38839,-16.12662],[137.35692,-16.11563],[137.37578,-16.12541],[137.38029,-16.13211],[137.3838,-16.1319],[137.38134,-16.13702],[137.37355,-16.12642],[137.3726,-16.13335],[137.35434,-16.115],[137.32101,-16.09932],[137.30057,-16.08021],[137.29492,-16.08112],[137.30151,-16.07897],[137.30895,-16.08512],[137.27392,-16.04592],[137.26727,-16.02735],[137.25441,-16.01235],[137.20408,-15.99934],[137.15793,-15.96946],[137.08358,-15.94416],[137.05393,-15.92112],[137.0481,-15.92225],[137.00353,-15.8731],[136.99793,-15.86949],[137.00586,-15.87932],[136.99933,-15.87513],[136.99874,-15.88067],[136.98731,-15.87513],[136.98778,-15.86564],[136.97787,-15.85987],[136.98277,-15.85694],[136.97799,-15.85095],[136.96631,-15.86156],[136.97039,-15.87489],[136.95568,-15.87397],[136.94586,-15.88184],[136.93946,-15.88017],[136.91271,-15.89968],[136.91876,-15.91708],[136.94968,-15.93122],[136.95325,-15.93833],[136.94431,-15.93291],[136.93885,-15.9383],[136.93065,-15.93324],[136.90462,-15.93649],[136.90813,-15.92847],[136.89692,-15.92902],[136.89295,-15.92484],[136.89085,-15.93071],[136.88877,-15.93229],[136.88782,-15.92235],[136.87171,-15.92358],[136.86647,-15.91364],[136.84937,-15.91626],[136.85701,-15.91193],[136.85632,-15.90753],[136.83519,-15.90829],[136.82295,-15.89924],[136.79586,-15.90451],[136.79578,-15.9118],[136.78605,-15.9028],[136.76074,-15.91627],[136.77321,-15.90639],[136.77533,-15.89454],[136.77149,-15.88945],[136.7295,-15.9324],[136.70638,-15.93123],[136.6908,-15.90341],[136.69853,-15.8901],[136.70998,-15.88606],[136.7057,-15.88091],[136.71466,-15.87726],[136.71377,-15.85681],[136.70818,-15.85003],[136.70153,-15.85069],[136.70388,-15.84177],[136.69316,-15.83577],[136.69283,-15.82707],[136.67457,-15.81449],[136.67864,-15.80524],[136.6705,-15.79415],[136.64472,-15.79161],[136.65839,-15.78159],[136.64541,-15.77897],[136.64803,-15.77231],[136.64279,-15.76913],[136.68267,-15.77792],[136.68912,-15.75941],[136.71392,-15.72637],[136.72413,-15.69635],[136.70454,-15.69676],[136.69687,-15.68353],[136.68183,-15.68462],[136.6793,-15.66779],[136.67161,-15.66393],[136.66493,-15.67849],[136.64407,-15.67245],[136.63072,-15.69772],[136.62101,-15.70617],[136.60654,-15.70941],[136.58492,-15.72505],[136.57595,-15.72277],[136.55937,-15.72758],[136.56843,-15.74184],[136.55546,-15.7504],[136.5584,-15.74215],[136.54091,-15.73916],[136.54759,-15.7289],[136.53389,-15.73195],[136.53685,-15.73012],[136.51194,-15.71299],[136.46891,-15.66644],[136.4346,-15.64657],[136.41207,-15.62616],[136.39132,-15.62709],[136.36627,-15.61313],[136.35603,-15.61637],[136.34132,-15.61341],[136.33379,-15.60306],[136.33644,-15.61137],[136.32644,-15.60198],[136.31638,-15.6147],[136.31994,-15.62394],[136.31749,-15.62599],[136.31451,-15.61426],[136.32076,-15.60169],[136.31726,-15.58961],[136.29029,-15.57236],[136.27041,-15.53578],[136.26317,-15.49673],[136.25376,-15.4838],[136.24154,-15.44862],[136.23971,-15.41609],[136.20712,-15.40114],[136.20975,-15.39288],[136.16467,-15.39234],[136.12969,-15.36429],[136.07157,-15.33917],[136.05364,-15.32592],[136.04979,-15.31679],[136.04515,-15.31908],[136.04302,-15.31412],[135.98153,-15.28699],[135.96667,-15.27245],[135.92517,-15.24921],[135.8996,-15.2158],[135.86279,-15.18274],[135.79971,-15.15078],[135.74897,-15.11651],[135.7386,-15.11338],[135.72414,-15.11629],[135.71681,-15.10363],[135.70388,-15.09667],[135.70187,-15.08752],[135.68729,-15.07684],[135.6744,-15.07514],[135.66711,-15.06018],[135.65592,-15.05174],[135.63973,-15.04444],[135.61231,-15.052],[135.57995,-15.04531],[135.57563,-15.03787],[135.54755,-15.02009],[135.53626,-15.01447],[135.54073,-15.01924],[135.53098,-15.01719],[135.50291,-14.98843],[135.47558,-14.97385],[135.48802,-14.98436],[135.48826,-14.98719],[135.47046,-14.97023],[135.43114,-14.91071],[135.43304,-14.90136],[135.41549,-14.8706],[135.41094,-14.87314],[135.41282,-14.85081],[135.39378,-14.80863],[135.39379,-14.77188],[135.38208,-14.72574],[135.39334,-14.71919],[135.4053,-14.7366],[135.41634,-14.73503],[135.43469,-14.71377],[135.44154,-14.70157],[135.44048,-14.69414],[135.44769,-14.69343],[135.465,-14.67579],[135.48486,-14.66709],[135.49949,-14.67579],[135.50436,-14.66573],[135.51458,-14.6646],[135.51911,-14.65329],[135.53467,-14.65781],[135.54105,-14.65272],[135.53954,-14.64255],[135.52744,-14.64095],[135.51841,-14.62548],[135.53661,-14.56114],[135.55518,-14.53626],[135.56678,-14.5375],[135.56387,-14.52224],[135.5684,-14.515],[135.58951,-14.50515],[135.58656,-14.48472],[135.5889,-14.48815],[135.60017,-14.46818],[135.59865,-14.45687],[135.61961,-14.42311],[135.6281,-14.42757],[135.63099,-14.41954],[135.6383,-14.4227],[135.65628,-14.4184],[135.66684,-14.42755],[135.67032,-14.42438],[135.67251,-14.41466],[135.66774,-14.39917],[135.71256,-14.33491],[135.71336,-14.32372],[135.73014,-14.29668],[135.70253,-14.27137],[135.70682,-14.27318],[135.70647,-14.26945],[135.72288,-14.28473],[135.74709,-14.27871],[135.79403,-14.22607],[135.79115,-14.23152],[135.81582,-14.22897],[135.848,-14.20134],[135.88145,-14.18128],[135.89303,-14.18137],[135.89827,-14.1938],[135.90359,-14.19052],[135.89488,-14.1773],[135.87877,-14.16683],[135.885,-14.16047],[135.89487,-14.10743],[135.89394,-14.1037],[135.89012,-14.10755],[135.89114,-14.09432],[135.90524,-14.07462],[135.91317,-14.0425],[135.91496,-14.00857],[135.90882,-13.99856],[135.90974,-13.99044],[135.94104,-13.95375],[135.95575,-13.9493],[135.95626,-13.93959],[135.96991,-13.91367],[135.98908,-13.89613],[135.99367,-13.87695],[135.99168,-13.85785],[136.01574,-13.82835],[136.00642,-13.7916],[136.01342,-13.7774],[136.01349,-13.76282],[136.01995,-13.75277],[136.03517,-13.74676],[136.03789,-13.73209],[136.03426,-13.71648],[136.05539,-13.69466],[136.05487,-13.68065],[136.06913,-13.66986],[136.07559,-13.67277],[136.08306,-13.65546],[136.076,-13.65746],[136.05142,-13.64478],[136.04007,-13.65607],[136.02591,-13.65206],[136.03161,-13.66055],[136.02948,-13.67263],[136.0336,-13.68248],[136.02004,-13.69134],[136.01242,-13.68849],[136.00905,-13.70745],[135.99568,-13.71402],[135.98829,-13.70996],[135.98825,-13.71747],[135.97817,-13.73162],[135.95624,-13.74336],[135.9145,-13.74724],[135.88935,-13.72827],[135.87939,-13.71204],[135.87783,-13.7004],[135.88911,-13.68803],[135.90637,-13.67829],[135.91872,-13.68185],[135.92164,-13.67598],[135.9074,-13.65818],[135.8929,-13.66946],[135.88063,-13.66909],[135.87123,-13.65665],[135.86517,-13.62227],[135.84304,-13.61298],[135.84126,-13.59719],[135.83529,-13.59083],[135.84123,-13.58148],[135.83694,-13.57711],[135.83974,-13.56636],[135.86928,-13.56174],[135.86505,-13.53144],[135.85505,-13.51998],[135.86234,-13.49449],[135.85767,-13.48226],[135.8637,-13.47687],[135.85758,-13.45537],[135.85973,-13.44024],[135.87261,-13.4289],[135.89433,-13.42517],[135.89946,-13.43897],[135.91271,-13.44401],[135.91955,-13.46246],[135.93125,-13.46682],[135.93573,-13.45824],[135.92734,-13.45018],[135.92946,-13.4424],[135.94531,-13.43501],[135.95183,-13.44815],[135.96108,-13.44559],[135.97298,-13.40233],[135.96517,-13.41048],[135.92646,-13.41775],[135.91909,-13.40444],[135.92564,-13.39628],[135.92096,-13.38245],[135.50114,-13.56525],[135.50215,-14.32258],[135.0,-14.0],[134.67026,-14.00028],[134.66817,-14.28714],[134.28609,-14.28914],[134.28619,-14.6027],[134.30099,-14.59954],[134.32606,-14.58249],[134.34517,-14.58654],[134.35715,-14.59832],[134.36074,-14.61439],[134.3683,-14.61902],[134.36085,-14.6309],[134.37141,-14.64661],[134.36177,-14.65576],[134.37522,-14.68574],[134.40383,-14.69319],[134.40383,-14.81888],[134.52792,-14.81886],[134.5278,-14.97802],[134.01425,-14.97805],[134.01694,-14.96827],[134.01271,-14.93652],[134.01804,-14.93604],[134.01891,-14.92048],[134.00961,-14.92058],[134.0126,-14.88933],[134.00884,-14.87177],[134.01514,-14.86515],[134.01523,-14.84102],[133.99483,-14.85103],[133.99481,-14.87855],[134.00382,-14.87803],[133.98651,-14.89104],[133.95174,-14.90572],[133.93408,-14.90661],[133.91768,-14.89769],[133.89892,-14.90136],[133.86019,-14.89245],[133.85996,-15.4162],[134.3242,-15.41632]]],[[[136.95579,-15.50391],[136.95545,-15.49928],[136.9495,-15.50288],[136.94985,-15.50345],[136.95579,-15.50391]]],[[[136.91771,-15.4963],[136.92132,-15.49574],[136.91911,-15.49246],[136.91771,-15.4963]]],[[[135.78032,-15.10148],[135.78729,-15.09783],[135.79063,-15.09127],[135.78111,-15.09447],[135.78032,-15.10148]]],[[[135.68958,-14.90615],[135.69818,-14.90501],[135.70796,-14.91292],[135.73211,-14.8922],[135.73886,-14.89887],[135.75315,-14.89591],[135.76409,-14.90178],[135.76816,-14.8752],[135.75932,-14.84766],[135.7475,-14.83656],[135.72588,-14.83477],[135.71591,-14.85095],[135.70952,-14.85197],[135.71057,-14.85706],[135.721,-14.86044],[135.71689,-14.88217],[135.70967,-14.88262],[135.69004,-14.89891],[135.68958,-14.90615]]],[[[135.60146,-14.50425],[135.61203,-14.51826],[135.63,-14.4936],[135.62489,-14.48841],[135.60308,-14.49034],[135.60146,-14.50425]]],[[[135.73512,-14.28799],[135.72979,-14.28899],[135.72805,-14.29125],[135.73292,-14.29509],[135.73512,-14.28799]]],[[[135.86821,-14.43638],[135.87562,-14.4297],[135.87574,-14.42823],[135.86821,-14.43638]]],[[[135.8795,-14.42308],[135.88118,-14.42155],[135.88215,-14.4177],[135.8795,-14.42308]]],[[[135.83622,-14.22646],[135.839,-14.22702],[135.83645,-14.22612],[135.83622,-14.22646]]],[[[135.61041,-14.53432],[135.61169,-14.53579],[135.61123,-14.53375],[135.61041,-14.53432]]],[[[135.87724,-14.42562],[135.87851,-14.42483],[135.87816,-14.42404],[135.87724,-14.42562]]],[[[137.07448,-15.85473],[137.06736,-15.858],[137.06888,-15.86625],[137.07448,-15.85473]]],[[[137.10583,-15.74713],[137.10273,-15.75047],[137.10675,-15.75104],[137.10583,-15.74713]]],[[[137.07968,-15.65159],[137.08248,-15.64843],[137.07898,-15.65103],[137.07968,-15.65159]]],[[[137.07549,-15.63781],[137.07933,-15.63736],[137.07712,-15.63386],[137.07549,-15.63781]]],[[[137.10243,-15.73516],[137.104,-15.73669],[137.10354,-15.73499],[137.10243,-15.73516]]],[[[137.10115,-15.73289],[137.10266,-15.73346],[137.10214,-15.73204],[137.10115,-15.73289]]],[[[135.50068,-14.68377],[135.50459,-14.68268],[135.49984,-14.68144],[135.50068,-14.68377]]],[[[136.94613,-15.73314],[136.95394,-15.74004],[136.95569,-15.73665],[136.9494,-15.72998],[136.94766,-15.71767],[136.95431,-15.71023],[136.96037,-15.71181],[136.96385,-15.73056],[136.97837,-15.71242],[136.98282,-15.72357],[136.97457,-15.73757],[136.98075,-15.74051],[136.96967,-15.74909],[136.98238,-15.74955],[136.97875,-15.76197],[136.98377,-15.75813],[136.98937,-15.76062],[136.98737,-15.77293],[136.99565,-15.78649],[136.99262,-15.79213],[137.01628,-15.80558],[137.03449,-15.79712],[137.04404,-15.81723],[137.03984,-15.83552],[137.05488,-15.84117],[137.06084,-15.83847],[137.07495,-15.84615],[137.07286,-15.8344],[137.08371,-15.82673],[137.08849,-15.81566],[137.09771,-15.81205],[137.10623,-15.774],[137.07848,-15.76067],[137.08035,-15.74972],[137.0758,-15.75051],[137.07343,-15.74585],[137.08303,-15.74791],[137.07778,-15.74328],[137.08164,-15.71539],[137.08549,-15.71291],[137.07757,-15.68377],[137.08119,-15.66435],[137.07606,-15.66164],[137.08166,-15.65577],[137.07303,-15.64944],[137.0631,-15.6527],[137.05987,-15.64131],[137.06768,-15.63126],[137.06512,-15.62685],[137.05836,-15.62832],[137.06068,-15.63498],[137.0545,-15.6404],[137.03201,-15.63395],[137.0298,-15.62017],[137.02282,-15.61091],[137.02737,-15.6056],[137.00885,-15.58673],[137.00395,-15.59237],[136.99918,-15.58526],[136.99137,-15.58446],[136.99672,-15.59937],[136.9945,-15.60513],[137.00102,-15.61213],[136.99996,-15.62286],[136.98585,-15.63414],[136.97676,-15.63447],[136.98117,-15.65616],[136.98758,-15.66102],[136.99551,-15.65899],[136.99072,-15.67288],[136.98395,-15.67446],[136.98419,-15.667],[136.96939,-15.66112],[136.97115,-15.6452],[136.96102,-15.6401],[136.94934,-15.65828],[136.93629,-15.66041],[136.94747,-15.66335],[136.94117,-15.67227],[136.94792,-15.676],[136.94,-15.68424],[136.91901,-15.68196],[136.92612,-15.68885],[136.93883,-15.68898],[136.93952,-15.69474],[136.93404,-15.69733],[136.93858,-15.70118],[136.9345,-15.70366],[136.94009,-15.7092],[136.93623,-15.71439],[136.94008,-15.71992],[136.92923,-15.72545],[136.94264,-15.72625],[136.94146,-15.7398],[136.94613,-15.73314]]],[[[136.61733,-15.55537],[136.61199,-15.54644],[136.61573,-15.54181],[136.61042,-15.52384],[136.57865,-15.51088],[136.57292,-15.51459],[136.57383,-15.5225],[136.56682,-15.53061],[136.54222,-15.53461],[136.52533,-15.53095],[136.52566,-15.5384],[136.51107,-15.54457],[136.51047,-15.55044],[136.51827,-15.55397],[136.52208,-15.56302],[136.52006,-15.57623],[136.50451,-15.5921],[136.5117,-15.60521],[136.51339,-15.62263],[136.49475,-15.64355],[136.50548,-15.64349],[136.51388,-15.65279],[136.52285,-15.6544],[136.53918,-15.65377],[136.55089,-15.63987],[136.57032,-15.64934],[136.58969,-15.64532],[136.59429,-15.62602],[136.60502,-15.62379],[136.59897,-15.62005],[136.60481,-15.6152],[136.599,-15.61067],[136.59651,-15.5813],[136.60189,-15.57679],[136.60484,-15.56088],[136.61172,-15.56163],[136.61733,-15.55537]]],[[[136.75035,-15.64669],[136.73905,-15.6443],[136.73461,-15.64768],[136.741,-15.67287],[136.73455,-15.67762],[136.73684,-15.69716],[136.72972,-15.7002],[136.73578,-15.70518],[136.74592,-15.70486],[136.75127,-15.71277],[136.74901,-15.71864],[136.73856,-15.71241],[136.73714,-15.72449],[136.72814,-15.73566],[136.72834,-15.75136],[136.73846,-15.76267],[136.74619,-15.74992],[136.76486,-15.74261],[136.77652,-15.74635],[136.79148,-15.72865],[136.80444,-15.72381],[136.80422,-15.71354],[136.79688,-15.71081],[136.79817,-15.70336],[136.78546,-15.7065],[136.77952,-15.7013],[136.78782,-15.68674],[136.80428,-15.68525],[136.8025,-15.69783],[136.81381,-15.70034],[136.8242,-15.68827],[136.83715,-15.68727],[136.83167,-15.68591],[136.83343,-15.6797],[136.82807,-15.67687],[136.83239,-15.67304],[136.82669,-15.66749],[136.82914,-15.66298],[136.80758,-15.65527],[136.79466,-15.64497],[136.7802,-15.64822],[136.76564,-15.6404],[136.75035,-15.64669]]],[[[136.87189,-15.61041],[136.88436,-15.60693],[136.88683,-15.59406],[136.8909,-15.5996],[136.89568,-15.59859],[136.90489,-15.59013],[136.89069,-15.57961],[136.88165,-15.54109],[136.87374,-15.53204],[136.88027,-15.52663],[136.88378,-15.51206],[136.88065,-15.50562],[136.87236,-15.51736],[136.86688,-15.51599],[136.86725,-15.50752],[136.8585,-15.52129],[136.86303,-15.52604],[136.86046,-15.5327],[136.84157,-15.54238],[136.84494,-15.54916],[136.842,-15.56294],[136.85259,-15.56984],[136.85584,-15.58182],[136.83321,-15.59748],[136.83133,-15.60493],[136.84112,-15.60393],[136.8431,-15.61026],[136.82956,-15.61792],[136.84262,-15.61737],[136.8517,-15.62473],[136.84703,-15.63037],[136.83736,-15.62855],[136.84549,-15.64719],[136.87628,-15.63301],[136.88083,-15.63674],[136.87758,-15.62217],[136.88191,-15.61348],[136.87783,-15.61178],[136.87537,-15.61719],[136.86198,-15.60735],[136.86998,-15.60292],[136.87189,-15.61041]]],[[[136.83722,-15.56677],[136.82789,-15.5706],[136.83571,-15.56361],[136.83397,-15.55547],[136.82604,-15.56054],[136.80752,-15.55814],[136.80506,-15.56288],[136.79306,-15.56003],[136.77357,-15.57863],[136.7816,-15.58238],[136.79584,-15.57303],[136.80328,-15.58298],[136.83568,-15.58484],[136.84058,-15.58021],[136.83722,-15.56677]]],[[[136.7904,-15.61413],[136.8023,-15.60861],[136.80649,-15.61122],[136.8191,-15.60322],[136.81316,-15.5961],[136.78939,-15.59109],[136.77724,-15.608],[136.79006,-15.60882],[136.7904,-15.61413]]],[[[136.6468,-15.6065],[136.67395,-15.61221],[136.68131,-15.60534],[136.66839,-15.59672],[136.67271,-15.59289],[136.66946,-15.59051],[136.66653,-15.59514],[136.65476,-15.59364],[136.6468,-15.6065]]],[[[136.81513,-15.74585],[136.82085,-15.74225],[136.81772,-15.73061],[136.82962,-15.73074],[136.81878,-15.72384],[136.79965,-15.72832],[136.80079,-15.74222],[136.80708,-15.74607],[136.81223,-15.73726],[136.81759,-15.7401],[136.81513,-15.74585]]],[[[136.94879,-15.75968],[136.94003,-15.76769],[136.94667,-15.77719],[136.94994,-15.77245],[136.94598,-15.76307],[136.94879,-15.75968]]],[[[136.9776,-15.59913],[136.97935,-15.6067],[136.98192,-15.59823],[136.9776,-15.59913]]],[[[136.71782,-15.76252],[136.72353,-15.76208],[136.71806,-15.75574],[136.71631,-15.75811],[136.71782,-15.76252]]],[[[136.90335,-15.61565],[136.91046,-15.61306],[136.90826,-15.60617],[136.90335,-15.61565]]],[[[136.72878,-15.6488],[136.72655,-15.6558],[136.73179,-15.65739],[136.72878,-15.6488]]],[[[136.50914,-15.52988],[136.51125,-15.5239],[136.51523,-15.51872],[136.50763,-15.52637],[136.50914,-15.52988]]],[[[136.65502,-15.58235],[136.65594,-15.58947],[136.65887,-15.58326],[136.65502,-15.58235]]],[[[136.88177,-15.71523],[136.88398,-15.71873],[136.88725,-15.71648],[136.88177,-15.71523]]],[[[136.72023,-15.61286],[136.71569,-15.60969],[136.71557,-15.61308],[136.72023,-15.61286]]],[[[136.97127,-15.64926],[136.97547,-15.64972],[136.97208,-15.647],[136.97127,-15.64926]]],[[[136.92932,-15.62697],[136.93352,-15.62878],[136.93468,-15.62777],[136.92932,-15.62697]]],[[[136.96282,-15.58635],[136.95955,-15.58466],[136.96153,-15.58872],[136.96282,-15.58635]]],[[[136.729,-15.7142],[136.73179,-15.71567],[136.73075,-15.71195],[136.729,-15.7142]]],[[[136.83182,-15.66276],[136.83497,-15.66321],[136.83083,-15.66058],[136.83182,-15.66276]]],[[[136.95798,-15.78567],[136.96031,-15.78668],[136.95914,-15.78499],[136.95798,-15.78567]]],[[[136.82801,-15.71764],[136.83116,-15.71561],[136.83069,-15.71516],[136.82801,-15.71764]]],[[[136.84894,-15.57345],[136.85056,-15.5719],[136.84879,-15.57237],[136.84894,-15.57345]]],[[[136.77242,-15.75607],[136.77406,-15.7555],[136.77289,-15.7538],[136.77242,-15.75607]]],[[[136.79798,-15.74695],[136.79962,-15.7456],[136.79799,-15.74515],[136.79798,-15.74695]]],[[[136.89718,-15.70734],[136.89951,-15.70667],[136.89858,-15.70554],[136.89718,-15.70734]]],[[[136.67703,-15.58963],[136.67785,-15.59076],[136.67855,-15.5902],[136.67703,-15.58963]]],[[[136.88398,-15.53601],[136.8848,-15.53691],[136.88515,-15.53646],[136.88398,-15.53601]]]]}},{"type":"Feature","properties":{"SA2 Code":"702051067","SA2 Name":"Katherine","SA3 Name":"Katherine","Area sq km":7416.95,"State":"Northern Territory","Map Location":"Katherine, Northern Territory, Australia"},"geometry":{"type":"Polygon","coordinates":[[[131.66059,-14.40206],[131.67698,-14.4516],[131.6705,-14.48495],[131.67398,-14.50419],[131.68932,-14.53252],[131.69906,-14.53883],[131.70766,-14.5544],[131.70738,-14.56101],[131.69492,-14.56943],[131.71385,-14.59402],[131.70124,-14.61966],[131.70635,-14.63298],[131.70475,-14.65683],[131.72836,-14.66397],[131.89166,-14.6634],[131.89165,-15.06774],[132.09249,-15.06735],[132.0919,-15.11435],[132.60496,-15.11433],[132.60497,-14.69641],[132.63629,-14.64667],[132.66691,-14.65928],[132.67267,-14.67511],[132.6885,-14.68097],[132.68847,-14.503],[132.58503,-14.503],[132.5847,-14.41524],[132.49378,-14.41525],[132.49377,-14.44685],[132.4812,-14.43307],[132.46852,-14.43659],[132.46809,-14.44115],[132.46015,-14.43828],[132.43232,-14.4084],[132.44574,-14.36142],[132.44135,-14.35305],[132.40532,-14.3302],[132.4063,-14.34284],[132.41665,-14.3476],[132.41738,-14.35608],[132.41507,-14.36558],[132.40494,-14.37493],[132.38514,-14.37441],[132.38507,-14.36088],[132.33697,-14.38157],[132.2796,-14.37124],[132.21953,-14.39632],[132.18679,-14.37297],[132.16836,-14.35237],[132.13555,-14.34791],[132.09496,-14.30377],[132.07816,-14.29263],[132.06481,-14.2593],[132.04219,-14.23339],[132.03817,-14.1986],[132.02635,-14.18577],[132.01369,-14.19657],[131.99507,-14.19741],[131.97735,-14.19034],[131.96108,-14.19418],[131.95757,-14.20145],[131.9321,-14.21643],[131.91898,-14.23934],[131.9029,-14.24262],[131.88888,-14.26063],[131.87791,-14.26462],[131.8762,-14.28664],[131.84891,-14.31106],[131.81035,-14.32244],[131.79991,-14.3442],[131.78911,-14.35505],[131.77451,-14.34976],[131.75182,-14.36164],[131.73397,-14.35816],[131.71973,-14.36133],[131.71308,-14.37061],[131.6958,-14.37957],[131.68907,-14.39015],[131.67967,-14.3888],[131.67441,-14.39963],[131.66059,-14.40206]]]}},{"type":"Feature","properties":{"SA2 Code":"702051068","SA2 Name":"Victoria River","SA3 Name":"Katherine","Area sq km":133608.84,"State":"Northern Territory","Map Location":"Victoria River, Northern Territory, Australia"},"geometry":{"type":"MultiPolygon","coordinates":[[[[129.67085,-15.14855],[129.65672,-15.13951],[129.62623,-15.13803],[129.61166,-15.15374],[129.57893,-15.15563],[129.56943,-15.17726],[129.56358,-15.17992],[129.55724,-15.17054],[129.56019,-15.15514],[129.60221,-15.12891],[129.6039,-15.10801],[129.55611,-15.04873],[129.52478,-15.02809],[129.5223,-15.00569],[129.48248,-14.94106],[129.43532,-14.92139],[129.40952,-14.91759],[129.40863,-14.92493],[129.40813,-14.91781],[129.39222,-14.90906],[129.36726,-14.90317],[129.35013,-14.87368],[129.33486,-14.87299],[129.33457,-14.86809],[129.31739,-14.85945],[129.2902,-14.85733],[129.25728,-14.86501],[129.26291,-14.85011],[129.24386,-14.8453],[129.24081,-14.85258],[129.24318,-14.84134],[129.22843,-14.83937],[129.22166,-14.8459],[129.22174,-14.8554],[129.2289,-14.86966],[129.23205,-14.89635],[129.24182,-14.91069],[129.23489,-14.9141],[129.23393,-14.92438],[129.23299,-14.95716],[129.24137,-14.98646],[129.23349,-15.00829],[129.26513,-15.0329],[129.28125,-15.02684],[129.2931,-15.04051],[129.30162,-15.03653],[129.29297,-15.04176],[129.2782,-15.02929],[129.26165,-15.0435],[129.25634,-15.06199],[129.26193,-15.03841],[129.25604,-15.03395],[129.25147,-15.05597],[129.23649,-15.06779],[129.24941,-15.09154],[129.23515,-15.10859],[129.23897,-15.11043],[129.23809,-15.12874],[129.23034,-15.13488],[129.22743,-15.13463],[129.21548,-15.15384],[129.22692,-15.16175],[129.2312,-15.17593],[129.2256,-15.17723],[129.20622,-15.15895],[129.19563,-15.1593],[129.20367,-15.14706],[129.1996,-15.14668],[129.18662,-15.17391],[129.18774,-15.18941],[129.18471,-15.18983],[129.18047,-15.18312],[129.17114,-15.19569],[129.15819,-15.1976],[129.15642,-15.18921],[129.15752,-15.18436],[129.17492,-15.16837],[129.17467,-15.14745],[129.18544,-15.14213],[129.20055,-15.12261],[129.1954,-15.10266],[129.17761,-15.08892],[129.18042,-15.0764],[129.16951,-15.05153],[129.16967,-15.03582],[129.17991,-15.02484],[129.18892,-14.98717],[129.15817,-14.96931],[129.15673,-14.9788],[129.15334,-14.98342],[129.15677,-14.96908],[129.13069,-14.94897],[129.12264,-14.95312],[129.11138,-14.97625],[129.1132,-14.98745],[129.10842,-14.98923],[129.10604,-14.97777],[129.11272,-14.93444],[129.10129,-14.91506],[129.06594,-14.89107],[129.05406,-14.89531],[129.05658,-14.90786],[129.04412,-14.90747],[129.03166,-14.8864],[129.00148,-14.87961],[129.00048,-18.68259],[130.12345,-18.68268],[130.12345,-17.94525],[130.63543,-17.94525],[130.63543,-18.32331],[130.62029,-18.32701],[130.63035,-18.34222],[130.65567,-18.34217],[130.65542,-18.32333],[131.64607,-18.32439],[131.64656,-17.81806],[132.12232,-17.81803],[132.12232,-17.59636],[132.09281,-17.59636],[132.09228,-17.30624],[132.40204,-17.30633],[132.40202,-16.58324],[132.52288,-16.58329],[132.52031,-16.07545],[132.08966,-16.06595],[132.09249,-15.06735],[131.89165,-15.06774],[131.89166,-14.6634],[130.64363,-14.66423],[130.64298,-14.8218],[130.63457,-14.81935],[130.62368,-14.83216],[130.6203,-14.82438],[130.59124,-14.83107],[130.5748,-14.82299],[130.57212,-14.82935],[130.55006,-14.84059],[130.53092,-14.82818],[130.52422,-14.84811],[130.50146,-14.85313],[130.49056,-14.83618],[130.48157,-14.83309],[130.47633,-14.83966],[130.48223,-14.84754],[130.47928,-14.85759],[130.46525,-14.86103],[130.45156,-14.87714],[130.44065,-14.87074],[130.42923,-14.85016],[130.41659,-14.84568],[130.40467,-14.85607],[130.40135,-14.87165],[130.38837,-14.87275],[130.37313,-14.8596],[130.35867,-14.86729],[130.35179,-14.87923],[130.32396,-14.87773],[130.31152,-14.88516],[130.28919,-14.8846],[130.27819,-14.8921],[130.26935,-14.88669],[130.24475,-14.88534],[130.23086,-14.86645],[130.21569,-14.8674],[130.20343,-14.84779],[130.19203,-14.83896],[130.18881,-14.8281],[130.17923,-14.82769],[130.17268,-14.81985],[130.18726,-14.81498],[130.18729,-14.80338],[130.17572,-14.79134],[130.17155,-14.79319],[130.17631,-14.80082],[130.16354,-14.81399],[130.15663,-14.81363],[130.15215,-14.80341],[130.16254,-14.79508],[130.15995,-14.78918],[130.13657,-14.78818],[130.12695,-14.79698],[130.1063,-14.79527],[130.09188,-14.78301],[130.06757,-14.80022],[130.05064,-14.79642],[130.00934,-14.80467],[129.96778,-14.8046],[129.95678,-14.79854],[129.95121,-14.78132],[129.93722,-14.77601],[129.92191,-14.78225],[129.90323,-14.77741],[129.88255,-14.79943],[129.86395,-14.80168],[129.86441,-14.81061],[129.87627,-14.80689],[129.88556,-14.8139],[129.88137,-14.82011],[129.85138,-14.82619],[129.84615,-14.82969],[129.85346,-14.84111],[129.85009,-14.84331],[129.80254,-14.85802],[129.7717,-14.84898],[129.76816,-14.84136],[129.74456,-14.85233],[129.68491,-14.84882],[129.64857,-14.83441],[129.64404,-14.83564],[129.64371,-14.84179],[129.63205,-14.84387],[129.61756,-14.82554],[129.57755,-14.7983],[129.57405,-14.80677],[129.58615,-14.83938],[129.59937,-14.85613],[129.61255,-14.86333],[129.61839,-14.87561],[129.61803,-14.88159],[129.59212,-14.89101],[129.56421,-14.84066],[129.53175,-14.80476],[129.50134,-14.78921],[129.50026,-14.80322],[129.53038,-14.84386],[129.53648,-14.86903],[129.54791,-14.87852],[129.58388,-14.94208],[129.59325,-14.96707],[129.59952,-14.97036],[129.59641,-14.95691],[129.60849,-14.94769],[129.61942,-14.94862],[129.62301,-14.95326],[129.62108,-14.99859],[129.63525,-15.03286],[129.63955,-15.03414],[129.6543,-15.0234],[129.66333,-15.0281],[129.66107,-15.03419],[129.65527,-15.03234],[129.64857,-15.04076],[129.64053,-15.04217],[129.63971,-15.07031],[129.65239,-15.09935],[129.68566,-15.13103],[129.68498,-15.14267],[129.67085,-15.14855]]],[[[129.21154,-15.1512],[129.2188,-15.14721],[129.22312,-15.13492],[129.2194,-15.13466],[129.21154,-15.1512]]],[[[129.57001,-15.16694],[129.57519,-15.1602],[129.57418,-15.15669],[129.57149,-15.1578],[129.57001,-15.16694]]],[[[129.15787,-15.19294],[129.16079,-15.19058],[129.16267,-15.18233],[129.15894,-15.1856],[129.15787,-15.19294]]],[[[129.23494,-15.11718],[129.23708,-15.11369],[129.23653,-15.1103],[129.23381,-15.11423],[129.23494,-15.11718]]],[[[129.23568,-15.12532],[129.2369,-15.11946],[129.23528,-15.11876],[129.23386,-15.12112],[129.23568,-15.12532]]],[[[129.19949,-15.15764],[129.20286,-15.15756],[129.20357,-15.15655],[129.2015,-15.15461],[129.19949,-15.15764]]],[[[129.23228,-15.12721],[129.23343,-15.12914],[129.23448,-15.12802],[129.23228,-15.12721]]],[[[129.18374,-15.18611],[129.18629,-15.1886],[129.18397,-15.1852],[129.18374,-15.18611]]],[[[129.23026,-15.13115],[129.23188,-15.13184],[129.23131,-15.13071],[129.23026,-15.13115]]]]}}]}